"K_Ring","Radius_km"
85,30.310706083307
86,30.6648816706407
87,31.019057130168
88,31.3732324604114
89,31.7274076598939
90,32.0815827271411
91,32.4357576606746
92,32.7899324590214
93,33.1441071207026
94,33.4982816442425
95,33.8524560281657
