CWNS_ID,FACILITY_ID,Permit_Number
26003043001,1088853,MI0020664
29004035001,1134057,MO0111716
21000208001,1139639,KY0023868
21009701001,1139892,KY0105856
23000103001,1142542,ME0101966
31001701001,1145981,NE0046329
31001892001,1146013,NE0129488
31002590001,1146079,NE0033111
31002670001,1146086,NE0040088
27000028001,1147921,MN0030171
27001907001,1148247,MN0021652
37000403001,1153103,NC0081825
37002002001,1153247,NC0020940
37003505001,1153358,NC0020231
37005601001,1153488,NC0031879
37006302001,1153535,NC0062855
37006708001,1153578,NC0023230
37007701002,1153629,NC0047562
30000112001,1159166,MTG580002
28000260002,1160243,MS0044164
41000040001,1164303,OR0020613
41000055002,1164318,OR0023582
41000111001,1164364,OR0020231
47000315001,1166021,TN0020982
47000415001,1166040,TN0021563
47001225001,1166183,TN0062227
22000010001,1168165,LA0032352
22003104001,1168364,LA0087742
40000123014,1172542,OK0027553
40000195001,1172579,OK0031585
06005077001,1175595,CA0078948
06005226001,1175717,CA0081485
06006009001,1175862,CA0102822
53000520001,1180805,WA0022691
53002495001,1181075,WA0044920
53002555001,1181085,WA0030589
48001131003,1182937,TX0023639
48001533001,1183098,TX0119024
48003061001,1183219,TX0024031
48003100002,1183248,TX0053678
48003125001,1183269,TX0053520
48004031002,1183352,TX0024686
48004099001,1183406,TX0024929
48004142001,1183452,TX0022357
48006011001,1183683,TX0054178
48007040002,1183859,TX0034401
48007071001,1183898,TX0021458
04001506001,1069527,AZ0022489
09001040001,1071898,CT0100412
34001253001,1073385,NJ0026867
34002391001,1073564,NJ0022675
12000005001,1078123,FL0027251
12000092002,1078223,FL0021105
12000093004,1078226,FL0041122
12000253001,1078387,FL0038555
39000072001,1080497,OH0041165
39000096001,1080520,OH0101834
39000181001,1080603,OH0102857
39000193001,1080615,OH0021377
39000207001,1080631,OH0028827
39000253001,1080670,OH0036641
39000630001,1080828,OH0049999
39000651001,1080837,OH0020621
39001134001,1080868,OH0052922
39003369004,1081111,OH0025488
39006566001,1081461,OH0021075
39007868001,1081566,OH0027472
26000009001,1088323,MI0056260
26000446001,1088507,MI0020460
26000483001,1088546,MI0024252
26003044001,1088854,MI0027669
26003062001,1088871,MI0021555
26003095001,1088893,MI0021067
26003099001,1088896,MIG580400
50000016001,1094065,VT0100153
50000063001,1094114,VT0100323
54002010001,1094900,WV0021750
54002043001,1094916,WV0020265
54005103001,1095289,WV0037397
33000162001,1101007,NH0101168
01000079001,1101910,AL0054674
01000140002,1101975,AL0055204
01000196001,1102024,AL0022209
02000117001,1104798,AK0021431
02000300001,1104817,AK0025402
05000001001,1104846,AR0040177
05000070001,1104908,AR0043761
05000110002,1104944,AR0043753
05000303001,1105130,AR0034126
05000626001,1105427,AR0036692
05000639001,1105439,AR0035611
05000715001,1105511,AR0038211
13000022003,1108975,GA0024988
13000202001,1109223,GA0025569
13000207001,1109236,GA0024660
13000574002,1109374,GA0025470
13000725001,1109551,GA0033758
13000856001,1109680,GA0023191
17000001001,1113294,IL0020877
17000154002,1113431,IL0046264
17000155001,1113432,IL0069906
17000395001,1113662,ILG580175
17000402006,1113673,IL0021971
17000415001,1113684,ILG580055
17000661001,1113930,IL0020583
17000670003,1113938,IL0053457
17001124001,1114049,IL0077577
17007505001,1114341,IL0061140
18000451001,1120188,IN0022438
18000505001,1120194,IN0020338
18000702001,1120205,IN0032476
18002080001,1120268,IN0025755
18003030001,1120281,IN0020575
18003110001,1120288,IN0021491
18003270001,1120303,IN0040967
18004174001,1120336,IN0021199
19000184001,1123607,IA0023531
19000185001,1123608,IA0021351
19000255001,1123672,IA0023507
19000415001,1123809,IA0026506
19000434001,1123828,IA0025372
19000444001,1123837,IA0058521
19000577001,1123958,IA0036927
19000754001,1124109,IA0061344
19001018001,1124297,IA0043494
16000023001,1128570,ID0026174
16000026001,1128573,ID0023825
20000169001,1130174,KS0049751
20000419001,1130240,KS0027171
20000449001,1130266,KS0045802
20000471001,1130287,KS0022543
20000995001,1130476,KS0084085
20000997001,1130478,KS0079146
20001407001,1130614,KS0025551
29002065001,1133669,MO0104019
29002212001,1133738,MO0114189
29002295001,1133769,MO0036200
29002318001,1133781,MO0115118
29003163001,1133927,MO0055328
29004068001,1134085,MO0034240
29004078001,1134094,MO0100234
29004108001,1134117,MO0118982
21000025011,1139492,KY0078956
21000116001,1139580,KY0098043
21000293001,1139709,KY0052752
23000027001,1142460,ME0100111
35000021001,1145022,NM0022250
35000029003,1145039,NM0028827
31001965001,1146017,NE0027294
27005406001,1148340,MN0020877
27005604001,1148353,MN0021997
48001121001,1227767,TX0070017
48005076001,1227882,TX0024902
48007060001,1227911,TX0074284
55000020001,1229124,WI0023159
55001270001,1229162,WI0021016
55004190001,1229229,WI0028967
55005360001,1229253,WI0022462
31000224001,1230175,NE0029149
20000862001,1230913,KS0047261
27000051001,1231487,MN0030163
27000108001,1231490,MN0024627
27001119001,1231515,MNG580180
36001017001,1232106,NY0021342
36003066001,1232113,NY0030490
36005012001,1232128,NY0020991
36006110001,1232145,NY0206997
36008088001,1232172,NY0025101
17009811001,1232771,ILG580199
19000088001,1234634,IA0047929
21000278001,1235509,KY0040703
37004405001,1236374,NC0025321
40000807001,1236902,OK0027570
22009900001,1237442,LA0041394
54004105001,1095185,WV0027740
01000299001,1102124,AL0052272
01000343001,1102157,AL0070858
01000396001,1102202,AL0050636
05000075001,1104913,AR0033812
05000161001,1104992,AR0021695
05000165001,1104996,AR0021555
05000320001,1105146,AR0020672
05000502001,1105302,AR0021571
05000647001,1105447,AR0047589
05000760001,1105548,AR0039233
13000180001,1109188,GA0046141
13000504001,1109302,GA0049247
13000589001,1109397,GA0021326
13000638002,1109451,GA0033201
17000002001,1113295,IL0020788
17000324001,1113592,IL0020737
17000336001,1113604,ILG580009
17000385001,1113651,IL0022403
17000429001,1113699,ILG580050
17001219001,1114063,ILG580187
17001403001,1114084,IL0021741
17005101001,1114199,ILG580063
17007717001,1114379,ILG580267
17009814001,1114439,ILG580016
18000001001,1120056,IN0039705
18000085001,1120109,IN0023841
18000105001,1120117,IN0022977
18000254001,1120153,IN0022969
15000001002,1123258,HI0021113
19000167001,1123590,IA0024473
19000299001,1123709,IA0046671
19000363001,1123761,IA0023485
19000378001,1123775,IA0021083
19000700001,1124066,IA0033031
19000785001,1124134,IA0036005
19000813001,1124158,IA0064726
19000873001,1124215,IA0036021
19000879001,1124219,IA0032930
16000120001,1128660,ID0020290
16000165001,1128693,ID0020214
20000464002,1130281,KS0096245
20000560001,1130341,KS0051721
20000969001,1130464,KS0024767
20001517001,1130636,KS0024759
29001066002,1133348,MO0093068
29001124001,1133404,MO0045811
29001177001,1133502,MO0041131
29002174001,1133717,MO0097608
29002332001,1133785,MO0100111
29002474001,1133861,MO0116581
29003714001,1134004,MO0135968
29004016001,1134044,MO0111597
21000172001,1139613,KY0033774
21000184001,1139623,KY0021130
21000341001,1139745,KY0027359
21000525001,1139817,KY0105422
21000701001,1139862,KY0033791
31001356001,1145940,NE0021547
27001219001,1148205,MN0021415
27005404001,1148338,MN0022322
37003306001,1153339,NC0050661
37005105001,1153467,NC0064891
37008204001,1153691,NC0025569
37009901001,1153817,NC0020338
30000086001,1159146,MT0021709
36009112001,1221461,NY0027774
48009076001,1227953,TX0092274
55000890001,1229151,WI0021423
31000035001,1230165,NE0031241
27000189001,1231498,MN0020664
27003109001,1231523,MN0024716
36004006001,1232120,NY0260479
36005014001,1232129,NY0022187
36009035001,1232183,NY0258202
29002251001,1233247,MO0022861
29002503001,1233266,MO0055280
29004160001,1233309,MO0050610
18002170001,1234189,IN0032328
21000119001,1235489,KY0022403
21000303001,1235516,KY0034126
51000171009,1235978,VA0020982
37005102001,1236375,NC0025453
46000415001,1237162,SD0021555
05000312001,1237651,AR0035769
41000183001,1238059,OR0029998
12000089002,1239612,FL0170909
39002969032,2806300,OH0123684
37001301003,2843424,NC0081621
36004159001,2844960,NY0263214
01200100015,2977503,AL0020001
18000058001,3052748,IN0057614
40000180002,3053456,OK0040461
51001400069,3107628,VA0083411
39000278006,3298050,OH0122297
06008010006,3486596,CA8000073
12000222013,3507363,FL0116009
48003033016,3514807,TX0097870
17000703003,3521617,IL0022071
37008612001,3528276,NC0020567
55000000187,3610560,WI0030520
01201200006,3543276,AL0055158
21000007001,372714,KY0096881
39000000265,3613632,OH0028690
17001030001,2893922,IL0074926
48003043003,3514976,TX0137448
13000814001,1109636,GA0039225
17001003001,1114031,IL0030554
21000400001,1139786,KY0107905
36007212001,471053,NY0262480
29002213001,485766,MO0098981
29003473002,3536796,MO0129852
21000019000,3542737,KY0034169
40000797002,429744,OK0027189
08000006001,1066814,CO0023833
08000036001,1066839,COX631017
08000074001,1066878,CO0026662
08000220001,1067012,CO0040789
04002710001,1069677,AZ0025186
34003079003,1073641,NJ0026018
34005018001,1073740,NJ0024651
34007092001,1073866,NJ0022519
12000190001,1078349,FL0172090
39000016001,1080438,OH0119041
39000035001,1080457,OH0048691
39000198001,1080620,OH0107204
39000353001,1080764,OH0138827
39000359001,1080770,OH0024872
39000386001,1080799,OH0020320
02100000002,3613241,AK0020648
39003907001,1081139,OH0025895
39004837001,1081240,OH0051144
39008135001,1081605,OH0050661
39008582001,1081646,OH0029394
26000130001,1088373,MI0021482
26000259001,1088446,MIG580130
26000490001,1088553,MIG580307
26000927001,1088651,MIG580092
26003128001,1088915,MIG580382
02100000003,3613242,AKG003052
25000063001,1092364,MA0101478
50000006001,1094057,VT0100641
50000032003,1094082,VT0100978
50000067001,1094118,VT0100331
54001720001,1094862,WV0081001
54002408001,1094969,WV0021865
54003011001,1095061,WV0023124
33000071001,1100961,NH0100986
01000139003,1101973,AL0027723
01000221001,1102055,AL0023922
01000285001,1102112,AL0020273
02000102003,1104786,AKG572004
05000211001,1105039,AR0021393
05000356001,1105171,AR0034614
13000623001,1109434,GA0031801
13000864002,1109689,GA0022462
02000000026,3613246,AKG572045
17000094001,1113378,IL0032191
17000245002,1113525,IL0021083
17000281001,1113556,ILG580004
17000386001,1113652,ILG582020
17000511001,1113788,ILG580059
17000660001,1113929,IL0026093
17001807001,1114111,ILG580062
48007064004,3537876,TX0057843
17005211001,1114208,IL0035904
46000559001,1179405,SDG826450
17007708001,1114372,ILG580088
17009202001,1114408,ILG580051
18000403001,1120184,IN0025801
18000807001,1120219,IN0038288
18003040001,1120282,IN0021032
19000019001,1123469,IA0030686
19000039001,1123487,IA0025887
25000390001,3081331,MA0100935
39000212001,3161588,OH0020109
05000783001,3210271,AR0047996
39002370001,3299668,OH0037117
05000674002,3505300,AR0051713
22008081001,3507240,LA0038601
29002021002,3507942,MO0104914
08201200062,3529896,CO0036927
29002214012,3536986,MO0105589
12000172009,484458,FL0117951
08000246001,1067035,COG589086
04002502001,1069621,AZ0024082
12000075001,1078202,FL0030406
39000214001,1080636,OH0045497
39000394001,1080807,OH0138924
39006770006,1081480,OH0022063
39009191002,1081723,OH0028207
26000055001,1088343,MI0022853
26000139001,1088380,MI0028312
26000413001,1088500,MI0020281
26000475001,1088536,MI0022551
26002141001,1088799,MI0020079
26002167001,1088812,MI0020451
25000057001,1092360,MA0100722
54000504001,1094735,WV0020273
54001702001,1094842,WV0025461
54002203001,1094947,WV0027693
54003103001,1095087,WV0027286
54004203001,1095208,WVG551412
01000054004,1101888,AL0020061
05000104001,1104940,AR0023833
05000545001,1105345,AR0034754
05000599001,1105399,AR0022420
05000669001,1105467,AR0039365
13000006011,1108934,GA0020575
13000016001,1108958,GA0024333
17000308001,1113574,ILG580078
17001319001,1114081,ILG580037
17005003001,1114189,ILG580204
41000013001,1164269,OR0022764
41000038001,1164301,OR0032701
41000075001,1164337,OR0020621
41000094002,1164352,OR0020079
41000117001,1164369,OR0026247
41000258001,1164470,OR0020419
47000605001,1166068,TN0021229
47000750001,1166101,TN0020095
22003087001,1168346,LA0039187
22003257001,1168481,LA0020354
22009087001,1168692,LA0040177
49000107001,1170457,UTL020303
49000188001,1170530,UT0023001
40000112001,1172521,OK0026841
40000189001,1172576,OK0027618
40000490001,1172722,OK0031186
40000686001,1172825,OK0028266
06001049001,1175215,CA0024040
06004009005,1175481,CA0054011
46000029001,1179133,SD0023281
53000982007,1180885,WA0023957
53001160001,1180911,WA0022349
48001131002,1182936,TX0023621
48003094001,1183243,TX0105015
48003239001,1183295,TX0073008
48004087001,1183396,TX0026883
48004359001,1183530,TX0026964
48005018001,1183579,TX0052779
48005047001,1183603,TX0075957
48007060002,1183883,TX0107425
48007075001,1183901,TX0032425
48007410001,1184064,TX0114880
48007880001,1184327,TX0046868
48009023001,1184482,TX0052973
42004256001,1196410,PA0028681
55001910001,1206264,WI0030937
55003270001,1206468,WI0020133
36001015015,1220272,NY0066028
36003058001,1220435,NY0022446
36003062003,1220464,NY0026522
36004009001,1220703,NY0022039
36004122001,1220802,NY0023582
55002280001,1229186,WI0021717
55005200001,1229251,WI0022250
31001161001,1230211,NE0024350
36005027001,1232130,NY0030376
29002491001,1233264,MO0048097
29003861001,1233286,MO0088676
28000055001,1233724,MS0024627
18000052001,1234171,IN0021181
19000530001,1234663,IA0067652
22001390001,1237412,LA0059951
22003063001,1237419,LA0038521
22003107001,1237424,LA0033456
30000007001,1238233,MT0020079
06003017001,1238812,CA0047996
38000315001,1239329,NDG320192
34001112004,3106586,NJ0027677
34005274003,3106601,NJ0050423
39000201006,3158121,OH0117552
39008330022,3177628,OH0112216
12000520002,3251676,FL0041670
22020120002,3535736,LA0061719
24000090032,3537456,MD0066613
21000126002,3540176,KY0078123
06002032004,442052,CA0110116
54005303011,494181,WV0043991
17002036001,505414,ILG582016
08000080001,1066884,COG588063
08000198001,1066990,CO0026701
08000224001,1067014,COG588084
08000248001,1067037,CO0048135
04000313001,1069328,AZ0025577
04002512001,1069629,AZ0025381
09001030001,1071897,CT0101249
09001130001,1071908,CT0101150
34002109004,1073529,NJ0022489
34004014001,1073702,NJ0052990
12000038003,1078152,FL0038849
12000187001,1078348,FL0027677
39000127001,1080551,OH0027260
39000175001,1080600,OH0021628
39000289001,1080703,OH0053376
39000324001,1080734,OH0135593
39000340001,1080751,OH0020737
39000616001,1080826,OH0020672
41000047001,1238046,OR0026565
26002051001,1239218,MI0021661
26003068001,1239222,MI0020575
39005855001,2806524,OH0039578
48004354016,2808380,TX0103501
48000017006,2972223,TX0074888
37009907001,3114048,NC0064726
16000010001,3165069,ID0021491
39000278005,3297993,OH0036757
36009189002,3330733,NY0203548
39008637009,3362770,OH0105481
13000753003,3364356,GA0035777
39000223003,3383496,OH0127205
05000051002,3501299,AR0046078
39000133021,3538838,OH0095273
21000019002,3540396,KY0034151
27044000143,423394,MN0040738
48007012007,1065891,TX0117501
08000107001,1066908,CO0020907
08000137001,1066936,COG588008
08000166001,1066961,CO0033405
08000226001,1067016,CO0021385
37000705001,1153124,NC0026492
37006001005,1153511,NC0024937
30000100001,1159158,MT0021440
30000106001,1159163,MT0021920
28001375001,1160524,MS0021504
41000003001,1164258,OR0020575
41000054001,1164316,OR0027561
41000246001,1164460,OR0023043
47000110001,1165979,TN0026247
47000155001,1165984,TN0062022
47000900002,1166129,TN0062545
47001055001,1166159,TN0020630
47001150001,1166176,TN0021687
22000605001,1168213,LA0040274
22001380001,1168277,LA0066621
22003010001,1168292,LA0020605
22003128001,1168396,LAG570235
22003155001,1168415,LAG540452
22007103001,1168597,LA0049671
22009017001,1168599,LA0097276
06002071001,1175331,CA0037958
06003058001,1175426,CA0047830
06005011001,1175532,CA0079081
06005025001,1175546,CA0079138
53001185001,1180916,WA0022403
48000160001,1182841,TX0055085
48001151001,1182954,TX0032719
48001243001,1183021,TX0026671
48001247001,1183024,TX0032638
48001262001,1183033,TX0112151
48003102001,1183250,TX0062162
48004065001,1183380,TX0047261
48004204001,1183459,TX0075418
48004313001,1183505,TX0092223
48005256001,1183667,TX0027928
48006154001,1183755,TX0117765
48006185001,1183767,TX0055239
48007146001,1183959,TX0020788
48007151001,1183960,TX0077941
48007596001,1184165,TX0070971
48008028003,1184373,TX0070939
48008191001,1184458,TX0052850
51000149001,1192723,VA0020761
51000206003,1192824,VA0020877
51000219004,1192838,VA0089273
51000245001,1192870,VA0071471
51000266003,1192894,VA0087955
51000308006,1192948,VA0081230
51000308006,1192948,VA0081272
51000308006,1192948,VA0081281
51000308006,1192948,VA0081299
51000308006,1192948,VA0075434
51000308006,1192948,VA0081248
51000308006,1192948,VA0081256
51000308006,1192948,VA0081264
51000308006,1192948,VA0081302
51000308006,1192948,VA0081311
51000308006,1192948,VA0088102
42000019001,1195358,PA0025976
42002025001,1195795,PA0034576
42007508001,1197255,PA0020401
55003160001,1206452,WI0024813
55004650001,1206645,WI0028304
55005065001,1206708,WI0061646
55009624001,1206898,WI0036285
24000003002,1214133,MD0062596
24000102001,1214430,MD0020435
36002001003,1220307,NY0026158
36003087001,1220509,NY0028533
36003169008,1220637,NY0100803
36004068002,1220769,NY0020877
36006050001,1220973,NY0025151
36007127001,1221111,NY0261742
36008044001,1221243,NY0021610
36008124001,1221293,NY0247197
48007156001,1183965,TX0079146
48007158001,1183967,TX0083712
48007438001,1184080,TX0033944
48008035001,1184382,TX0073946
48008050001,1184396,TX0022390
51000138001,1192716,VA0025194
51000142002,1192720,VA0020249
51000213001,1192831,VA0025020
51000266002,1192893,VA0070670
51000327001,1192975,VA0092282
42005004001,1196448,PA0025941
55001450001,1206198,WI0036765
55002500001,1206339,WI0021326
55004790001,1206661,WI0022322
55005100001,1206712,WI0060011
55009943001,1207008,WI0029386
55009946001,1207011,WI0022241
24000055001,1214322,MD0021083
24000075001,1214388,MD0021776
24000080002,1214392,MD0051632
36003020003,1220356,NY0034606
36004041001,1220743,NY0024201
36005061001,1220872,NY0251739
36006109001,1221022,NY0031194
48005052001,1227877,TX0099112
48007552001,1227929,TX0023230
55000260001,1229135,WI0060151
55001490001,1229168,WI0021784
55003810002,1229218,WI0030031
31001425002,1230221,NE0112488
31002585001,1230271,NE0024406
20000207001,1230866,KS0027120
20000461001,1230884,KS0046477
27000289001,1231505,MNG580019
27001516001,1231520,MN0020036
27005403001,1231541,MN0023001
27005616001,1231546,MN0065722
36005042001,1232131,NY0093637
36008063001,1232168,NY0028401
17005322001,1232745,IL0029203
28000955001,1233748,MS0029017
18000041001,1234168,IN0020079
18004133001,1234197,IN0023876
47001000001,1235063,TN0020800
21000289001,1235512,KY0020257
51000092001,1235967,VA0025305
51000184007,1235979,VA0025470
37001602001,1236363,NC0021831
37009303001,1236400,NC0020834
40000079001,1236858,OK0031054
24000027001,1238372,MD0020613
06005004001,1238814,CA0077950
22001460002,3065928,LA0112917
01200100028,3365031,AL0023884
29003804001,3504840,MO0109355
39000072023,3516277,OH0133591
18120000005,3524860,IN0058041
27009406001,1148484,MN0024511
38000072001,1151325,NDG321661
38000167001,1151412,NDG221971
38000198001,1151441,NDG122381
38000333001,1151569,NDG321687
37003801001,1153384,NC0025879
37006201001,1153527,NC0028916
37007801001,1153634,NC0024571
37008603001,1153723,NC0021121
37008604001,1153724,NC0026646
30000037001,1159105,MTG580033
30000142001,1159191,MT0030589
47001300001,1166195,TN0021211
47003010001,1166262,TN0074357
22000905001,1168241,LA0044652
22000915001,1168242,LA0065986
22003110001,1168368,LA0124745
22003149001,1168410,LA0020591
49000044001,1170399,UT0024503
40000172001,1172559,OK0026913
40000716001,1172838,OK0028801
06002053001,1175311,CA0037966
06004014001,1175501,CA0063274
06008022002,1175977,CA0110604
53001505001,1180968,WA0022608
48003052001,1183213,TX0026590
48005043001,1183599,TX0107719
48006056001,1183714,TX0027138
48007012001,1183781,TX0032735
48007039024,1183833,TX0063070
48007488001,1184098,TX0071978
48007723001,1184237,TX0026697
51000154002,1192725,VA0063690
51000308012,1192952,VA0081248
51000338001,1192991,VA0088048
42007500101,1197245,PA0060089
55000570001,1206088,WI0020575
55004600001,1206643,WI0060216
24000029001,1214245,MD0020265
36003007001,1220330,NY0060992
36004065002,1220765,NY0191825
36005037001,1220851,NY0020184
36007136001,1221117,NY0027081
36007136006,1221119,NY0030571
36009069001,1221384,NY0020681
42003025001,1227197,PA0020885
48001217001,1227773,TX0034461
48003140002,1227828,TX0020257
55002640001,1229194,WI0022187
31000125001,1230169,NE0027774
31000458001,1230183,NE0049158
31000545001,1230189,NE0035025
20000820001,1230911,KS0093467
20000841001,1230912,KS0047538
20001255001,1230933,KS0085219
27004401001,1231537,MN0025267
27005003001,1231538,MN0022985
27007909001,1231554,MN0020761
36009123001,1232193,NY0020419
17005904001,1232749,ILG580036
29002801005,1233267,MO0051551
29004590001,1233310,MO0125237
18003210001,1234193,IN0024830
18005251001,1234217,IN0024325
19000267001,1234650,IA0021326
47001510001,1235084,TN0055026
37000502001,1236356,NC0066028
40000648001,1236887,OK0021644
39006303001,1237829,OH0052914
26000460001,1239211,MI0020656
13000830001,1239510,GA0026221
30300245001,2819822,MT0028665
08000500056,1067193,COG650103
09000170002,1071786,CT0100374
34008357001,1073927,NJ0024716
39001022001,1080860,OH0020567
39001199006,1080876,OH0024261
39004208002,1081156,OH0036790
39004795001,1081225,OH0023515
39008072005,1081582,OH0064009
26000039001,1088334,MIG580267
26000147001,1088386,MI0020095
26000258001,1088445,MI0020851
26000359007,1088491,MIG580128
26003140001,1088927,MIG580203
25000223001,1092508,MA0100919
50000002001,1094053,VT0100005
50000051001,1094101,VT0101192
54002007001,1094898,WV0028118
54003903001,1095155,WV0021881
41000078001,1164340,OR0023396
41000089001,1164346,OR0041246
41000133001,1164381,OR0031470
41000256001,1164468,OR0020648
47000250001,1166008,TN0020656
47000450001,1166045,TN0076007
47000945001,1166138,TN0062642
47001080003,1166164,TN0078051
47008201001,1166277,TN0064149
22000175001,1168181,LA0020257
22003089001,1168350,LA0048445
22003382001,1168554,LA0054739
22009079017,1168680,LA0038989
40000065001,1172485,OK0034517
46000443001,1179310,SD0022551
53000130001,1180757,WA0023361
53000145001,1180759,WA0020249
53001285001,1180939,WA0023141
53002270001,1181051,WA0021229
48001236001,1183015,TX0022411
48003040002,1183206,TX0025071
48003133001,1183272,TX0117579
48005072001,1183621,TX0033456
48007054001,1183875,TX0032476
48007295001,1184047,TX0025046
48007688001,1184215,TX0046671
51000004005,1192582,VA0090620
51000257005,1192876,VA0066877
42003043001,1196019,PA0024431
42005145001,1196641,PA0021610
55000390001,1206074,WI0023353
55002550001,1206356,WI0049841
55002730001,1206377,WI0021482
55003480001,1206496,WI0024988
55003900001,1206562,WI0060534
55009898001,1206988,WI0028452
24000300094,1214464,MD0020559
36003051001,1220415,NY0250520
36003064001,1220470,NY0031216
36003068001,1220473,NY0024422
36003100001,1220527,NY0022748
36004049001,1220747,NY0033588
36008034001,1221230,NY0025259
36008081001,1221272,NY0023647
26000918001,1088646,MIG580083
26003161001,1088935,MIG580009
26003164001,1088938,MIG580007
26009008001,1089064,MI0055719
25000080001,1092377,MA0101591
25000128001,1092422,MA0103284
25000224001,1092509,MA0102598
50000083001,1094132,VT0100714
50000105001,1094154,VT0100285
54004104001,1095184,WV0105759
54004118002,1095197,WV0082309
54005403001,1095314,WV0032590
33000016001,1100911,NH0100595
01000016002,1101845,AL0027448
01000154001,1101989,AL0050121
01000413001,1102222,AL0023361
01000797001,1102306,AL0070254
02000105001,1104787,AK0021474
05000018002,1104886,AR0043613
05000146001,1104978,AR0043591
05000148001,1104980,AR0043290
05000662001,1105460,AR0022209
05000701001,1105497,AR0021733
13000212001,1109248,GA0020966
17000026001,1113319,IL0021211
17000330001,1113598,IL0021202
17005808001,1114261,ILG580124
17007206001,1114311,ILG580205
18000013001,1120065,IN0022306
18000406001,1120186,IN0040690
18000828001,1120223,IN0020699
18002150001,1120273,IN0023752
18003310001,1120307,IN0025232
18003400001,1120315,IN0040347
18004535001,1120374,IN0021105
18005476001,1120501,IN0020605
19000091001,1123530,IA0050628
19000140001,1123568,IA0028924
19000153001,1123578,IA0035190
19000157001,1123582,IA0070980
19000229001,1123647,IA0058661
19000276001,1123690,IA0024562
19000277001,1123691,IA0021580
19000418001,1123812,IA0024422
19000431001,1123825,IA0035998
19000435001,1123829,IA0023400
19000565001,1123947,IA0030511
19000607001,1123987,IA0028525
19000671001,1124043,IA0032352
19000702001,1124068,IA0082007
19000795002,1124143,IA0036595
19000840001,1124185,IA0033782
19000845001,1124190,IA0058581
19000863001,1124208,IA0034266
19000916001,1124253,IA0031691
19001037001,1124316,IA0033677
16000061001,1128612,ID0022845
20000157001,1130163,KS0092258
20000425001,1130246,KS0038563
20001504001,1130628,KS0027481
29001022002,1133275,MO0023051
29001073001,1133355,MO0101273
29001189012,1133524,MO0095281
29002022001,1133640,MO0094307
29003477001,1133970,MO0056057
29003709001,1133998,MO0025313
29004074001,1134090,MO0040860
29004150001,1134162,MO0023159
21000063002,1139530,KY0037991
21000090001,1139554,KY0038571
21000216001,1139647,KY0028100
21000248001,1139674,KY0020087
23000001004,1142428,ME0100846
23000030001,1142464,MEU500830
23000032001,1142466,ME0100501
23000043001,1142477,ME0101290
31000129001,1145770,NE0112984
31000605001,1145846,NE0039799
31001255001,1145927,NE0046205
31002345001,1146053,NE0024325
31002555001,1146072,NE0021211
31002630001,1146082,NE0045373
27000243001,1148099,MN0030490
27003519001,1148300,MN0024988
38000053001,1151306,NDG320818
38000172001,1151417,NDG320249
38000341001,1151577,NDG322551
19000348001,1123750,IA0021369
19000372001,1123770,IA0066761
19000395001,1123791,IA0036901
19000519001,1123909,IA0048011
19000556001,1123941,IA0071374
19000572001,1123954,IA0021997
19000723001,1124087,IA0032760
16000114001,1128654,ID0020672
20000512001,1130336,KS0021008
20000513001,1130337,KS0038971
20000901001,1130418,KS0047406
20000931001,1130443,KS0092193
20001101001,1130497,KS0082295
20001118001,1130511,KS0022811
20001209001,1130539,KS0092169
20001210001,1130540,KS0098230
20001317001,1130586,KS0099562
20001345001,1130608,KS0085642
29001076001,1133358,MO0058220
29001101001,1133380,MO0094404
29001112001,1133393,MO0104671
29001152001,1133477,MO0031585
29001158001,1133483,MO0109002
29001185001,1133508,MO0026662
29002015001,1133633,MO0021458
29002300002,1133774,MO0025275
29003859003,1134020,MO0047325
17000334001,1113602,IL0028550
17000337001,1113605,IL0020214
17000422001,1113692,IL0021041
17000529001,1113804,IL0029530
17000530001,1113805,IL0020796
17003913001,1114181,ILG580108
17005324001,1114222,ILG580198
17005414001,1114228,IL0021997
17005508001,1114237,IL0020851
22000950005,3606679,LAG540382
54000000022,3607568,WVG550884
36000000280,3606871,NY0270211
29000000125,3607573,MO0102628
29000000101,3607521,MO0031496
17000000029,3607609,IL0075507
29000000120,3607565,MO0119121
08209000010,3500161,CO0048461
08209000036,3500188,COG589060
29000000245,3607828,MO0056651
29000000271,3607859,MO0123307
29000000278,3607896,MO0099732
29004144001,3532436,MO0138002
06000000105,3607961,CA8000304
37000000013,3608376,NC0030759
35000048007,1145064,NM0029483
36000000411,3608425,NY0029149
08201200097,3531137,COG590055
08000000099,3608557,COG589140
08000217001,1067009,COG589079
48000000102,3608723,TX0027120
22009904002,3507480,LA0126152
34008073001,1073901,NJ0027821
04001903018,3535476,AZ0022250
27001706001,1148235,MNG585135
46000013001,1179119,SDG822268
48007465001,1184088,TX0101052
48000000112,3609242,TX0129119
08000157002,1066951,CO0043214
27009808001,1148582,MNG585139
27000228001,1231499,MNG585196
36001015017,1220274,NY0136964
39000000163,3609651,OH0140163
27044000207,425401,MNG585186
27000140001,1148010,MNG585131
47000000017,3609365,TN0080764
13000000563,3610294,GA0047767
48003035005,3536257,TX0132179
27007017001,1148390,MNG585227
50000000045,3609148,VT0100552
27006112001,1148372,MN0021971
36009086004,1221433,NY0023019
13000000613,3610934,GA0038563
30000000015,3608092,MTX000244
06005306001,1175758,CAL000433
22000000203,3611848,LA0079588
25000216002,3538878,MAG580016
25000216002,3538878,MAG580017
25000216001,1092501,MA0101516
25000161001,1092442,MAG580013
25000150001,1092431,MAG580004
25000171001,1092452,MAG580023
36003078001,1220494,NY0265080
25000171001,1092452,MAG580025
25000152001,1092433,MAG580014
36008125001,1232175,NY0272086
36003095002,2820980,NY0031895
13000000719,3612123,GA0000311
13000000717,3612121,GAJ040034
25000176001,1092458,MAG580030
18120000058,3526916,IN0064220
39000000211,3612146,OH0134198
48007039113,2882180,TX0025291
48007039082,1183850,TX0098191
48007039108,2884264,TX0113131
36009082005,1221412,NY0167169
08000000077,3608414,COG589018
13000000498,3609483,GA0038938
27009221001,1148468,MNG585373
08000000184,3608774,COX631049
27044000118,423744,MN0063461
13000547001,1109346,GA0025771
27001015001,1148187,MNG585188
54000000084,3610666,WV1027026
17000000098,3611192,IL0071226
13000185001,1109195,GAJ020167
48000000403,3611315,TX0136352
27000000171,3611463,MNG580216
36000000326,3606937,NY0027197
08000239001,1067028,COX634075
25000217001,1092502,MAG580028
53000000115,3611845,WA0052094
36006095002,1221012,NY0270211
01000000170,3612209,AL0072435
39000000150,3608989,OH0148997
06005032001,1175554,CAL010550
12000193001,1078351,FL0111392
55000000152,3610292,WIG012032
12000000124,3612237,FL0559351
06005082021,3489196,CA0085278
12000000123,3612212,FLL011067
53000000019,3608118,WA0991013
55000000211,3612345,WI0060968
51000006001,1192588,VA0026298
51000043003,1192634,VA0026484
51000157001,1192727,VA0065374
51000192002,1192794,VA0022241
51000242001,1192868,VA0026263
51001310004,1193019,VA0073504
51001400047,1193063,VA0067059
42005079001,1196579,PA0044679
55000360050,1206067,WI0035131
55000870001,1206120,WI0023566
55004130001,1206591,WI0021032
24000081001,1214393,MD0020532
36004101003,1220788,NY0026573
36006044001,1220969,NY0033022
36006099003,1221016,NY0034533
36008006001,1221205,NY0030546
36008050001,1221249,NY0027049
36009120001,1221475,NY0030651
48001115001,1227765,TX0104990
48003085001,1227818,TX0071030
48004208001,1227853,TX0132411
48006091001,1227903,TX0056596
48007173001,1227916,TX0058408
31000650001,1230193,NE0024236
20000205001,1230865,KS0081418
36008016001,1232163,NY0024384
36008173001,1232176,NY0161071
17000248001,1232705,IL0020893
17008505001,1232761,IL0059790
19000726001,1234678,IA0061328
47000175001,1235033,TN0062367
47000350001,1235038,TN0020478
47000915001,1235058,TN0026620
05000339001,1237656,AR0050911
30000133001,1238249,MTG580022
24000054006,1238378,MD0020648
53002205001,1238913,WA0023329
01000093001,1239399,AL0062839
50000200101,2807269,VT0101281
48004354011,2807940,TX0023931
20000756001,2919153,KS0093441
29003044002,2926823,MO0121321
29001239101,3080329,MO0116572
40000769001,3140128,OK0038032
05000057001,3501240,AR0037176
08999999910,3502142,CO0000213
54002903001,3513797,WV0037699
37005507001,3514737,NC0088722
39010331002,3518397,OH0132870
39000278003,3297949,OH0036773
08000108002,3418730,CO0021369
29003089001,3477424,MO0131539
24000030003,3501720,MD0068896
39000072022,3516276,OH0137499
01000023390,3516656,AL0070947
54000214001,3537936,WVG550964
13000999025,3539620,GA0047201
47000275002,398857,TN0078841
20000170002,437324,KS0098256
27044000602,454129,MN0066257
55002390010,484620,WI0061701
12000017027,491209,FL0032182
08000066001,1066868,CO0023086
08000155001,1066950,CO0020435
08000188001,1066981,COG589023
08000267001,1067056,COG589031
08000500018,1067163,COG588045
09000370001,1071809,CT0100161
09000470001,1071819,CT0100196
09000980001,1071890,CT0101231
09001240001,1071921,CT0100501
09001580001,1071964,CT0100684
09001630001,1071969,CT0101001
34001089001,1073314,NJ0023698
34001453001,1073488,NJ0025321
34007015001,1073854,NJ0024007
34007083001,1073865,NJ0024821
12000126008,1078273,FL0030007
39000020001,1080442,OH0126641
39000077001,1080503,OH0048241
39001702001,1080958,OH0029432
39003907003,1081141,OH0041271
39003969001,1081147,OH0041114
39003983001,1081148,OH0046752
39008001002,1081574,OH0027570
26000043001,1088336,MIG580058
26000445001,1088506,MI0023167
26000925001,1088649,MI0023973
26002015001,1088723,MI0022381
26002089001,1088761,MIG580299
26003059001,1088866,MI0020214
26003229002,1088970,MIG580321
25000151001,1092432,MA0100421
25000160001,1092441,MA0101524
25000201001,1092486,MA0100978
50000016003,1094067,VT0100307
50000027001,1094077,VT0101087
50000047001,1094097,VT0100242
50000064001,1094115,VT0100579
54000607001,1094747,WV0084450
54001711001,1094848,WV0054500
47000455501,3521917,TN0060569
18120000021,3525057,IN0045527
08201200021,3527236,CO0022969
17005507003,3531796,IL0022365
17002084001,3532316,IL0024791
22009920020,3535516,LA0068501
29002214007,3536981,MO0043362
29002214008,3536982,MO0089656
54005102001,3539356,WV0037397
08000400000,377180,COG589115
08000070001,1066872,CO0026638
08000126001,1066926,CO0021440
08000180001,1066974,CO0022853
09001160001,1071912,CT0100960
12000125002,1078271,FL0021270
39000202001,1080626,OH0026913
39001106001,1080867,OH0020532
39001435001,1080909,OH0020010
39003369005,1081112,OH0040983
39003584001,1081122,OH0134091
39004186001,1081153,OH0053155
39004595005,1081196,OH0026158
39004676001,1081218,OH0022667
39008008001,1081576,OH0027600
39008092001,1081602,OH0055093
26000331001,1088471,MI0023311
26002018001,1088726,MI0023752
26003038001,1088851,MIG580339
26003040001,1088852,MI0057088
26003172001,1088944,MIG580103
25000072001,1092371,MA0100625
50000048001,1094098,VT0100234
54002793002,1095026,WV0089851
01000013001,1101839,AL0057657
01000049005,1101881,AL0047465
01000177001,1102011,AL0057100
01000212001,1102050,AL0023302
01000260001,1102090,AL0060518
05000007001,1104865,AR0022039
05000073001,1104911,AR0049310
05000815001,1105581,AR0041327
13000012001,1108945,GA0039012
13000109003,1109112,GA0035807
13000207002,1109237,GA0025879
13000500001,1109298,GA0033251
13000575009,1109383,GA0026239
13000596001,1109404,GA0048682
13000638004,1109453,GA0033227
13000717002,1109544,GA0020150
13000779001,1109603,GA0037648
17000508001,1113785,IL0059137
17001220001,1114064,ILG580022
17005814001,1114266,ILG580208
18000114001,1120125,IN0040592
18000508001,1120197,IN0020150
18003200001,1120297,IN0021083
18003410001,1120316,IN0040291
05000311001,1105138,AR0042951
05000440001,1105230,AR0034771
05000465001,1105254,AR0048305
05000589001,1105389,AR0040517
05000708001,1105505,AR0022110
13000699001,1109523,GA0047759
13000849001,1109673,GA0038466
17000047001,1113337,IL0041491
17000144001,1113416,IL0021121
17000145001,1113419,IL0074713
17000340001,1113609,ILG580110
17000507001,1113784,IL0029564
17000537002,1113815,IL0035092
17000686001,1113951,ILG582009
17003811001,1114170,ILG580122
17005110001,1114204,IL0041131
17006501001,1114280,IL0023337
17008514001,1114392,IL0021334
17009013001,1114397,ILG580020
18002030001,1120263,IN0032573
18003080001,1120286,IN0021466
18004711001,1120401,IN0022454
18005075001,1120454,IN0060241
19000325001,1123731,IA0029033
19000383001,1123779,IA0061590
19000482001,1123872,IA0081973
19000647001,1124020,IA0032956
19000680001,1124049,IA0057827
19000768001,1124119,IA0072451
19000888001,1124228,IA0062812
19001054001,1124330,IA0071731
19001091001,1124361,IA0023591
16000081001,1128631,ID0023761
20000104001,1130116,KS0116785
20000193001,1130192,KS0043036
20000940001,1130450,KS0090581
20000983001,1130469,KS0091057
20001232001,1130560,KS0093122
20001620001,1130671,KS0082180
29001011008,1133249,MO0048305
29001024002,1133293,MO0023027
29001044001,1133325,MO0055379
29001058001,1133338,MO0040819
29001173001,1133497,MO0134732
29001215001,1133546,MO0100102
29002334001,1133787,MO0021750
29003392001,1133953,MO0052655
29003593001,1133987,MO0047341
21000156001,1139599,KY0021202
23000036001,1142470,ME0101249
23000051001,1142486,ME0100323
23000170001,1142601,MEU503374
44000008001,1144290,RI0100030
44000010001,1144292,RI0100366
44000030001,1144311,RI0100111
35000070005,1145085,NN0020621
31001450001,1145952,NE0113344
27000009002,1147902,MN0049328
27000025001,1147917,MN0030643
27000218001,1148079,MN0024856
27000338001,1148159,MN0055808
27007802001,1148433,MN0024066
27009303001,1148473,MN0023612
38000102001,1151352,NDG323302
38000135001,1151382,NDG320265
38000244001,1151484,NDG322489
38000256001,1151496,NDG320338
37000907001,1153143,NC0026671
37002603002,1153299,NC0030970
37009703001,1153798,NC0021717
45000221002,1157116,SC0021776
30000027001,1159097,MT0030732
41000252001,1164465,OR0020401
41000276001,1164483,OR0023493
47000200001,1165997,TN0064611
47000360002,1166030,TN0022985
47000925001,1166132,TN0022870
22000140002,1168178,LA0065978
22000155001,1168180,LA0020613
22000770001,1168231,LA0033308
22003035001,1168313,LA0045144
49000047001,1170402,UT0020214
49000110001,1170460,UT0025216
40000027001,1172449,OK0020257
40000123012,1172540,OK0036978
40000206001,1172588,OK0043974
06002046001,1175306,CA0038130
06004009004,1175480,CA0053716
06004009007,1175483,CA0054313
06005232001,1175720,CA0079511
17000672002,3521638,IL0029238
48001730001,3532016,TX0123633
29004035010,3535816,MO0133302
48003260001,1183302,TXR040425
13000564001,1109363,GAJ020202
13000654001,1109472,GAJ020033
48071018001,3119488,TX0098965
48001500601,3346110,TXR1502FU
48007421001,1184068,TX0025283
48006048001,1183711,TX0053937
48071221001,3149308,TX0127124
48007932001,1184343,TX0100161
48001047001,3148232,TX0092584
48071214001,3149060,TX0094706
16000123201,448614,ID0024422
48001258001,1070612,TX0119407
09000060001,1071775,CT0101061
48007926001,3149068,TX0093891
09001380001,1071941,CT0101036
34006072001,1073796,NJ0025178
12000016001,1078131,FL0026000
12000097001,1078230,FL0103268
12000173001,1078338,FL0027278
39000199001,1080621,OH0023337
39000567001,1080819,OH0021318
39000749001,1080843,OH0021121
39001253001,1080892,OH0024309
39002892001,1081048,OH0052698
39003472001,1081116,OH0053678
39004571001,1081189,OH0023779
39006244001,1081441,OH0023396
39006770003,1081479,OH0025801
26001018001,1088665,MI0042439
26003024001,1088835,MIG580356
26003034001,1088846,MIG570208
26003056001,1088863,MI0056928
25000027001,1092330,MA0101711
50000049001,1094099,VT0100251
54000209001,1094704,WV0082759
54001493001,1094823,WV0105678
54003802001,1095148,WV0024571
54005401001,1095310,WV0043991
01000094001,1101928,AL0023159
01000124001,1101955,AL0025348
01000174001,1102008,AL0032310
01000205001,1102044,AL0020192
05000274001,1105101,AR0048909
05000348001,1105163,AR0049701
05000449001,1105239,AR0039896
05000634001,1105435,AR0048011
05000749001,1105538,AR0022101
48071219001,3149289,TX0095532
48071225001,3149388,TX0097225
13000867001,1109692,GA0026263
17000017001,1113310,ILG580182
17000064001,1113352,IL0029831
17000080001,1113367,IL0026450
17000657001,1113925,IL0031861
17003513001,1114152,ILG582003
17003819001,1114176,IL0060844
17007314001,1114329,IL0070343
17007607001,1114363,IL0042153
17009001001,1114394,IL0022411
18000014001,1120066,IN0021334
18000074001,1120104,IN0020303
18000376001,1120174,IN0039837
18001691001,1120250,IN0020362
18002180001,1120274,IN0025615
18003170001,1120294,IN0024864
18004536001,1120375,IN0040321
18004854001,1120425,IN0040002
18005192001,1120468,IN0020192
19000169001,1123592,IA0056863
19000226001,1123644,IA0044130
19000619001,1123997,IA0032778
19000859001,1124204,IA0040991
19000910001,1124247,IA0032859
16000083001,1128633,ID0023604
18000000025,3606619,IN0063916
33000151001,2871456,NHG580001
29000000028,3607379,MO0123137
29000000029,3607383,MO0126179
29000000030,3607386,MO0116009
29000000032,3607389,MO0133230
17000023001,1113318,IL0036218
17000000023,3607397,IL0024724
29000000037,3607402,MO0100668
29000000046,3607411,MO0136468
29000000060,3607431,MO0131962
29000000075,3607470,MO0082171
29000000077,3607475,MO0109622
29000000079,3607478,MO0123820
29004137000,1134151,MO0136018
29000000084,3607483,MO0119369
29000000086,3607485,MO0105902
29000000088,3607487,MO0122483
38000143001,1151390,NDG326956
17000000026,3607503,IL0079073
45000000073,3607517,SC0025178
29000000099,3607519,MO0129976
29000000100,3607520,MO0122742
29000000108,3607537,MO0093882
29000000116,3607561,MO0125059
29000000118,3607563,MO0135011
29000000121,3607566,MO0130249
29000000145,3607658,MO0041467
29000000220,3607596,MO0038792
17000000028,3607598,IL0026808
29000000146,3607682,MO0123081
06008010006,3486596,CA8000409
13000000421,3607712,GA0050301
29000000153,3607714,MO0116742
29000000155,3607717,MO0116301
08000246001,1067035,COG641068
29000000235,3607814,MO0138631
29004109001,1134118,MO0129470
29000000277,3607894,MO0137693
37005004007,3607914,NC0039578
17000000032,3608003,ILG580217
06000000068,3606909,CA0037869
08201200051,3529336,CO0047651
35000000028,3607075,NM0027782
17001415001,1114092,IL0079197
06000000068,3606909,CA0037559
29000000063,3607436,MO0136298
29000000115,3607560,MO0130591
29000000070,3607443,MO0127698
17000000024,3607455,IL0071447
29000000066,3607439,MO0137111
38000042001,1151295,NDG126093
01000000105,3607488,AL0023094
29000000144,3607640,MO0124427
29000000214,3607794,MO0128279
29000000222,3607801,MO0094897
13000000426,3607967,GA0037168
34008106001,1073902,NJ0035114
13000000427,3607968,GA0038644
54000000033,3608174,WVG550871
36000000391,3608359,NY0080683
36000000282,3606873,NY0110523
36000000395,3608366,NY0221678
36000000397,3608370,NY0226971
36000000350,3607881,NY0243493
45000000078,3608404,SC0026565
08000000080,3608434,COG589122
37000000018,3608521,NC0050342
37000000018,3608521,NC0037834
08000243001,1067032,CO0000012
08192000000,462150,COG589126
01000000139,3608648,AL0024627
01000000143,3608657,AL0050831
17003715001,1114163,IL0048658
22000000196,3608746,LA0073539
48007033009,413590,TX0126543
48005014001,1227869,TX0073229
04001318001,1069457,AZ0020524
17000000062,3608775,IL0029475
06005098002,3479031,CA0082589
01000000148,3608793,AL0048585
08000000197,3608800,CO0000005
08000309001,1067092,COG589156
22003030002,3606634,LAG542029
34006012001,1073782,NJ0026182
08000020001,1066826,COG589078
08000308001,1067091,COG589120
06000000165,3609119,CAL000443
27001004001,1148183,MN0020095
37004603001,3106132,NC0088561
08000044001,1066848,CO0040258
18001053001,1234184,IN0063771
46000430001,1179303,SD0021695
37009203004,1153766,NC0088846
08209000023,3500174,COX634010
27007114001,1231549,MNG585011
27003405001,1231527,MNG585110
27000167001,1148033,MN0023442
27000312001,1148136,MNG585021
13000000492,3609368,GA0050298
46000014001,1179120,SDG820532
27003314001,1148285,MNG585194
36000000388,3608291,NY0080616
36000000295,3606892,NY0271942
46000570001,1179414,SDG860078
27000198001,1148060,MN0021466
48004261001,1227861,TX0087343
08209000100,3500252,CO0048241
27000214001,1148075,MNG585001
08000000213,3608855,CO0039624
27006403001,1231548,MN0051934
27007018001,1148391,MNG585137
27000204001,1148066,MNG585116
27000357001,1148174,MN0025143
27007407001,1148414,MNG585118
27006115001,1148374,MNG585229
27005002001,1148318,MNG585148
13000999016,3537096,GA0050304
48001112001,1182916,TX0132802
48001130001,1182933,TX0127205
48000000120,3609590,TX0027308
27001014001,1148186,MN0025682
08000148001,1066944,CO0048445
08000148001,1066944,COE027000
27001605001,1148224,MNG585363
27003401001,1148287,MNG585109
27005119001,1148329,MNG580203
27008402001,1231557,MNG585292
27003414001,1231530,MNG585020
08000000045,3607913,CO0047449
13000657001,1109475,GA0050218
27044000660,480186,MNG585299
27007405001,1148412,MNG585102
47000000018,3609366,TN0025127
47001500001,1235083,TN0078808
47000000016,3609363,TN0023078
34005299001,1073761,NJ0029467
27044000673,3501014,MN0067458
27009607001,1148567,MNG585029
27007218001,1148406,MN0031348
27003316001,1231526,MNG585190
48001684001,3150468,TX0023230
27007219001,1148407,MNG585124
48003267001,1183304,TX0063461
27007016001,1148389,MNG585326
27008901001,1148445,MNG585211
27000248001,1148103,MNG585210
27007119001,1148400,MNG585105
27009617001,1148571,MNG585078
27000187001,1148050,MN0024643
27006301004,1148376,MNG585215
27003808001,1148314,MNG585090
18000703001,1120206,IN0063983
13000000567,3610386,GA0050294
53000030001,1180743,WA0020257
27007701001,1148432,MNG585388
27000179001,1148045,MNG585187
27000234001,1148091,MNG580193
49000029001,1170386,UT0026085
17000000009,3606778,IL0070319
33000058001,1100949,NH0101390
06000000065,3606861,CA0079103
33000026001,1100924,NHG580002
06009074002,3334975,CA0107417
35000100001,1145108,NM0031011
18120000060,3531396,IN0064599
29000000034,3607391,MO0129046
29000000038,3607403,MO0049280
29000000040,3607405,MO0100374
29000000047,3607412,MO0105201
29000000050,3607415,MO0108642
29000000052,3607417,MO0103438
29000000056,3607423,MO0137600
29000000130,3607579,MO0112569
29000000254,3607842,MO0058459
29000000256,3607844,MO0096644
29000000270,3607858,MO0125105
08000000031,3607865,COG590012
29000000273,3607876,MO0125580
29000000274,3607884,MO0123722
29000000275,3607885,MO0088854
29000000276,3607893,MO0037052
29000000280,3607898,MO0132136
29002092001,1133677,MO0137634
45000000077,3608402,SC0026883
36003121001,1220565,NY0272817
36000000316,3606927,NY0258202
01000000147,3608772,AL0032387
08000282001,1067070,COX634053
08000000207,3608841,COX633006
08000117301,3419670,COG589146
48001007001,1182876,TX0098345
27003903001,1148315,MNG585056
27001404001,1148209,MN0023019
27009116001,1148453,MN0023060
27000226001,1148087,MNG585146
48000000167,3610568,TX0129861
27002013001,1148250,MNG585380
08000000085,3608499,CO0037966
27000253001,1231502,MNG585086
27002012001,1148249,MN0024651
06002042001,1175300,CA0038881
27001405001,1148210,MNG585158
27003413001,1231529,MNG585204
36004002002,1220691,NY0027758
13000000612,3610933,GA0038695
06003019001,1175386,CA0049981
13000214005,1109255,GA0039021
39000000178,3611051,OH0149977
13000999010,3534997,GA0038865
13000655001,1109473,GAIS04481
06005297001,1175754,CAL081272
27043000010,3407264,MNG580205
01000000156,3611196,AL0047929
27044000119,425281,MN0070947
17007210001,1114315,IL0023035
13000576001,1109385,GAJ020145
01000000157,3611252,AL0075621
13000575010,1109384,GA0047678
06005012001,1175534,CAL010541
13000999013,3536516,GA0050249
48001204001,1182983,TX0094145
13000000663,3611332,GA0038075
12000222014,3507364,FL0710008
17000000104,3611352,IL0059412
01000000159,3611354,AL0048151
17001401001,1114083,ILG640223
08000000183,3608768,COG589010
54000000092,3611425,WVR110604
13000000666,3611458,GAJ020040
37000000143,3611462,NC0049620
21000000011,3611465,KY0033553
13000151001,1109156,GAJ020027
13000000681,3611539,GAJ020041
27001611001,1148229,MNG585025
27001104001,1148192,MNG585151
13000000477,3608964,GA0032638
27000202001,1148064,MNG585174
27003704001,1148304,MNG585152
27003514001,1148295,MNG585371
06007010001,1175920,CAL000372
27009304001,1148474,MN0050725
17007205001,1114310,IL0075884
30000000024,3611569,MTX000122
36000000283,3606874,NY0029068
36000000285,3606876,NY0246948
01000000166,3611823,AL0080870
25000165001,1092447,MAG580005
36003178002,412206,NY0274526
30000000030,3611790,MT0022462
25000262002,1092544,MAG580020
13000000711,3611862,GA0048305
25000166001,1092448,MAG580033
39001660034,448189,OH0133914
08000106001,1066907,CO0046451
08000192001,1066985,CO0038547
08000363001,1067143,CO0048143
08000364001,1067144,CO0023078
48002089001,1067980,TX0119601
09000580001,1071833,CT0100269
09000900001,1071883,CT0101273
09001100001,1071905,CT0100455
34002100003,1073525,NJ0035301
34003314001,1073652,NJ0024872
34004058001,1073706,NJ0023809
12000014001,1078129,FL0038776
12000233001,1078375,FL0020125
39000273001,1080689,OH0020796
39000343001,1080754,OH0023957
39000344001,1080755,OH0037389
39001375001,1080905,OH0050253
39001470001,1080911,OH0021741
39001876001,1080966,OH0023493
39002093001,1080982,OH0024881
39004459001,1081180,OH0020257
39004595006,1081197,OH0044458
39006615001,1081466,OH0031119
39006804001,1081490,OH0027197
39007617001,1081543,OH0127671
39008323003,1081617,OH0027758
39008764001,1081666,OH0023507
39008869001,1081677,OH0127540
26000030001,1088329,MI0020788
26002158001,1088807,MI0055751
26003134001,1088921,MIG580215
25000012001,1092316,MA0100668
25000041001,1092344,MA0101681
50000016002,1094066,VT0100226
50000056001,1094107,VT0100277
54001002001,1094761,WV0027022
54002509001,1094992,WV0023264
54004102002,1095181,WVG551442
54005201001,1095296,WVG551290
33000020001,1100914,NH0100013
33000025001,1100921,NHG580536
08209000056,3500208,CO0040266
08209000145,3501019,COG589035
35200900303,3514116,NM0020583
18120000041,3525118,IN0060852
48000018002,3526016,TX0056154
01201200002,3539517,AL0043494
27044000660,480186,MN0023582
08000160003,1066955,CO0033791
08000500060,1067196,CO0024171
04001318001,1069457,AZ0020559
34001307001,1073412,NJ0025496
34002109002,1073527,NJ0022497
12000013001,1078128,FL0020231
12000103001,1078247,FL0026271
12000174001,1078339,FL0040771
39000126001,1080550,OH0023868
39001967001,1080973,OH0020222
26000024001,1088326,MIG580070
26002139001,1088795,MI0020320
26004006021,1089024,MI0025071
26004018001,1089039,MI0020826
54001308001,1094810,WV0024236
54002102001,1094943,WV0028088
01000034001,1101862,AL0044857
01000131002,1101964,AL0058688
05000021002,1104889,AR0033766
05000121001,1104955,AR0021792
05000132001,1104965,AR0045411
05000314001,1105140,AR0035807
05000419001,1105210,AR0046680
05000657001,1105455,AR0051021
05000753001,1105541,AR0042803
13000128001,1109130,GA0021296
13000575007,1109381,GA0023035
13000640001,1109455,GA0026085
13000647001,1109465,GA0020320
13000814001,1109636,GA0020346
17000537001,1113814,IL0030244
17000626001,1113900,IL0030457
17005302002,1114210,ILG580065
17007208001,1114313,IL0021270
53001211002,1180919,WA0022772
48000125001,1182813,TX0022586
48001235001,1183014,TX0132799
48006027001,1183699,TX0024872
48006049001,1183712,TX0076104
48006061001,1183718,TX0069086
48006157001,1183756,TX0124150
48007030001,1183810,TX0114821
48007737001,1184246,TX0026263
48007762001,1184258,TX0089621
51000075001,1192661,VA0021288
51000126001,1192705,VA0026379
51000308003,1192945,VA0081302
42000059001,1195396,PA0057819
42001044001,1195537,PA0028568
55001165001,1206157,WI0061336
55001420001,1206193,WI0030899
55003370001,1206482,WI0020893
55004930001,1206694,WI0021831
55007541001,1206798,WI0028207
55009598001,1206886,WI0026654
55009692001,1206927,WI0031500
24000038001,1214274,MD0020249
36003169007,1220636,NY0108324
36003194001,1220675,NY0022454
36006087001,1221000,NY0022110
36009149001,1221485,NY0036714
36009173001,1221488,NY0203858
48005125001,1227891,TX0079782
48008055001,1227939,TX0022900
48008058001,1227940,TX0072885
55001290001,1229164,WI0025356
55002260001,1229185,WI0024287
20000610001,1230890,KS0083399
27003807001,1231535,MNG580062
36003201001,1232119,NY0023671
36006090001,1232143,NY0028461
29004591001,1233311,MO0089010
18000602001,1234180,IN0032468
51000257001,1235986,VA0064793
40000098001,1236862,OK0027391
22003032001,1237415,LA0066893
22003061001,1237418,LAG560094
05000324001,1237654,AR0022241
54003601001,1239027,WV0024970
34001112005,3106590,NJ0027685
19001104001,3213008,IA0076848
39004102001,3308750,OH0025941
39003907007,3394630,OH0076350
08209000029,3500180,CO0041521
29002831002,3502201,MO0134821
23000034002,3518176,ME0102865
06008020003,3518636,CA8000395
18120000018,3525042,IN0063088
48001018003,3538816,TX0023701
17005414002,3539556,IL0071650
01000349001,1102161,AL0027782
05000009001,1104868,AR0022560
05000694001,1105491,AR0039781
05000765001,1105553,AR0033391
13000328002,1109286,GA0031992
13000402004,1109294,GA0048470
13000609002,1109419,GA0025682
13000678001,1109499,GA0031950
17000102001,1113385,IL0046141
17000517001,1113794,IL0022993
17000665001,1113933,IL0023329
17001108001,1114044,IL0031216
17001506001,1114099,ILG580222
17003300001,1114136,ILG580224
17005500001,1114229,IL0031020
17005602001,1114240,ILG580080
17005812001,1114264,ILG580112
17009105001,1114401,IL0025089
18000304001,1120163,IN0060682
18002120001,1120271,IN0023604
18003300001,1120306,IN0039888
18004101001,1120326,IN0020206
18005077001,1120455,IN0020524
18005232001,1120472,IN0021016
19000007001,1123456,IA0069183
19000068001,1123512,IA0058734
19000400001,1123795,IA0043150
19000492001,1123882,IA0058599
19000764001,1124117,IA0077291
19000823001,1124168,IA0032484
19000827001,1124172,IA0042757
19000940001,1124272,IA0057517
18120000020,3525056,IN0060470
18120000027,3525063,IN0063525
46000000103,3535097,SD0027758
29001237054,463153,MO0117935
08000113001,1066914,CO0021156
08000153001,1066949,CO0020788
08000258001,1067047,CO0041106
08000500048,1067185,CO0048151
04000707001,1069377,AZ0020176
04001332001,1069464,AZ0020338
04001717001,1069547,AZ0023833
09000150002,1071784,CT0101010
34004013006,1073700,NJ0020371
39000118002,1080541,OH0023850
39000546001,1080815,OH0045489
39000861001,1080847,OH0095176
39000985001,1080854,OH0038717
39003542001,1081121,OH0021539
39004263001,1081160,OH0026026
39004595001,1081192,OH0026131
39005943001,1081328,OH0022110
39006770011,1081485,OH0092045
39007479008,1081532,OH0050865
39007994001,1081572,OH0022225
39008218001,1081609,OH0052949
26000516001,1088570,MI0023680
26000700001,1088617,MI0022217
26002063001,1088745,MI0024350
26004016001,1089037,MIG580029
50000029001,1094078,VT0100129
54003910001,1095159,WV0033804
33000039001,1100935,NHG580421
01000109001,1101941,AL0023299
02000123001,1104804,AK0020036
05000145001,1104977,AR0021911
05000357001,1105172,AR0033545
13000278001,1109279,GA0032271
13000506001,1109304,GA0033596
13000555001,1109354,GA0024091
13000572001,1109371,GA0021598
13000778001,1109602,GA0021539
17000225001,1113500,IL0024945
17000312001,1113578,IL0023159
17000319001,1113584,IL0024881
17000512001,1113789,IL0027731
17000587001,1113865,IL0027723
17000617001,1113892,IL0022209
17000631001,1113905,IL0020087
17000673001,1113941,IL0020729
17001203001,1114053,IL0048607
17003017001,1114128,IL0026522
17003515001,1114154,ILG580258
17005317001,1114217,ILG580126
17005713001,1114250,IL0026336
17007104001,1114293,ILG582004
17007209001,1114314,IL0063762
17007512001,1114347,ILG580005
17007718001,1114380,IL0048259
18000005001,1120060,IN0020796
18000016001,1120069,IN0022586
18001733001,1120254,IN0040738
18004539001,1120377,IN0037001
18005153001,1120463,IN0024431
18005591001,1120505,IN0021474
19000046001,1123493,IA0029025
19000053001,1123500,IA0029041
55001591000,3507947,WI0023078
23000153001,1142587,ME0101842
31000490001,1145835,NE0029211
31000705001,1145857,NE0046141
31001891001,1146012,NE0021610
31002180001,1146039,NE0023973
27000216001,1148077,MN0025151
27005315001,1148336,MNG580083
38000157001,1151402,NDG121458
37006204001,1153530,NC0021105
37009203002,1153764,NC0048879
30000006001,1159081,MT0021211
41000018001,1164273,OR0020524
41000043001,1164305,OR0027545
41000238001,1164452,OR0023612
47000265001,1166012,TN0026506
47001010002,1166150,TN0022586
47001405001,1166211,TN0020052
22000305001,1168190,LA0039802
22001435001,1168281,LA0038059
22003192001,1168446,LAG570042
22003303001,1168505,LA0074292
22003383001,1168555,LA0122165
22009087004,1168695,LA0040185
40000034001,1172455,OK0028525
40000113001,1172523,OK0038482
40000186001,1172574,OK0027308
40000776001,1172863,OK0022659
06001020001,1175189,CA0022748
06001035001,1175201,CA0022977
06003044001,1175412,CA0048216
06005233001,1175721,CA0079529
06005240001,1175727,CA0078921
53000658001,1180826,WA0022624
53002245001,1181046,WA0044687
53002530001,1181081,WA0040762
53002595001,1181093,WA0029556
48000003003,1182786,TX0101818
48001119001,1182920,TX0047449
48003011002,1183175,TX0069841
48004216001,1183469,TX0023027
48004269002,1183493,TX0053112
48007719001,1184234,TX0046761
51000091001,1192677,VA0020451
51000100001,1192687,VA0021385
51000104001,1192690,VA0061590
51000234001,1192860,VA0067423
51000250001,1192871,VA0020362
55002345001,1206309,WI0030368
55004140001,1206592,WI0029394
55004500001,1206636,WI0022292
55004830001,1206665,WI0021318
55005150001,1206717,WI0028843
24000018003,1214194,MD0021741
24000030007,1214247,MD0060071
24000300221,1214494,MD0065439
36003095001,1220523,NY0031895
36003118001,1220558,NY0025437
36003124001,1220567,NY0034002
36003146002,1220594,NY0021521
36007110001,1221103,NY0029807
36008064001,1221262,NY0023256
36008074001,1221269,NY0022365
42001303001,1227191,PA0023558
42004277001,1227219,PA0020273
42007505001,1227250,PA0103331
48001170001,1227768,TX0123854
55003150001,1229206,WI0020362
55004300001,1229230,WI0021768
20000195001,1230864,KS0093050
13000811001,1109633,GA0023337
13000840002,1109664,GA0027162
17000028001,1113320,ILG580184
17000076001,1113365,IL0031801
17000235001,1113512,IL0048232
17000238001,1113516,IL0065145
17000269001,1113544,IL0028215
17000366001,1113634,IL0059757
17000516001,1113793,ILG580162
17000716001,1113990,IL0028380
17001408002,1114088,IL0071617
17003508001,1114148,IL0023205
17005017001,1114197,IL0022641
17007103001,1114292,IL0025135
17007510001,1114345,ILG580145
17007704001,1114368,ILG580079
17009511001,1114427,ILG580271
18000282001,1120159,IN0051098
18000352001,1120169,IN0039292
18000851001,1120225,IN0033073
18004531001,1120370,IN0020559
18004871001,1120432,IN0021229
18005134001,1120462,IN0040541
18005835001,1120518,IN0055166
19000049001,1123496,IA0028908
19000289001,1123700,IA0028495
19000368001,1123766,IA0021342
19000392001,1123788,IA0023469
19000495002,1123886,IA0060330
19000539001,1123926,IA0031836
19000557001,1123942,IA0020753
19000583001,1123964,IA0062995
19000692001,1124058,IA0032824
19000704001,1124069,IA0074802
19000857001,1124202,IA0033120
19000926001,1124261,IA0062448
19000931001,1124265,IA0032921
19001019001,1124298,IA0061352
19001074001,1124348,IA0032654
16000002001,1128547,ID0022055
16000074001,1128625,ID0020931
16000107001,1128647,ID0021776
20000138001,1130148,KS0081086
20000425003,1130248,KS0080195
20000472001,1130288,KS0099431
20000780001,1130399,KS0046051
20001014001,1130490,KS0116939
20001460001,1130626,KS0031089
29001036001,1133315,MO0026387
29001045001,1133326,MO0057908
29001069001,1133351,MO0095133
29002041001,1133652,MO0126802
29002205001,1133731,MO0115428
29002363001,1133804,MO0113034
29003592001,1133986,MO0051144
21000082001,1139546,KY0022039
21000108001,1139570,KY0031836
21000174001,1139615,KY0021474
21000340001,1139744,KY0088421
21000357001,1139756,KY0020702
44000009001,1144291,RI0100048
35000032001,1145046,NM0020311
31000068001,1145760,NE0049221
31000909001,1145879,NE0027928
31001638001,1145976,NE0025411
31003010001,1146094,NE0023981
31003011001,1146095,NE0024376
27000045001,1147936,MN0040878
27000221001,1148082,MNG580037
27000334001,1148156,MN0020940
27001218001,1148204,MN0024007
27002118001,1148258,MN0025097
38000031001,1151284,NDG220788
38000057001,1151310,NDG321474
38000158001,1151403,NDG120575
38000257001,1151497,NDG323396
38000284001,1151524,NDG120257
37000808001,1153133,NC0026751
37001802001,1153228,NC0039594
37006101001,1153522,NC0025461
37008101001,1153680,NC0020664
37009204001,1153767,NC0066516
28000315002,1160261,MS0028908
28001095001,1160445,MS0024686
41000069001,1164331,OR0020869
47000335001,1166027,TN0060747
47000515001,1166052,TN0028827
47000535001,1166055,TN0026581
47001091001,1166167,TN0064424
47001290001,1166194,TN0062031
22000885001,1168239,LA0038130
48004354018,458487,TX0126110
08000186001,1066979,CO0031232
08000235001,1067025,COG589100
34001030001,1073301,NJ0024741
12000065002,1078188,FL0021865
12000098001,1078235,FL0102679
39000100001,1080523,OH0124001
39000108001,1080530,OH0114049
39000286001,1080700,OH0022535
39002961001,1081056,OH0025330
39002969005,1081062,OH0028860
39006553001,1081459,OH0051055
39006867001,1081496,OH0022322
26000342001,1088480,MI0021245
26003077001,1088883,MI0020109
50000070002,1094122,VT0100358
54001710001,1094847,WV0020257
54002603001,1094996,WVG551434
54002603001,1094996,WV0103110
54004305001,1095224,WV0025739
33000129001,1100997,NHG580927
01000003001,1101826,AL0025828
05000022001,1104890,AR0034380
05000495001,1105280,AR0023817
05000514001,1105314,AR0033740
05000638001,1105438,AR0022225
13000080001,1109083,GA0021067
13000197001,1109215,GA0025313
13000222002,1109278,GA0030325
13000567001,1109366,GA0036820
13000626001,1109439,GA0031046
13000804001,1109626,GA0020826
17000251001,1113528,ILG580013
17000597001,1113876,IL0028622
17001501001,1114095,ILG580047
17006911001,1114288,ILG580025
17007200001,1114306,ILG580017
17007712001,1114375,IL0028304
17007813001,1114383,ILG580077
18000328001,1120166,IN0025607
18002110001,1120270,IN0025577
18004874001,1120435,IN0020478
19000050001,1123497,IA0059412
19000259001,1123676,IA0020770
19000403001,1123797,IA0020761
19000432001,1123826,IA0079910
19000511001,1123900,IA0057185
19000886001,1124226,IA0062545
16000078001,1128628,ID0022861
16000153001,1128681,ID0024988
16000185001,1128709,ID0026590
16000219001,1128740,ID0025224
20000503001,1130327,KS0027553
20001315001,1130584,KS0031143
20006846001,1130691,KS0083194
29001009001,1133239,MO0094846
29001015001,1133262,MO0032883
29001022001,1133274,MO0023043
29001066001,1133347,MO0093076
29002011001,1133629,MO0100803
29002480001,1133862,MO0055131
29003715000,1134005,MO0034819
29004052001,1134071,MO0028690
21000056001,1139524,KY0021466
21000093001,1139558,KY0026883
21000203001,1139634,KY0065897
23000011001,1142442,ME0101478
23000048001,1142483,ME0101796
23000089001,1142528,ME0101036
23000101001,1142540,ME0102334
31002185001,1146040,NE0036315
27002201001,1148259,MNG580208
27002601001,1148263,MN0022012
27005401001,1148337,MN0050873
27005702001,1148359,MN0024899
27007411001,1148417,MN0021822
27009220001,1148467,MN0022829
38000034001,1151287,ND0022918
38000046001,1151299,NDG322454
38000133001,1151380,NDG221351
38000195001,1151438,NDG323205
38000214001,1151455,NDG322071
38000253001,1151493,NDG320800
38000254001,1151494,ND0022799
37007602001,1153617,NC0026565
19000099001,1123537,IA0028185
19000281001,1123695,IA0022004
19000423001,1123817,IA0026000
19000547001,1123934,IA0041793
19000908001,1124245,IA0033472
19000942001,1124274,IA0058548
16000041001,1128587,ID0024554
20000473001,1130289,KS0092266
20000650001,1130358,KS0079197
29001024003,1133294,MO0023019
29001035001,1133314,MO0052159
29001231001,1133562,MO0028789
29002092001,1133677,OK0030236
29002182001,1133719,MO0095745
29002234001,1133745,MO0130150
29002344001,1133792,MO0102709
29003548001,1133979,MO0099163
29004005001,1134032,MO0023221
29004065001,1134084,MO0041238
29004124001,1134137,MO0022896
29004148001,1134160,MO0092525
29005000001,1134178,MO0105449
21000101001,1139565,KY0028428
21000215001,1139646,KY0027979
21000226001,1139657,KY0021229
23000009001,1142440,ME0100145
23000026001,1142459,ME0100072
23000091001,1142531,ME0101079
31002005001,1146023,NE0021687
31002535001,1146069,NE0045004
38000027001,1151280,NDG320001
38000191001,1151434,NDG123035
37002503001,1153289,NC0074837
37003601003,1153361,NC0074268
37004304001,1153424,NC0043176
37008802001,1153742,NC0021946
30000095001,1159155,MT0020125
28001090001,1160443,MS0025852
41000001001,1164255,OR0026221
41000011001,1164266,OR0026573
41000076001,1164338,OR0020834
22000460001,1168199,LA0054925
22000950003,1168246,LA0065251
22001075001,1168259,LA0020648
22003173001,1168428,LA0045730
49000040001,1170395,UT0021326
40000004001,1172419,OK0026018
40000197001,1172581,OK0032549
40000201001,1172585,OK0022802
40000528001,1172745,OK0031992
40000697001,1172828,OK0020320
40000710001,1172834,OK0020761
06001040001,1175205,CA0023574
06002074001,1175336,CA0038016
06003012001,1175381,CA0048551
06003047001,1175415,CA0047902
06004010004,1175494,CA0056227
06005081001,1175598,CA0079260
06005157001,1175675,CA0078051
53001080001,1180903,WA0020419
53002505001,1181077,WA0021199
48003019001,1183183,TX0054666
48005092001,1183642,TX0071579
48006020003,1183693,TX0072974
48007032001,1183813,TX0023949
48007186001,1183988,TX0057053
42000113001,1195447,PA0024058
20001614001,1230952,KS0038962
36008020001,1232165,NY0030741
29003157001,1233272,MO0086291
29003247001,1233273,MO0093432
19000112001,1234637,IA0043079
19000560001,1234665,IA0025381
47000500001,1235043,TN0021814
47000720001,1235049,TN0021199
51000058001,1235959,VA0023825
51000217001,1235982,VA0025542
22001215001,1237410,LAG560220
30000012001,1238234,MT0021288
01000068001,1239397,AL0061280
29003820001,2839109,MO0124869
20000412001,2918982,KS0095605
18006019001,2924743,IN0038822
29002146001,3477833,MO0133001
08209000002,3500152,CO0043745
18120000003,3524857,IN0055760
53002012044,3528216,WA0042099
48004354019,3534336,TX0127345
29002214004,3536978,MO0112275
10000020001,1066469,DE0020265
08000018001,1066824,CO0021598
08000047001,1066851,CO0020290
08000245001,1067034,COG588046
09000860001,1071878,CT0100935
34002076001,1073519,NJ0026735
12000316001,1078412,FL0026387
39000224001,1080646,OH0115444
39000291001,1080705,OH0022497
39002338001,1080996,OH0048321
39003199001,1081089,OH0023345
39007077001,1081506,OH0027278
26000073001,1088351,MI0021717
26000485001,1088548,MIG580095
26000817001,1088634,MI0028401
26002012001,1088716,MI0023655
26002106001,1088775,MIG570204
26002116001,1088781,MIG580105
26002122001,1088786,MI0023094
26003025001,1088836,MIG570151
50000088002,1094139,VT0100447
50000090002,1094141,VT0100749
54000502001,1094734,WV0022080
33000090001,1100978,NH0100854
01000064001,1101896,AL0024155
01000085005,1101920,AL0049531
01000347001,1102159,AL0049115
02000122001,1104803,AK0020010
05000291001,1105119,AR0048020
05000342001,1105159,AR0047121
05000350001,1105165,AR0049361
05000473001,1105258,AR0040355
13000163001,1109168,GA0024244
22003350001,1168537,LAG570157
49000159001,1170504,UT0020931
40000529001,1172746,OK0034011
40000554001,1172760,OK0021881
40000701001,1172830,OK0028258
06002041001,1175299,CA0037842
06002155001,1175365,CA0037711
06007022001,1175930,CA0104523
46000434001,1179305,SD0022411
53000715001,1180837,WA0024031
53000922005,1180866,WA0037290
48001009007,1182880,TX0087149
48001150001,1182953,TX0070211
48001224001,1183005,TX0079120
48001276001,1183039,TX0054038
48003058001,1183216,TX0024597
48003167001,1183282,TX0122203
48003231001,1183292,TX0053465
48005032001,1183590,TX0054721
48005068001,1183617,TX0026328
48006178005,1183762,TX0023795
48007072001,1183899,TX0021822
48007528001,1184125,TX0057185
48007535002,1184130,TX0091804
48007731001,1184241,TX0062952
48008025001,1184369,TX0022365
48008033001,1184379,TX0022772
48008052001,1184398,TX0057436
51000004003,1192581,VA0062561
51000253001,1192873,VA0026433
51000328002,1192977,VA0062189
42005041001,1196518,PA0028703
42005263001,1196760,PA0022241
42005269001,1196763,PA0022331
55001391001,1206180,WI0060381
55002340001,1206308,WI0022161
55005140001,1206716,WI0022276
55009854001,1206975,WI0031925
55009908001,1206996,WI0061387
24000065002,1214357,MD0052230
24000090009,1214405,MD0023876
24000300240,1214498,MD0067768
36003072003,1220480,NY0030678
36003105001,1220533,NY0030694
36003119003,1220561,NY0030708
36004024001,1220720,NY0023485
36004025001,1220721,NY0107565
36006162001,1221039,NY0257001
36008019001,1221213,NY0022420
36008024001,1221218,NY0028339
36008083001,1221274,NY0032999
48000005007,1227738,TX0025208
48001212003,1227771,TX0055433
48006081001,1227902,TX0068985
55003660001,1229215,WI0031020
31000196001,1230172,NE0045055
20000154001,1230858,KS0022730
20001150001,1230928,KS0096954
27001314001,1231517,MN0025895
36006112001,1232146,NY0021369
36007131001,1232157,NY0026956
17009817001,1232772,IL0027081
29002499001,1233265,MO0025216
19000674001,1234674,IA0032379
47000255001,1235036,TN0024121
47000715001,1235048,TN0054585
47007555002,1235087,TN0061701
21000189001,1235496,KY0020923
21000199001,1235501,KY0025275
51000161001,1235974,VA0063177
41000059001,1238047,OR0026263
53002620001,1238915,WA0023701
38000309001,1239328,NDG321300
42006127000,2860052,PA0027375
01200100006,2869405,AL0023647
48152036001,2870360,TX0117986
12000272001,2876320,FLA284602
37007808001,1153638,NC0026921
37009501001,1153784,NC0027286
22001015001,1168250,LA0020508
22001070001,1168258,LA0020044
22003101001,1168362,LA0038814
22003223002,1168459,LAG560117
22009051008,1168635,LA0042064
49000024001,1170381,UT0021130
49000150001,1170496,UT0024732
40000088001,1172501,OK0028169
40000096002,1172507,OK0031755
40000110005,1172515,OK0037834
40000476001,1172712,OKG580059
40000681001,1172823,OK0028177
40000773001,1172860,OK0021873
06002021001,1175279,CA0037885
06005162001,1175680,CA0079464
06008010001,1175959,CA8000409
06009041001,1176079,CA0107433
46000292001,1179245,SD0022349
53000213001,1180771,WA0023639
48003206001,1183288,TX0069043
48004280001,1183498,TX0026565
48007521001,1184120,TX0042099
48007807001,1184280,TX0071412
51000150001,1192724,VA0061646
51000183002,1192785,VA0020176
51000261001,1192887,VA0029599
51000308002,1192944,VA0081272
42001020001,1195514,PA0021709
42005033001,1196498,PA0026751
55000275001,1206059,WI0035840
55001360001,1206177,WI0026913
55004660001,1206646,WI0020338
24000048015,1214293,MD0021822
24000061001,1214336,MD0023485
24000088001,1214403,MD0022551
36003028002,1220383,NY0021601
36003148003,1220600,NY0029718
36006113001,1221024,NY0029831
36008002009,1221202,NY0036986
36008012001,1221209,NY0110434
36009084001,1221430,NY0028436
48001010001,1227758,TX0090522
55000410001,1229138,WI0023361
55004310001,1229231,WI0022608
31000069001,1230167,NE0049042
17000285002,1232708,ILG580115
17000287002,1232709,IL0029173
29004088001,1233301,MO0100731
29004138001,1233305,MO0130028
18003140001,1234192,IN0020117
37000904001,1236358,NC0021610
40000571001,1236882,OK0027120
40000717001,1236892,OK0028509
40000789002,1236899,OK0045713
05000015001,1237643,AR0022365
05000726001,1237666,AR0048836
53000860001,1238905,WA0022322
36006029001,2813202,NY0257851
12000102003,2879381,FL0025151
20001903001,2919045,KS0087157
37006408001,1153554,NC0020061
37007601001,1153616,NC0026123
28000165001,1160219,MS0024651
41000022005,1164282,OR0028118
41000060001,1164322,OR0028843
41000270001,1164479,OR0020346
41000284001,1164490,OR0020028
47000320001,1166023,TN0021644
22000545001,1168206,LA0032328
22000700002,1168222,LA0036382
22003131003,1168402,LA0046477
49000076001,1170429,UT0021296
49000158001,1170503,UT0020311
40000013004,1172432,OK0037893
40000185001,1172573,OKG580038
40000343001,1172631,OKG580017
06001055001,1175221,CA0023027
06002125001,1175358,CA0038369
06004010001,1175491,CA0109991
53001920001,1181014,WA0050474
48000016001,1182798,TX0108146
48003051001,1183212,TX0053376
48007090001,1183913,TX0026450
48007838001,1184297,TX0075680
48008034001,1184381,TX0027774
48009024001,1184483,TX0021075
51000162001,1192732,VA0024996
51000308001,1192943,VA0081256
42001278001,1195730,PA0031135
55000002001,1205996,WI0029700
55000500001,1206080,WI0022691
55001020001,1206143,WI0023639
55001210001,1206160,WI0022217
55001250001,1206164,WI0023698
55002680001,1206369,WI0020532
55003290001,1206471,WI0021202
55004090001,1206585,WI0020109
55007902001,1206811,WI0024686
55009712001,1206932,WI0060224
55009945001,1207010,WI0031607
24000054012,1214320,MD0060933
24000071017,1214380,MD0062308
24000086002,1214398,MD0020630
36005016001,1220831,NY0023132
36006025001,1220955,NY0031232
36009086005,1221434,NY0033995
48005013001,1227868,TX0072770
31000455001,1230181,NE0046337
19000162001,1234644,IA0035947
19000892001,1234689,IA0032433
37009001001,1236397,NC0024333
53000515001,1238899,WA0052205
39000318501,2806140,OH0048097
39000335501,2806141,OH0135208
39008330012,2806729,OH0097993
12000102002,2846882,FL0173371
36003005002,2960026,NY0214531
39008330010,3177330,OH0092550
39000194005,3376875,OH0133451
13000535001,1109333,GA0038857
17000019001,1113312,ILG580109
17000177001,1113454,IL0021806
17000320001,1113586,ILG580098
17000328001,1113596,ILG580252
17000343001,1113612,IL0030783
17000346001,1113615,IL0023451
17001911001,1114118,ILG580197
17003821001,1114177,ILG580216
17005612001,1114242,ILG580183
17005811001,1114263,ILG580206
17007504001,1114340,IL0025364
17007515001,1114351,IL0049654
17009412001,1114419,ILG580241
17009935001,1114460,IL0022446
18000155001,1120135,IN0023400
18000450001,1120187,IN0022284
18001817001,1120258,IN0040797
18004253001,1120345,IN0021121
18004393001,1120359,IN0023761
19000031001,1123480,IA0031208
19000043001,1123490,IA0070998
19000121001,1123553,IA0056685
19000192001,1123614,IA0076431
19000262001,1123678,IA0022306
19000483001,1123873,IA0071897
19000490001,1123880,IA0023566
19000606001,1123986,IA0043664
19000803001,1124151,IA0061743
19001048001,1124326,IA0035424
19001088001,1124358,IA0059200
16000021001,1128568,ID0023710
16000079001,1128629,ID0020788
16000152001,1128680,ID0020044
16000176001,1128701,ID0020141
20000168001,1130173,KS0089176
20000221001,1130208,KS0093297
20000603001,1130344,KS0027529
20000790001,1130401,KS0093203
20001127001,1130517,KS0100013
29001020002,1133270,MO0047023
29001181000,1133504,MO0098281
29002297001,1133771,MO0022845
29003044001,1133900,MO0100706
29004137001,1134152,MO0049239
21000106001,1139569,KY0021211
21000362001,1139760,KY0024988
23000012001,1142443,ME0100561
23000020001,1142451,ME0101214
23000057004,1142495,ME0102547
23000072001,1142509,ME0100684
31000245001,1145798,NE0114944
31000315001,1145806,NE0121321
31001631001,1145971,NE0027936
31003006001,1146091,NE0112283
27000323001,1148146,MN0020869
27007106001,1148396,MN0020699
27009117001,1148454,MN0021423
27009226001,1148471,MN0024708
38000136001,1151383,NDG323701
38000258001,1151498,NDG322217
38000345001,1151581,ND0020320
38000357001,1151593,NDG322136
37002302001,1153253,NC0065242
37006001002,1153508,NC0024970
37007813001,1153641,NC0069612
41000050111,1164311,OR0028282
41000143001,1164387,OR0020362
47000625001,1166070,TN0025437
22000130001,1168176,LA0046515
22003129001,1168397,LAG560012
22003417001,1168581,LAG560150
49000327001,1170650,UT0025569
40000073001,1172490,OK0038407
40000671001,1172817,OK0025470
40000775001,1172862,OK0022870
06009004001,1176034,CA0108031
53000955001,1180875,WA0044806
25000018001,2975904,MA0101923
42001080002,3026768,PA0020915
24000071100,3063156,MD0064530
40000123300,3144053,OK0038385
19001103001,3210908,IA0076031
36008195001,3358272,NY0245623
09001300003,3364970,CT0101133
17002061001,3520136,IL0026590
18120000012,3525036,IN0058611
08201200009,3526656,CO0020699
48001221002,3536096,TX0132829
21000382005,3541437,KY0024724
08000227001,1067017,COG589061
09000770001,1071866,CT0100293
34001305002,1073409,NJ0024911
34005103001,1073745,NJ0021601
12000107001,1078254,FL0027511
12000193003,1078352,FL0025984
12000226001,1078372,FL0027669
39000280001,1080695,OH0020206
39000285001,1080699,OH0058181
39000292001,1080706,OH0020362
39000327001,1080737,OH0020397
39000347001,1080757,OH0139050
39002275001,1080993,OH0021342
39003323001,1081099,OH0102245
39006657001,1081468,OH0027049
39008330003,1081620,OH0043401
39009198001,1081724,OH0028215
26000315001,1088464,MI0023027
26000432001,1088502,MI0020931
26000453001,1088510,MI0056332
26000465001,1088527,MI0022845
26002111001,1088778,MI0022837
26003030001,1088842,MI0057638
50000031001,1094079,VT0100137
54001801001,1094871,WV0021989
01000010001,1101837,AL0023329
01000143001,1101978,AL0020915
48002020001,3516976,TX0125598
54004007001,3516980,WV0024694
18120000039,3525116,IN0062642
30300297001,3525416,MTX000147
39004205002,3529456,OH0036803
08201200058,3529656,CO0021067
54000218001,3537959,WVG551369
21000019003,3540436,KY0034801
39007030003,385394,OH0078883
39006635001,387222,OH0121371
55000367002,400481,WI0063053
55000009001,1206003,WI0058904
55000000149,3610289,WI0049794
30000000041,3612341,MT0020460
13000000703,3611744,GA0000302
02000112002,3612979,AK0021458
46000052001,1179155,SDG822161
48002010001,1183113,TXR15856W
24000000026,3613168,MD0065927
46000459001,1237173,SDG822471
17002006001,3485914,IL0030562
47000770001,1166108,TN0080021
02010000001,3613225,AKG572009
47001065002,3613227,TN0058530
13000755001,1109580,GAJ020161
02010000004,3613231,AKG572032
39000000249,3613233,OH0149811
02100000004,3613243,AKG573007
02000000025,3613245,AKG573033
13000000829,3613254,GAJ040041
21000531001,1139822,KY0109258
17007115001,1114299,IL0044831
18120000068,3536256,IN0064513
18000000027,3606621,IN0064793
53000921031,1180865,WA0040291
36000000291,3606888,NY0274615
17000000019,3607387,IL0032735
29000000033,3607390,MO0127655
29000000074,3607467,MO0120235
29000000082,3607481,MO0135933
29000000089,3607490,MO0053937
38000011001,1151266,ND0020567
29000000097,3607505,MO0124389
29002087002,3507700,MO0104906
29000000124,3607572,MO0127566
29000000128,3607576,MO0106321
29000000133,3607582,MO0136204
29001237019,1133586,MO0087173
29000000150,3607696,MO0122467
29004019001,1134047,MO0137278
08209000062,3500214,COE009000
29000000282,3607904,MO0138169
08209000032,3500184,CO0000001
13000800003,3522356,GAIS00628
29002413001,1133833,MO0040851
04001506002,1069528,AZ0026018
08000500062,1067198,COX632076
01000000135,3608598,AL0074993
08000108002,3418730,CO0024431
08209000087,3500239,CO0046876
34002003001,1073500,NJ0024708
34001245001,1073382,NJ0026085
27003714001,1148307,MNG580122
27003406001,1148289,MNG585097
27005213001,1148332,MNG585327
27005902001,1148366,MNG585051
27003717001,1148310,MNG585107
48001127001,1182930,TX0128589
29000000334,3609606,MO0099911
27007103001,1148393,MNG585142
27003313001,1148284,MNG585055
27000195001,1148057,MNG585154
27007908001,1148437,MNG585016
27000174001,1148038,MNG585034
27003715001,1148308,MNG585128
27003303001,1148280,MNG585106
27008216001,1148440,MNG585126
12000149001,1078308,FL0127434
48001151006,3516498,TX0093068
13000999032,3541238,GA0050233
08209000150,3501028,CO0000011
27009616001,1148570,MN0069817
27000000146,3610811,MN0051501
12000000069,3610431,FL0026450
17009602001,1114432,IL0074250
17007308001,1114326,IL0023167
42000000070,3611416,PA0255696
27000000172,3611479,MN0029602
13000000668,3611478,GA0038946
13000000667,3611477,GA0047848
08000000253,3609132,CO0046965
37007104002,3518316,NC0081736
13000000715,3612119,GAJ040032
48007039090,1183855,TX0084875
48000000406,3612155,TX0088501
29002372001,405425,MO0135569
21000603001,3519538,KY0112721
48000000410,3612351,TX0129950
13000728001,1109553,GAJ020062
55000290000,3382418,WI0063371
55002690001,1206371,WI0060763
55009531001,1206872,WI0035459
55006210002,3541116,WI0064998
13000000755,3612428,GA0020061
06003035001,1238813,CAC407893
06009038001,1176076,CA0107417
55005470001,1206750,WI0036617
24000000021,3612763,MD0059145
54003880200,483542,WV0023311
54004124001,1095206,WVG550077
06000000307,3612790,CAL000490
13000000786,3612933,GA0031984
02000310001,1104818,AK0037303
33000089001,1100977,NHG58A005
18000000032,3606626,IN0064831
29000000065,3607438,MO0129038
36000000219,3605546,NY0035645
29000000123,3607570,MO0117129
29000000126,3607574,MO0113905
29000000127,3607575,MO0132683
29000000136,3607585,MO0057801
29000000137,3607586,MO0133515
29000000266,3607588,MO0132705
29000000300,3607589,MO0139629
29000000141,3607602,MO0122050
36007230001,1221194,NY0110752
29000000149,3607688,MO0137553
37004403001,1236373,NC0025321
29001031100,1133309,MO0098043
29000000279,3607897,MO0125032
30300305001,3542113,MTG589204
06009075001,1176094,CA0107417
29000000317,3608171,MO0099490
36000000385,3608178,NY0247227
06000000124,3608283,CA8000188
36000000387,3608284,NY0263087
08000000090,3608523,CO0031984
01000000137,3608604,AL0046701
08000234001,1067024,COG589036
39000000148,3608833,OH0150231
48000000109,3609163,TX0127809
46000431001,1237165,SD0020753
51000000137,3609413,VA0075434
13000000490,3609310,GA0046418
54000000066,3609338,WV0024864
08000000125,3608631,CO0041645
33000072001,1100962,NHG580007
08000000197,3608800,CO0020532
27000239001,1148095,MNG585140
29000000096,3607502,MO0129194
17000000027,3607504,IL0078301
36000000336,3607004,NY0257532
18120000062,3531536,IN0024538
27009704001,1148574,MNG585009
27001511001,1148220,MNG585119
27044000156,425311,MN0020125
50000200401,410240,VT0101214
50000000042,3609145,VT0100102
50000000046,3609149,VT0100757
13000060001,1109054,GAG600001
27000254001,1148107,MNG585141
48000000127,3610296,TX0094927
13000000592,3610634,GA0046451
27005005001,1148320,MNG585157
48000000121,3609620,TX0125288
13000000571,3610425,GA0002712
49000000019,3610889,UT0020109
13000000614,3610935,GA0050238
13000000619,3610957,GA0046019
17009403001,1114417,IL0027448
06005108001,1175640,CAL010521
13000000677,3611527,GAG550016
36003028001,1220382,NY0149209
25000216001,1092501,MA0101052
48000000408,3612157,TX0128244
36008141002,1221297,NY0246450
01000000169,3612172,AL0055883
21000477001,1235529,KY0110795
55000700010,400409,WI0063797
34009496003,3612327,NJ0050580
39000000213,3612148,OH0025470
55005260001,1206726,WI0060852
55004280001,1206611,WI0060186
18000000127,3612417,IN0041866
55003350001,1229208,WI0030635
01000000174,3612579,AL0032301
13000000546,3610158,GA0047147
09000000060,3612249,CT0101605
54004124003,3508619,WVR030051
28001578001,1160599,MS0045446
05000000052,3612909,AR0034088
28000327501,3200828,MS0062227
02000149001,1216388,AKG573037
02000500019,3086289,AKG573030
02000500007,3044608,AKG573008
02000373001,1104830,AKG573012
02000178001,1216393,AKG573035
02000391001,1216479,AKG573019
18000000010,3606604,IN0063932
36008001001,1221198,NY0035742
36006045002,3487496,NY0020281
29000000044,3607409,MO0124788
29000000061,3607432,MO0129607
29000000076,3607473,MO0099058
29000000078,3607477,MO0109975
29000000085,3607484,MO0093556
29000000286,3607934,MO0133248
29000000104,3607532,MO0125679
29000000105,3607533,MO0121312
29000000143,3607637,MO0125211
36000000345,3607747,NYR00B418
29000000230,3607809,MO0122807
29000000237,3607817,MO0119491
29000000243,3607824,MO0132004
29000000244,3607826,MO0130087
06000000091,3607829,CA0038776
54000000029,3607860,WV0106011
17000071004,1113360,IL0025062
36000000353,3607936,NY0270610
36000000383,3608166,NY0068071
08000000076,3608407,COG589033
29001216001,1133547,MO0023655
08209000018,3500169,COG588140
08000113001,1066914,CO0047058
08000285001,1067073,CO0048858
13000578001,1109386,GAG640107
08209000085,3500237,CO0047431
34001334001,1073428,NJ0027774
08000326001,1067109,COG588141
27044000601,451857,MN0066966
34001324003,1073422,NJ0108898
27003517001,1148298,MNG585383
27001112001,1148196,MNG585012
08000280001,1067068,COG589016
48000000116,3609567,TX0133248
27000203001,1148065,MN0051098
18000000021,3606615,IN0020931
27007408001,1148415,MNG585067
27043000001,3335316,MN0064831
27003604001,1148302,MNG585189
27001506001,1231519,MNG585134
53002410001,1181065,WA0052396
13000000569,3610402,GA0039152
48004223001,1183475,TX0118621
27009805001,1148579,MNG585171
36000000492,3610544,NY0032051
48001109001,1182914,TX0135470
08000000170,3608749,COG589150
13000000617,3610942,GA0050244
06005310001,1175761,CAL000435
30000087001,1159147,MTX000116
21000157002,3611448,KY0112500
01000000161,3611538,AL0056545
08000000240,3608959,COX622027
13000000712,3611863,GA0020702
18080000020,3520479,IN0063959
48007039101,3272948,TX0026875
55003860003,3515516,WI0021547
55002540001,1206353,WI0031429
30000000038,3612287,NDG125356
55009739001,1206939,WI0060593
28000000076,3612690,MS0057011
51000213001,1192831,VA0076350
51000213001,1192831,VA0089273
02000108100,3612712,AKG572028
08000000060,3607933,CO0046124
02000286001,1104814,AKG573006
02000345001,1104824,AKG572022
02000198001,1104811,AKG572024
02000414001,1104842,AKG573036
02000197001,1104810,AKG571056
02000500034,3112324,AKG573015
23000000051,3613100,ME0102751
02000296001,1216430,AKG573018
02000500028,3105109,AKG573034
34007500001,1073896,NJ0226271
46000030001,1179134,SDG821687
13000000821,3613146,GAJ020095
55000000174,3610337,WI0029831
48003116001,1183261,TX0105155
30300300001,3538036,MTX000238
55000100001,1206038,WI0060780
54001030004,1094783,WV0084425
17002028001,504976,IL0077879
54000302005,1094712,WV0035939
38000098001,1151348,NDG221407
29000000027,3607376,MO0139262
29000000041,3607406,MO0111431
29000000068,3607441,MO0132403
29000000069,3607442,MO0099228
29000000083,3607482,MO0129259
29000000152,3607713,MO0092924
33000033001,1100929,NH0100099
29000000156,3607718,MO0138002
54000000027,3607792,WVG550359
29000000239,3607820,MO0110621
29000000676,3607827,MO0129739
29000000284,3607912,MO0120529
01000000125,3608146,AL0059315
01000000126,3608167,AL0082431
36000000384,3608169,NY0252824
08000214001,1067005,CO0027545
04001904003,3539165,AZ0026107
08000000123,3608628,COX634013
08201200019,3527116,COX632098
22201201234,3536936,LA0048941
08000261001,1067050,COG589137
13000184001,1109191,GAJ020100
08000172001,1066966,COX632073
08000500056,1067193,CO0037681
06005105001,1175637,CA0079154
27000197001,1148059,MNG585161
50000000041,3609144,VT0100943
06009076001,1176095,CA8000326
27009905001,1231572,MNG585013
27009211001,1148462,MNG585170
27008401001,1148441,MNG585018
27007011001,1148384,MNG585175
06005261001,1175742,CAL038610
19000264001,1123680,IA0063231
27000000138,3610373,MNG585043
48000000169,3610570,TX0126098
13000000586,3610607,GA0021156
33000082001,1100972,NHG58A008
48004026001,1183343,TX0047830
13000999029,3541096,GA0038954
27044000134,425388,MN0054593
13000638001,1109450,GAJ020287
54000000089,3611240,WV0021814
13000000643,3611293,GA0037583
13000000657,3611323,GAJ030965
06002063002,1175323,CA0037427
13000529001,1109328,GAJ020001
42000000098,3611816,PA0028193
25000204001,1092489,MAG580027
25000382001,3023628,MAL003600
23000139001,1142577,MEU507775
06001042001,1175207,CAL010509
55000000186,3610559,WI0061654
21000287001,1235511,KY0113247
55000000209,3612252,WI0060640
50000000044,3609147,VT0101117
53000000118,3612353,WA0040843
42005016001,1196469,PA0025984
13000000768,3612726,GAJ020294
13000000776,3612786,GAJ020271
53000000036,3608286,WA0045560
28000000077,3612877,MS0061204
55002520001,1206343,WI0021130
18006016001,2920262,INRA06921
42000000073,3611424,PA0233188
02000355001,1216462,AKG573039
02000355001,1216462,AKG573041
30000000058,3613139,MTG581007
13000000822,3613151,GA0023949
47000744001,1166098,TN0080721
55003030001,1229204,WI0061042
13000000823,3613180,GA0046027
54000000023,3607753,WVG415743
18000000014,3606608,IN0063932
22000000081,3606803,LA0127097
29000000053,3607418,MO0131024
06009074001,1176093,CA0107417
29000000054,3607419,MO0134490
29000000059,3607430,MO0035742
29000000073,3607464,MO0123391
38000113001,1151362,NDG320354
29000000067,3607440,MO0108511
29000000119,3607564,MO0126730
29000000212,3607789,MO0136328
29000000484,3607819,MO0100609
29000000269,3607857,MO0097225
30000000007,3607816,MT0021636
29004012000,451330,MO0136719
29000000281,3607899,MO0138657
01000000131,3608288,AL0079081
35200900304,3514117,NM0030414
29000000120,3607565,MO0125032
08209000122,3500274,CO0048854
08181000000,455765,CO0048852
46000093001,1237157,SD0020702
27003712001,1148305,MNG585093
46000021001,1179126,SDG822292
48004323001,1183510,TX0101664
27005314001,1148335,MNG585156
34001060001,1073308,NJ0024937
27007015001,1148388,MNG585176
13000000532,3609724,GAJ020066
53000000018,3608117,WA0045403
27003302001,1148279,MNG585111
27001406001,1148211,MNG585220
27044000672,3501011,MNG585084
06003030001,1175398,CAL010562
27009214001,1148465,MNG585166
27044000096,3338192,MNG585369
27007515001,1231552,MN0055361
18000000026,3606620,IN0064688
27000241001,1148097,MNG585200
36009086002,1221432,NY0203360
08000500038,1067176,COX631079
13000000624,3611062,GA0050214
12000000068,3610430,FL0023604
23000033001,1142467,ME0102881
12000155004,1078319,FL0A00002
22000000202,3611847,LA0080454
25000191001,1092475,MAG580029
47000740001,1166096,TN0081175
25000280003,3611969,MAG580003
36003039002,1220401,NY0026743
18000000028,3606622,IN0061859
55006501001,1206773,WI0061158
55002050001,1229181,WI0024171
28000000075,3612668,MS0061191
09001090002,1071904,CT0100439
55000330001,1206064,WI0021687
30000152001,1159197,MT0020052
28000360001,1160270,MS0048127
41000278001,1164485,OR0022306
22003059001,1168330,LA0043958
22003186001,1168440,LA0050466
49000085001,1170436,UT0025348
49000091001,1170442,UT0021636
40000024001,1172445,OK0022551
40000059001,1172479,OKG580049
40000165002,1172548,OK0026221
40000199001,1172583,OK0022501
40000446001,1172691,OKG580067
06003014001,1175382,CA0047881
06005249001,1175733,CA0078662
53000005001,1180739,WA0037192
48000105005,1182800,TX0025810
48002005001,1183108,TX0106071
48003075001,1183226,TX0024007
48005026001,1183586,TX0021393
48007039025,1183834,TX0035009
48007795001,1184274,TX0054364
48007875001,1184323,TX0079821
51000308011,1192951,VA0081299
42000065001,1195403,PA0020532
42001067001,1195567,PA0020893
42001076001,1195576,PA0031062
55000640001,1206095,WI0021237
55001860001,1206260,WI0022268
55003353001,1206480,WI0024911
55004030001,1206574,WI0021342
55004237001,1206606,WI0022195
55007980001,1206813,WI0036773
55009626001,1206900,WI0031755
55009754001,1206943,WI0060038
24000018005,1214195,MD0021539
24000090012,1214406,MD0023914
24000300234,1214497,MD0022535
36001001001,1220238,NY0026841
36004067001,1220767,NY0031411
42001013001,1227177,PA0027316
48003015001,1227804,TX0100854
48004220001,1227856,TX0057231
48007530001,1227926,TX0020800
55003180001,1229207,WI0024830
55003780001,1229217,WI0060062
55004180001,1229228,WI0026352
20000516001,1230887,KS0026140
20000530001,1230888,KS0098175
20001503001,1230939,KS0094722
36003036001,1232107,NY0110019
17005717001,1232747,IL0023272
47000745001,1235050,TN0062359
46000476001,1237177,SD0020311
22003009001,1237414,LAG560099
05000718001,1237664,AR0022179
53000180001,1238896,WA0020982
39000199501,2806115,OH0045659
47001016001,2825180,TN0020575
39002965002,3022008,OH0128643
40000069001,3139948,OK0039128
39000176101,3173150,OH0129658
06005045001,1175565,CA0081621
06005054001,1175573,CA0081434
46000053001,1179156,SD0022454
53001025001,1180896,WA0044652
53002100001,1181033,WA0023388
53002230001,1181045,WA0044831
53002640001,1181101,WA0052175
48001143001,1182946,TX0101826
48001266001,1183035,TX0027669
48004008001,1183325,TX0027502
48004082002,1183392,TX0068756
48004215001,1183467,TX0022306
48007039018,1183829,TX0034916
48007096001,1183918,TX0078751
48007154001,1183963,TX0092312
48007493001,1184101,TX0046639
48007666001,1184201,TX0118371
48007830001,1184291,TX0026221
48007848001,1184302,TX0054186
48007874001,1184322,TX0071820
51000200001,1192810,VA0021130
51000202001,1192813,VA0072729
51000223001,1192846,VA0060364
51000257012,1192882,VA0067962
42001246001,1195705,PA0041742
42005068001,1196568,PA0104442
42005316001,1196814,PA0021148
42006148001,1197067,PA0028207
42007506001,1197252,PA0100277
55000790001,1206116,WI0023515
55002910001,1206397,WI0024635
55004910001,1206675,WI0028291
55007725001,1206804,WI0028975
55007730001,1206805,WI0031330
55009883001,1206984,WI0060372
24000048003,1214292,MD0020737
36001015031,1220284,NY0079324
36003018001,1220352,NY0077593
36003103001,1220531,NY0208426
24000073001,1214386,MD0053325
36004102003,1220790,NY0242012
36006100001,1221017,NY0020117
36007231001,1221195,NY0024902
36009027001,1221352,NY0028991
48001202001,1227769,TX0023019
55000130001,1229129,WI0023213
55002560001,1229192,WI0024503
55004530001,1229236,WI0020737
31002218001,1230257,NE0040941
20000714001,1230897,KS0025721
20001528001,1230946,KS0093858
36009011001,1232181,NY0023515
17000250001,1232706,IL0029483
17007516001,1232759,IL0072931
17009411001,1232765,IL0044849
29002320001,1233250,MO0126195
29003589001,1233279,MO0028762
29004047001,1233293,MO0123803
18000026001,1234167,IN0020109
18000504001,1234179,IN0021652
18005475001,1234224,IN0021067
19000070001,1234633,IA0026018
47001220001,1235073,TN0064092
37005803001,1236381,NC0057151
37008402001,1236395,NC0021628
22001294001,1237411,LAG560114
06005227001,1238820,CA0079502
17001019001,2865000,IL0029424
37004213001,2878624,NC0024201
22003274001,2906542,LA0032131
39005051006,3129628,OH0043478
55000280000,3382412,WI0036854
54004109001,3384770,WVG551419
05000051003,3501300,AR0037303
05000058001,3501346,AR0035254
05000055002,3501362,AR0034291
24000042006,3502145,MD0057525
34002492002,3505220,NJ0028436
21000736001,3404630,KY0105376
06003033001,3486842,CA0048941
17002044001,3502960,IL0079464
29002237001,3504761,MO0136174
39000161006,3516397,OH0139611
17007307001,3520516,IL0031291
05000001009,3526316,AR0050849
08201200041,3529016,CO0048291
21000382008,3541457,KY0060577
31003000005,469332,NE0112437
10000008001,1066434,DE0020010
10000027001,1066488,DE0020320
08000039001,1066843,COG589059
08000105001,1066906,COG589082
08000200001,1066992,CO0021547
09001370002,1071939,CT0101290
39000037001,1080459,OH0112127
39000118003,1080542,OH0037338
39000167001,1080592,OH0063746
39000184001,1080606,OH0126233
39000221001,1080643,OH0025861
39000222001,1080644,OH0022217
39001799001,1080963,OH0024759
39002587003,1081012,OH0053961
39003850001,1081134,OH0020834
39006230001,1081439,OH0020427
39007030001,1081501,OH0039217
39007511001,1081535,OH0020443
39008848001,1081674,OH0022284
26000005001,1088317,MIG580061
26000157001,1088393,MIG580059
26000239001,1088438,MI0023388
26000260001,1088447,MIG580131
26000714001,1088622,MI0054798
26002004001,1088697,MI0023701
26002007001,1088700,MI0022276
26002093001,1088765,MI0027987
26003028001,1088839,MI0028517
25000251001,1092534,MA0100340
50000036001,1094086,VT0100901
54001708001,1094846,WV0024546
54001802001,1094872,WV0105431
54005208002,1095298,WV0027472
01000161001,1101992,AL0072729
01000383003,1102191,AL0054461
05000123001,1104956,AR0021865
05000124001,1104957,AR0021741
53000529001,1180806,WA0037095
48001102001,1182905,TX0055484
48001137001,1182940,TX0071056
48002036001,1183127,TX0053384
48003073001,1183224,TX0054844
48006010001,1183682,TX0022926
48007015001,1183786,TX0026182
48007039061,1183840,TX0027201
48007064041,1183893,TX0057029
48007802001,1184277,TX0022055
17007212001,1114317,IL0029874
17009515001,1114430,IL0048755
17009933001,1114459,IL0023116
18000255001,1120154,IN0058441
18000357001,1120172,IN0039829
18001693001,1120252,IN0020371
18003280001,1120304,IN0040070
18004533001,1120372,IN0022985
18005411001,1120493,IN0021679
19000147001,1123574,IA0020931
19000158001,1123583,IA0058441
19000160001,1123585,IA0057509
19000245001,1123662,IA0027413
19000360001,1123760,IA0048321
19000653001,1124026,IA0065811
19000741001,1124099,IA0033057
19000843001,1124188,IA0079936
19000911001,1124248,IA0033669
19000919001,1124256,IA0043109
20000125001,1130134,KS0026441
20000741001,1130392,KS0047422
20000952001,1130457,KS0047571
20001650001,1130674,KS0029131
29001023003,1133279,MO0025160
29001099001,1133378,MO0055387
29002043001,1133654,MO0133841
29002062001,1133666,MO0132438
29002494001,1133868,MO0025194
29003046001,1133902,MO0033502
29003244001,1133941,MO0133094
29004124000,1134136,MO0134813
21000182001,1139622,KY0021041
21000246001,1139673,KY0027421
21000384001,1139774,KY0053562
31000215001,1145786,NE0046086
31001470001,1145958,NE0045250
31001825001,1145999,NE0036358
31001830001,1146003,NE0049051
27000040001,1147932,MN0024571
27007016001,1148389,MN0024481
27009213001,1148464,MNG580031
38000015001,1151269,NDG323221
38000117001,1151364,NDG321938
38000339001,1151575,NDG323451
37009202001,1153762,NC0064050
30000009001,1159083,MTG580008
47000730002,1166094,TN0024236
22000090002,1168172,LA0020109
22000265001,1168186,LA0040126
22003411001,1168575,LA0020141
49000081001,1170432,UT0024384
49000081001,1170432,UTL024384
40000023001,1172444,OK0022811
40000200001,1172584,OK0028771
40000402001,1172663,OK0022578
40000672001,1172818,OK0020117
06002058001,1175315,CA0038598
06004032001,1175516,CA0055531
06005024001,1175545,CA0079022
06008006002,1175951,CA8000188
53001350002,1180951,WA0024368
53002045001,1181025,WA0021156
48001208001,1182988,TX0083062
48002070001,1183149,TX0055204
48003081002,1183232,TX0020524
48004354001,1183519,TX0047911
48005093001,1183644,TX0022331
48007064003,1183889,TX0046728
48007541001,1184133,TX0026352
48007849001,1184304,TX0046736
48007925001,1184342,TX0095842
48008063001,1184405,TX0056227
38000337001,1151573,NDG121822
37000903001,1153141,NC0026352
37001301002,1153187,NC0036269
37001806002,1153233,NC0081370
37003108001,1153326,NC0020346
37003608001,1153365,NC0021156
37004101001,1153398,NC0024228
37008504001,1153714,NC0025526
30000002001,1159078,MT0021628
30000008001,1159082,MT0020036
28000645001,1160340,MS0025194
28001250001,1160481,MS0036145
28001265001,1160488,MS0040151
41000011012,1164267,OR0031020
41000227001,1164443,OR0030066
41000265001,1164476,OR0026972
47000295001,1166018,TN0024198
47000685001,1166082,TN0062588
47000725001,1166092,TN0022861
47001045001,1166158,TN0025470
47001275001,1166190,TN0062308
47001385001,1166208,TN0075868
47002023003,1166249,TN0059323
22001265001,1168268,LA0039152
22003098001,1168359,LA0109452
22003187001,1168441,LA0076236
22003235001,1168471,LA0088528
22003376001,1168549,LA0039888
22009900004,1168705,LA0042188
49000155001,1170501,UT0023639
49000155001,1170501,UTL023639
40000067001,1172487,OKG580004
40000211001,1172590,OK0035246
40000366001,1172643,OK0027413
40000379002,1172653,OK0028487
40000417001,1172674,OK0021563
06004002001,1175457,CA0053961
53000100001,1180751,WA0022641
53000207009,1180769,WA0024431
53000664001,1180829,WA0020893
53001085001,1180904,WA0023272
53001180001,1180914,WA0029548
53001235001,1180931,WA0020290
53001615001,1180979,WA0020842
48001125002,1182928,TX0085316
48003008002,1183172,TX0047651
48004212001,1183465,TX0022420
48004367001,1183537,TX0092541
48005005001,1183565,TX0026018
48005102001,1183650,TX0064513
48007017001,1183788,TX0025747
48007039021,1183830,TX0063037
48007199001,1183993,TX0083381
48007543001,1184135,TX0075698
48007646001,1184193,TX0020974
48009077001,1184499,TX0023191
51000136001,1192714,VA0020303
51000174001,1192767,VA0061751
51000186001,1192788,VA0067245
51000333001,1192987,VA0026212
42001025001,1195518,PA0026476
42003086001,1196067,PA0020826
42006145001,1197065,PA0020257
55000910001,1206122,WI0031801
55001723001,1206244,WI0035203
55001730001,1206245,WI0023990
55003850001,1206554,WI0020460
55006000001,1206760,WI0028053
55009708001,1206930,WI0031259
36004055001,1220753,NY0024821
36006043001,1220964,NY0030686
36007136005,1221118,NY0030317
36008010001,1221208,NY0110523
36009021001,1221349,NY0025861
36009039001,1221360,NY0023507
48004002001,1227831,TX0056677
48004211001,1227854,TX0053449
48006045001,1227897,TX0076953
20001525001,1230945,KS0086223
17000371001,1232715,IL0061255
17009414001,1232766,ILG580086
18004372001,1234201,IN0020834
18004553001,1234206,IN0023639
18005813001,1234225,IN0020176
47000120001,1235032,TN0067334
42001031001,1227181,PA0026042
55004350001,1229232,WI0025453
31000185001,1230171,NE0112739
31000465001,1230185,NE0025445
20001518001,1230942,KS0083178
27000244001,1231501,MNG580042
27009903001,1231570,MN0021261
17001221001,1232728,IL0023264
17005203001,1232742,ILG580081
29003078001,1233270,MO0039632
29004999001,1233312,MO0094919
18004151001,1234198,IN0039799
18004452001,1234203,IN0040118
47001370001,1235078,TN0077691
21000224001,1235504,KY0106267
51000072001,1235965,VA0020168
51000324001,1235997,VA0020974
39005419007,1237826,OH0026638
24000080003,1238385,MD0060348
20000961001,2918842,KS0090743
48004097001,2948382,TX0106640
37003621001,2973162,NC0044440
37003005001,3063188,NC0055158
22009079034,3189368,LAG560119
39004208008,3194632,OH0039021
29002516001,3500842,MO0132730
05000051004,3501301,AR0044580
12000185003,3508120,FL0021431
51000001000,3509918,VA0090671
35200900302,3514056,NM0030279
54000204001,3515737,WV0105830
51900000001,3521117,VA0085171
35201200002,3531816,NM0030503
39000114004,385454,OH0130915
08000054003,1066857,CO0020745
08000082001,1066886,CO0022951
09000960001,1071888,CT0100391
09001170002,1071914,CT0101770
09001180001,1071915,CT0100854
09001400001,1071944,CT0100781
34003057001,1073637,NJ0024783
12000001031,1078106,FL0040541
12000016003,1078133,FL0026441
12000228001,1078374,FL0029033
39000013001,1080435,OH0053171
39000047001,1080471,OH0048682
39000076001,1080502,OH0134945
48001265001,1183034,TX0064998
48003054001,1183214,TX0023442
48003124001,1183268,TX0020541
48003140001,1183276,TX0020249
48005015001,1183576,TX0047996
48005028001,1183587,TX0117951
48005090001,1183640,TX0025437
48006019001,1183691,TX0054810
48006021001,1183694,TX0024309
48006029001,1183700,TX0076503
48006058001,1183715,TX0027154
48006062001,1183719,TX0112739
48007028001,1183808,TX0062243
48007035001,1183816,TX0054151
48007039007,1183825,TX0034886
48007080001,1183904,TX0115924
48007139001,1183953,TX0025399
48007594001,1184164,TX0052906
48007853001,1184308,TX0022080
51001400008,1193029,VA0068110
42000082001,1195419,PA0027103
42000097001,1195432,PA0025437
42000102001,1195439,PA0026531
42001016001,1195512,PA0042269
42002105001,1195873,PA0026361
42004289001,1196436,PA0027553
55000240001,1206055,WI0022411
55002420001,1206319,WI0020176
55002650001,1206368,WI0022918
55003700001,1206531,WI0022705
55003796001,1206548,WI0027995
55003930001,1206564,WI0021075
55004020001,1206573,WI0020371
55004400001,1206631,WI0028321
55009402001,1206855,WI0032492
55009462001,1206859,WI0022357
55009645001,1206906,WI0031038
24000003008,1214138,MD0024350
24000022001,1214233,MD0052027
24000039001,1214275,MD0020290
24000043001,1214286,MD0020052
36001015001,1220262,NY0021750
36001015010,1220270,NY0091081
36001024001,1220298,NY0199079
36004015001,1220707,NY0029254
36004031001,1220725,NY0030970
36006124001,1221029,NY0036790
36007044001,1221078,NY0022756
36007189001,1221169,NY0029106
36007219001,1221184,NY0020958
36009034001,1221357,NY0020966
48003117001,1227825,TX0020443
48005017002,1227870,TX0055611
48005059001,1227879,TX0055581
55003400002,1229210,WI0021245
55004880001,1229244,WI0021695
31000030001,1230164,NE0029238
36008017001,1232164,NY0030635
36008077001,1232169,NY0021431
17000376001,1232716,ILG580019
29004029001,1233290,MO0100129
18000809001,1234181,IN0024392
18005374001,1234222,IN0023868
51000281001,1235992,VA0090263
40000660001,1236888,OK0031003
30000024001,1238236,MT0021857
53001910001,1238911,WA0032077
12000157001,1239640,FL0039772
39000037004,2806103,OH0102903
36009128001,2838443,NY0269336
18006050001,3145649,IN0051632
41000211001,3340550,OR0044628
42000127002,1195466,PA0031771
42003136001,1196120,PA0036269
42006247001,1197132,PA0028631
55000830001,1206119,WI0020818
55000930001,1206126,WI0020222
55001090001,1206150,WI0022080
55002400001,1206314,WI0028703
55003062001,1206428,WI0021679
55003440001,1206490,WI0028011
55009508001,1206863,WI0031615
55009856001,1206977,WI0031267
24000003003,1214134,MD0021644
24000034001,1214261,MD0020281
36001015035,1220288,NY0206644
36005031001,1220845,NY0026042
36007125001,1221110,NY0028525
36007190002,1221172,NY0029238
36009009002,1221345,NY0024431
48003112001,1227824,TX0023981
48004077001,1227844,TX0034410
48005112001,1227890,TX0033499
55001580001,1229170,WI0023922
31001539001,1230228,NE0024309
20000401001,1230876,KS0046345
27003605001,1231532,MNG580063
36008079001,1232170,NY0025721
21000057001,1235483,KY0020125
39008330007,2806727,OH0091634
18002101001,2911850,IN0062375
48002036002,2961502,TX0113981
39007420008,2982685,OH0079049
48008045003,3049348,TX0095583
05000011002,3065628,AR0048691
48003223001,3174310,TX0026662
39003545001,3295013,OH0113964
39000059004,3352835,OH0124664
08209000041,3500193,CO0030112
08209000080,3500232,CO0020281
17000180003,3508141,IL0077551
39005855020,3514560,OH0125211
48003035004,3517258,TX0112941
29004170001,3536616,MO0135909
13000999021,3538836,GA0033511
01201200001,3539516,AL0046744
41000560001,405100,OR0031399
47000355001,1235039,TN0058521
21000121001,1235490,KY0020010
51000062001,1235961,VA0020508
51000064001,1235963,VA0020311
40000087001,1236859,OK0030392
22000280003,1237405,LA0084336
41000191001,1238060,OR0020044
38000077001,1239318,NDG320401
26000462001,2867581,MI0023833
25000030001,2979045,MA0100676
16002001001,3135144,ID0025453
39008330009,3177188,OH0091651
12000042005,3257650,FL0020141
39000094003,3268773,OH0101681
39002370003,3299671,OH0142204
39005855003,3367350,OH0079138
54000901001,3507788,WV0020109
51000999998,3509197,VA0090727
18080000022,3520481,IN0045187
08201200018,3527056,CO0040690
12000104007,3527476,FL0141704
29002214014,3537397,MO0123145
29003742002,3537676,MO0131296
48003058003,404015,TX0125377
39006305501,472609,OH0054224
08000125001,1066925,CO0021121
04000501003,1069361,AZ0023639
09000140001,1071782,CT0100048
34002100001,1073523,NJ0031119
34003127001,1073644,NJ0025241
12000019001,1078141,FL0020109
12000088002,1078220,FL0167959
39000182001,1080604,OH0021971
39001625005,1080924,OH0049794
39002219001,1080990,OH0076546
39004851001,1081243,OH0026328
39004984001,1081250,OH0020494
39005853001,1081322,OH0026719
39006770009,1081483,OH0038792
39007210001,1081513,OH0099287
39007333001,1081517,OH0027294
39007479005,1081529,OH0050016
39007479009,1081533,OH0041441
39008281001,1081613,OH0020214
26000481001,1088544,MIG580256
26002101001,1088773,MIG580294
26003066001,1088873,MI0020303
26003073001,1088879,MI0021334
26003136001,1088923,MI0026751
25000045001,1092348,MA0100218
25000087001,1092384,MA0100579
50000025001,1094075,VT0100111
39000138001,1080562,OH0054852
39000264001,1080680,OH0053317
39000272001,1080688,OH0021750
39000318001,1080729,OH0135453
39000364002,1080777,OH0098043
39002471001,1081002,OH0095141
39002912001,1081050,OH0114171
39002969012,1081069,OH0028908
39003059001,1081082,OH0025364
39004907001,1081246,OH0026344
39005010001,1081252,OH0022331
39005859001,1081323,OH0037273
39006944001,1081498,OH0023221
39009009001,1081692,OH0028118
26000158001,1088394,MIG580069
26000327001,1088469,MI0020478
26001004001,1088662,MI0022918
26002006001,1088699,MI0022161
26003075001,1088881,MI0023787
25000091001,1092388,MA0100382
54002703002,1095007,WV0023141
54003703001,1095145,WV0020168
33000025003,1100923,NHG581214
33000065001,1100955,NH0100129
01000101001,1101933,AL0060283
01000149001,1101984,AL0068896
01000232001,1102063,AL0057169
01000353001,1102165,AL0055875
02000119001,1104800,AKG570018
05000457001,1105246,AR0035491
05000723001,1105518,AR0021440
05000758001,1105546,AR0049859
13000204003,1109227,GA0020214
13000278002,1109280,GA0032263
13000612001,1109422,GA0021369
17000048001,1113338,IL0021644
17000085001,1113372,IL0020541
17000086001,1113373,ILG582015
17000295001,1113565,IL0054992
17001213001,1114059,ILG580265
17001708001,1114104,IL0064025
17001916001,1114120,ILG580220
17003511001,1114150,ILG580196
17005011001,1114195,IL0028819
17005216001,1114209,IL0029815
17007502001,1114338,ILG580068
17008502001,1114390,IL0020311
17009603001,1114433,IL0055581
18000276001,1120158,IN0020745
18001010001,1120242,IN0023965
18003070001,1120285,IN0024414
19000016002,1123466,IA0054054
19000077001,1123517,IA0076856
19000173001,1123596,IA0047759
19000183001,1123606,IA0027375
19000449001,1123842,IA0041998
19000581001,1123962,IA0058700
19000661001,1124033,IA0057819
19000838001,1124183,IA0038440
19000924001,1124259,IA0032719
20000106001,1130118,KS0044831
20000220001,1130207,KS0031721
20000484001,1130298,KS0093173
20001208001,1130538,KS0030465
29001096001,1133375,MO0117871
29001216002,1133548,MO0023655
29001222001,1133554,MO0089443
29001505001,1133618,MO0040835
29002466001,1133854,MO0114715
29002494002,1133869,MO0025208
29003156001,1133924,MO0112470
29003159001,1133925,MO0054691
29003195001,1133928,MO0040134
29004111001,1134120,MO0026671
21000026001,1139494,KY0098540
21000076001,1139541,KY0066591
21000086001,1139551,KY0022861
21000296001,1139712,KY0104299
21000398001,1139784,KY0069736
23000029001,1142462,ME0101516
23000162001,1142594,ME0100404
35000041001,1145052,NM0031038
35000107001,1145111,NM0029351
31001495001,1145959,NE0021504
31001710001,1145988,NE0027367
31002275001,1146049,NE0041343
27000186001,1148049,MNG580041
27000347001,1148168,MN0049204
27005004001,1148319,MN0020192
27005016001,1148322,MNG580015
27005602001,1148351,MN0025691
38000087001,1151339,NDG323582
38000279001,1151519,NDG320851
38000351001,1151587,NDG321849
37003109001,1153327,NC0056863
39005016001,3394731,OH0115771
54003916001,3395395,WV0105627
12000224003,3507040,FL0039756
24000042023,3507440,MD0050334
54001017003,3513078,WV0020281
05000521001,3534236,AR0052833
32000200912,3522931,NV0020451
18120000026,3525062,IN0061841
42007703001,369954,PA0096211
05000000091,3613425,AR0051403
39000351009,504630,OH0053481
17001019002,505284,IL0078336
08000071002,1066874,CO0026611
08000191001,1066984,CO0020915
08000256001,1067045,COG589015
04002103001,1069581,AZ0025178
48001218003,1070746,TX0113859
09000641001,1071841,CT0100251
34001033001,1073302,NJ0025518
34008020001,1073898,NJ0027561
12000102001,1078246,FL0020915
39000144001,1080569,OH0045721
39000189001,1080611,OH0021172
39005180001,1081268,OH0021181
39007084001,1081507,OH0020966
39008637006,1081653,OH0071692
26000484001,1088547,MIG580284
26000503001,1088556,MI0021679
26000525001,1088577,MI0024295
26000710001,1088618,MI0023507
26000722001,1088626,MI0020737
26002151001,1088803,MIG580404
26003083001,1088886,MIG580395
26004010001,1089031,MI0022993
25000013001,1092317,MA0101214
25000261001,1092541,MA0102148
54002003001,1094895,WV0023205
54002025001,1094910,WV0080900
54004701001,1095257,WV0024848
01000015001,1101842,AL0057720
01000083001,1101914,AL0041653
01000153001,1101988,AL0022578
01000169001,1102004,AL0020486
01000198001,1102039,AL0054666
01000374001,1102183,AL0021245
02000111001,1104794,AK0021377
05000028001,1104899,AR0049531
05000763001,1105551,AR0022217
13000729001,1109554,GA0039365
29003548002,469669,MO0133671
08000094001,1066896,CO0027171
12000183001,1078347,FL0020532
39000308001,1080720,OH0023914
39001211001,1080889,OH0024287
39001260001,1080893,OH0024317
39004208003,1081157,OH0091952
39005901001,1081326,OH0021156
26000477001,1088540,MIG580345
26002092001,1088764,MI0058687
26004034001,1089053,MIG580310
25000010001,1092315,MA0101800
50000011001,1094061,VT0100048
54001402001,1094820,WV0020699
54001602001,1094838,WV0045501
05000130001,1104963,AR0020605
13000036002,1109014,GA0023175
13000694001,1109515,GA0033391
17000149001,1113423,IL0022519
17000651001,1113920,IL0020281
17000736001,1114018,ILG580193
17001803001,1114107,IL0049123
17001804001,1114108,ILG580119
17009959001,1114473,ILG580225
18000405001,1120185,IN0024520
19000100001,1123538,IA0057100
19000101001,1123539,IA0056103
19000105001,1123542,IA0023582
19000128001,1123558,IA0027740
19000208001,1123627,IA0043052
19000233001,1123651,IA0033022
19000250001,1123667,IA0064891
19000334001,1123739,IA0027821
19000399001,1123794,IA0047791
19000720001,1124084,IA0033308
19000731001,1124090,IA0033715
19000747001,1124105,IA0033481
19000796001,1124144,IA0079774
19000819001,1124164,IA0041807
19000836001,1124181,IA0047813
19000864001,1124209,IA0074373
19001063001,1124337,IA0028606
16000005001,1128550,ID0020443
16000155001,1128683,ID0020133
20000421001,1130242,KS0047449
20000470002,1130285,KS0042714
20000482001,1130296,KS0095061
20000928001,1130440,KS0045977
20000941001,1130451,KS0030813
20001004001,1130482,KS0096831
29000959001,1133224,MO0103560
29001051001,1133331,MO0050326
29002493001,1133867,MO0128716
29004112002,1134121,MO0093548
29004125001,1134138,MO0127940
21000062001,1139529,KY0028789
21000176001,1139616,KY0025232
21000336001,1139741,KY0024783
31000960001,1145892,NE0026638
27000181001,1148046,MN0022535
50000057001,1094108,VT0100731
54000103001,1094690,WV0021857
33000107001,1100990,NH0100609
01000037001,1101865,AL0021466
01000041001,1101870,AL0020427
01000130001,1101963,AL0058408
01000141001,1101976,AL0056839
01000409001,1102218,AL0074195
02000114001,1104795,AK0021245
05000029001,1104900,AR0020125
05000213001,1105041,AR0033588
05000477001,1105262,AR0043443
05000519001,1105319,AR0034746
05000573001,1105373,AR0033481
13000091001,1109094,GA0032107
13000776001,1109600,GA0020729
13000868001,1109693,GA0026182
17000041001,1113332,IL0032603
17000149004,1113424,IL0033553
17000345001,1113614,IL0027855
17000349001,1113618,ILG582019
17000437002,1113708,IL0021521
17001002001,1114030,ILG580169
17005005002,1114191,ILG580137
17005501001,1114230,IL0031704
17005907001,1114271,ILG580143
17009415001,1114420,ILG580180
17009810001,1114438,IL0066249
18000453001,1120190,IN0021288
19000047001,1123494,IA0057029
19000141001,1123569,IA0022039
19000200001,1123620,IA0023477
19000217001,1123636,IA0062855
19000273001,1123687,IA0026280
19000313001,1123720,IA0056537
19000323001,1123729,IA0025968
19000324001,1123730,IA0028177
19000433001,1123827,IA0025984
19000488001,1123878,IA0025356
19000649002,1124023,IA0038521
19000797001,1124145,IA0033731
19000801001,1124149,IA0032361
20000201001,1130196,KS0047228
20000721001,1130378,KS0024856
29001021002,1133273,MO0058343
29001025001,1133296,MO0035009
29002014001,1133632,MO0054755
29002299001,1133773,MO0039900
29003009001,1133893,MO0056260
29003237001,1133935,MO0113972
29004030001,1134053,MO0094161
29004161001,1134171,MO0054682
21000249001,1139675,KY0028436
21000541001,1139830,KY0027405
21000728003,1139883,KY0104442
23000050001,1142485,ME0100315
23000065001,1142500,ME0100587
44000029001,1144310,RI0100064
31000400001,1145821,NE0021172
31001775001,1145994,NE0032891
31001825002,1146000,NE0112810
31001825002,1146000,NE0133680
27000330001,1148153,MN0023108
27000332001,1148154,MN0024392
27007412001,1148418,MNG580014
38000210001,1151451,NDG120745
38000213001,1151454,NDG121903
38000227001,1151467,NDG120222
37000501001,1153111,NC0020451
37000503001,1153112,NC0021709
37003401002,1153346,NC0050342
37008206001,1153693,NC0026816
30000046001,1159114,MT0020435
30000113001,1159167,MT0031500
30000119001,1159171,MT0020133
41000029001,1164294,OR0028762
41000110001,1164363,OR0020320
47001335001,1166201,TN0021652
47001415501,1166213,TN0059897
47001487001,1166225,TN0028622
22000328001,1168193,LA0055867
22003004001,1168288,LA0040142
22003251001,1168477,LA0033243
22003276001,1168484,LA0073539
22003289002,1168494,LA0046876
49000064001,1170419,UT0021717
49000064001,1170419,UTL021717
40000166007,1172555,OK0042935
40000530001,1172747,OK0031909
37005801001,1153495,NC0025836
45000614050,1157248,SC0040525
30000020001,1159091,MT0021792
30000051001,1159118,MT0021938
41000179001,1164414,OR0020605
41000230001,1164445,OR0026018
47000965001,1166143,TN0064688
47002016001,1166238,TN0023353
22000128001,1168175,LA0038903
22000523001,1168203,LA0093611
22003013001,1168295,LAG560255
22003060001,1168331,LA0063533
22003183001,1168437,LAG570119
40000105001,1172513,OK0038393
40000574001,1172766,OK0026883
06002024001,1175282,CA0037770
06004029001,1175514,CA0053597
06007014001,1175922,CA0104400
06007029001,1175936,CA0104477
53000205001,1180764,WA0023604
53000292004,1180781,WA0038695
53000292006,1180783,WA0022683
53002155001,1181040,WA0020192
48000164001,1182845,TX0053872
48001104003,1182908,TX0047929
48001105001,1182910,TX0032689
48001230001,1183009,TX0033910
48004057001,1183374,TX0022659
48004206001,1183461,TX0111325
48004226001,1183477,TX0032646
48005009001,1183571,TX0071188
48005048001,1183604,TX0022322
48007025001,1183800,TX0023655
48007039035,1183836,TX0063045
48007061004,1183886,TX0110361
48007164001,1183972,TX0079537
48007212001,1184005,TX0091901
48007223001,1184014,TX0074233
48007490001,1184100,TX0112585
48007525001,1184122,TX0072354
48007569001,1184147,TX0074446
48007581001,1184157,TX0062031
48007632001,1184184,TX0066583
48007805001,1184279,TX0076538
51000203001,1192817,VA0026891
51000308007,1192949,VA0081281
51000346001,1192995,VA0067954
42000020001,1195359,PA0028584
42001074001,1195574,PA0042170
42001092002,1195591,PA0026743
42001164001,1195646,PA0022535
55001050001,1206146,WI0020702
55001505001,1206219,WI0035661
55002360001,1206310,WI0021474
55003340001,1206476,WI0060666
55009607001,1206890,WI0031852
24000056001,1214323,MD0020761
36004142001,1220805,NY0261521
36005025001,1220841,NY0027863
36005045001,1220859,NY0029050
36008255001,1221332,NY0021482
36009058001,1221377,NY0036315
42004030001,1227212,PA0044661
48005022004,1227873,TX0058955
48005053001,1227878,TX0032361
55005050001,1229249,WI0028541
31002219001,1230258,NE0045217
31002320001,1230261,NE0040967
27000036001,1231485,MN0024368
27005105001,1231540,MN0024953
19000301001,1234654,IA0021563
51000123001,1235968,VA0026531
37005802001,1236380,NC0021733
22003057001,1237417,LA0039136
41000032001,1238044,OR0020656
24000083001,1238386,MD0059617
48007033006,2881937,TX0072834
48001246002,2886062,TX0101222
39002370002,3299670,OH0081671
39003367002,3328990,OH0118826
13000195008,1109212,GA0021725
17000134001,1113407,IL0020109
17000394001,1113661,ILG582011
17000653001,1113922,IL0028541
17000671001,1113939,IL0020117
17000679001,1113946,IL0031062
17003103001,1114130,IL0055832
17007131002,1114305,IL0023426
17009815001,1114440,ILG580006
18000877001,1120228,IN0020435
18003290001,1120305,IN0020648
18004173001,1120335,IN0020125
18004732001,1120408,IN0020940
18004911001,1120436,IN0023337
19000009001,1123457,IA0034312
19000110001,1123545,IA0020800
19000352001,1123752,IA0031186
19000479001,1123870,IA0056855
19000497001,1123888,IA0062910
19000551001,1123937,IA0025917
19000596001,1123978,IA0023710
19000708001,1124073,IA0062804
19000733001,1124092,IA0041882
19000820001,1124165,IA0033324
19000856001,1124201,IA0039977
19000887001,1124227,IA0059081
16000050001,1128596,ID0021229
20000121001,1130130,KS0051667
20000475001,1130291,KS0094013
20000725001,1130382,KS0047414
20000805001,1130404,KS0048526
20001123001,1130514,KS0022462
20001402001,1130611,KS0096768
29001020003,1133271,MO0047031
29001048001,1133329,MO0048151
29001148035,1133459,MO0128074
29001176001,1133501,MO0023230
29001213001,1133544,MO0117412
29002282001,1133763,MO0052132
29002414001,1133834,MO0040851
29003088001,1133918,MO0109797
29003434001,1133958,MO0094692
29004028001,1134052,MO0094943
29004042001,1134065,MO0136115
29004064001,1134081,MO0022080
21000115001,1139578,KY0024295
21000283001,1139704,KY0027961
23000047001,1142482,ME0101184
23000078001,1142516,ME0100731
23000227001,1142630,ME0102181
23000227001,1142630,ME0102687
44000028001,1144309,RI0100153
35000015001,1145015,NM0020231
31001353001,1145939,NE0029297
27005618001,1148357,MN0024759
27009908001,1148585,MN0022101
38000024001,1151277,NDG322021
38000149001,1151395,NDG321628
37004905003,1153453,NC0046728
37006001009,1153515,NC0030210
37006313001,1153540,NC0037508
37008205001,1153692,NC0072877
37008307001,1153701,NC0044725
45000607004,1157223,SC0041696
28000065001,1160188,MS0027685
41000017001,1164271,OR0026905
41000025001,1164291,OR0027391
41000033001,1164297,OR0020427
41000216001,1164436,OR0020435
41000283001,1164489,OR0034053
41000308001,1164498,OR0022802
47001320001,1166197,TN0020541
22001055001,1168257,LA0033464
22003234001,1168469,LA0038555
22003321001,1168521,LA0117609
22003432001,1168592,LA0040991
49000091002,1170443,UT0021628
49000091002,1170443,UTL021636
40000003002,1172418,OK0030422
40000008002,1172425,OK0026093
40000075001,1172493,OK0034134
06001028001,1175196,CA0023078
06002123001,1175357,CA0038318
06008041002,1175996,CA8000027
46000039001,1179142,SD0022179
53000290001,1180777,WA0029378
53000445001,1180797,WA0022454
27003102001,1148271,MN0022624
27003204001,1148278,MN0020133
38000269001,1151509,NDG321261
38000313001,1151550,NDG320311
38000317001,1151553,NDG325461
37000604001,1153119,NC0021857
37001807001,1153234,NC0024252
37003001001,1153317,NC0024872
37003105001,1153323,NC0026018
37004102002,1153400,NC0024325
37006501001,1153557,NC0023965
33000023001,1100918,NHG580226
01000036001,1101864,AL0020885
01000242003,1102072,AL0060461
01000372001,1102181,AL0042765
01000412001,1102221,AL0060526
02000108001,1104792,AK0021440
05000269001,1105095,AR0048445
05000317001,1105143,AR0023841
05000406001,1105197,AR0020702
05000500002,1105286,AR0033880
13000016004,1108961,GA0033251
13000160001,1109165,GA0033553
13000204001,1109226,GA0030791
13000503001,1109301,GA0024911
17000007001,1113300,ILG580066
17000411001,1113680,IL0034215
17001207001,1114056,IL0020907
17001412001,1114090,IL0030741
17003714001,1114162,ILG580147
17005002001,1114187,IL0026298
17005916001,1114278,IL0022381
17007313001,1114328,ILG580232
17009303001,1114411,IL0024856
17009421001,1114423,ILG580264
18000377001,1120175,IN0039322
18003090001,1120287,IN0023582
18003230001,1120300,IN0020567
18004694001,1120400,IN0021440
18005011001,1120446,IN0039241
18005551001,1120504,IN0020231
19000040001,1123488,IA0069922
19000206001,1123625,IA0035246
19000251001,1123668,IA0023345
19000429001,1123823,IA0042609
19000664001,1124036,IA0071455
19000784001,1124133,IA0076571
19000834001,1124180,IA0073903
19000925001,1124260,IA0033430
19000939001,1124271,IA0075256
19001011001,1124290,IA0025976
20000449006,1130269,KS0081299
20001609001,1130665,KS0097667
29001004001,1133230,MO0103331
29001011001,1133243,MO0024911
29002001001,1133621,MO0043583
29002010001,1133628,MO0048194
29002117001,1133692,MO0028657
29002498004,1133876,MO0111848
29004093001,1134103,MO0040843
29004132001,1134146,MO0132900
29006000001,1134181,MO0123579
21000179001,1139619,KY0036854
21000276001,1139699,KY0026352
21000277001,1139700,KY0020613
21000298001,1139714,KY0033804
21000356001,1139755,KY0028142
21000372001,1139763,KY0025852
23000081001,1142519,ME0101231
23000112001,1142551,ME0100129
35000022001,1145032,NM0022268
31000095001,1145765,NE0028096
31001630001,1145970,NE0043290
31002446001,1146062,NE0030996
31002545001,1146070,NE0049018
27000210001,1148071,MN0025445
27000252001,1148106,MN0024295
27005409001,1148341,MN0020745
38000146001,1151392,NDG325186
38000234001,1151474,NDG322403
38000255001,1151495,NDG322713
21000157001,1139600,KY0021261
23000039001,1142473,ME0102032
23000118001,1142557,ME0100218
44000027001,1144308,RI0100234
31000206001,1145784,NE0021130
31000951001,1145886,NE0042064
31000957001,1145891,NE0040924
31001278001,1145932,NE0027278
31001350001,1145937,NE0052647
27000199001,1148061,MN0055981
27001507001,1148219,MNG580087
27009407001,1148485,MN0022209
38000025001,1151278,NDG322535
38000104001,1151354,NDG321733
38000190001,1151433,ND0020729
38000259001,1151499,NDG220826
38000298001,1151538,ND0020532
38000316001,1151552,NDG323281
37009201001,1153761,NC0029033
28001390001,1160529,MS0022381
47000175002,1165989,TN0075078
47001430001,1166216,TN0064025
22000565001,1168210,LA0043940
22003011001,1168293,LA0033430
22003121001,1168378,LA0103845
22003326001,1168524,LA0065552
22003381001,1168553,LAG570162
40000001001,1172414,OK0026115
40000020001,1172440,OK0020770
40000082001,1172498,OK0028380
40000165001,1172547,OK0026239
40000173001,1172561,OK0040053
40000651001,1172805,OK0034444
40000723001,1172839,OK0035297
06003042001,1175409,CA0048054
06005023002,1175544,CA0077704
06007013001,1175921,CA0104361
53001375001,1180954,WA0050229
48000146001,1182829,TX0070009
48001118001,1182919,TX0133302
48003111003,1183257,TX0101940
48004006002,1183321,TX0103497
48004093001,1183402,TX0104558
48004101001,1183408,TX0079391
48004330001,1183512,TX0103276
48005018002,1183580,TX0091910
48005025001,1183584,TX0025372
48005177001,1183663,TX0074861
48005265001,1183669,TX0085707
48007087001,1183910,TX0022462
48008048001,1184395,TX0024465
51000225005,1192850,VA0070106
42005113001,1196611,PA0029122
55000026001,1206021,WI0030627
55000430001,1206076,WI0020419
55000740080,1206110,WI0029459
55001750001,1206250,WI0024023
55002151001,1206290,WI0029025
55002155001,1206291,WI0035483
55002600001,1206362,WI0061361
55002830001,1206389,WI0020273
55003720001,1206537,WI0030651
55004490001,1206635,WI0028819
55005420001,1206745,WI0028444
55007710001,1206802,WI0031551
55009638001,1206903,WI0029602
24000300051,1214449,MD0022713
36001019001,1220292,NY0020168
36003107002,1220537,NY0024538
36005018001,1220833,NY0020231
36005063001,1220874,NY0028240
36006082001,1220995,NY0020923
36007189002,1221170,NY0029114
36008005001,1221204,NY0020907
36009055001,1221375,NY0020826
36009066001,1221381,NY0025950
36009082003,1221410,NY0095401
19000800001,1124148,IA0033740
19000847001,1124192,IA0033201
19001023002,1124302,IA0035220
16000068001,1128618,ID0020206
16000123001,1128661,ID0020303
20000103001,1130115,KS0092223
20000127001,1130136,KS0030651
20000136001,1130146,KS0098485
20000211001,1130200,KS0048411
20000418001,1130239,KS0094609
20000498011,1130309,KS0092738
20000499014,1130325,KS0117731
20000504001,1130328,KS0049786
20000506001,1130330,KS0026263
20001129001,1130519,KS0116521
29001012001,1133255,MO0049506
29001016001,1133263,MO0036242
29001033001,1133311,MO0036757
29001041001,1133322,MO0118966
29001241001,1133616,MO0039659
37005004001,1153459,NC0020214
29002012001,1133630,MO0022969
29002153001,1133710,MO0048712
29002211004,1133735,MO0115410
29003081001,1133912,MO0042579
29003082001,1133913,MO0102318
29003122001,1133923,MO0047350
29003210001,1133933,MO0121886
29003508001,1133976,MO0028037
29003665010,1133989,MO0122581
29003865001,1134023,MO0053457
29004034003,1134056,MO0093564
29004064003,1134083,MO0022063
21000018001,1139483,KY0022373
21000558001,1139844,KY0042854
23000006001,1142436,ME0100781
23000008001,1142439,ME0100102
23000053001,1142488,ME0101681
23000134001,1142572,ME0101907
31001704001,1145984,NE0024228
31002038001,1146027,NE0028100
31002410001,1146058,NE0113000
27000156001,1148022,MN0020494
27000233001,1148090,MNG580010
27000349001,1148170,MN0020222
27003201001,1148276,MN0023035
27003804001,1148312,MN0020559
27003904001,1148316,MNG580150
38000052001,1151305,NDG321857
38000099001,1151349,NDG320008
38000121001,1151368,NDG320435
38000249001,1151489,NDG321792
37004501001,1153437,NC0025534
45000217001,1157111,SC0020010
45000275001,1157178,SC0045462
45000614030,1157246,SC0040002
30000073001,1159136,MT0021750
41000022013,1164288,OR0029777
47000100001,1165978,TN0020591
47000480001,1166047,TN0023001
47000697001,1166086,TN0020753
47000995001,1166146,TN0024945
47000996001,1166147,TN0062057
47001230001,1166184,TN0021105
47001265001,1166186,TN0061565
47001325001,1166199,TN0026638
47001425001,1166215,TN0026409
22001280001,1168269,LA0047180
22003100001,1168361,LAG560140
22003112001,1168370,LA0033251
22003165001,1168422,LA0063037
40000092001,1172504,OK0021512
40000527001,1172743,OKG580014
40000714002,1172836,OK0026701
06003061001,1175428,CA0047364
06005062001,1175583,CA0079243
06005064001,1175585,CA0079219
06008001001,1175945,CA0105350
46000043001,1179145,SD0020613
53000292003,1180780,WA0037770
53001720001,1180996,WA0023981
53002630001,1181098,WA0029386
48000004003,1182789,TX0078841
48001003002,1182872,TX0072800
48001012001,1182883,TX0065013
48001129001,1182932,TX0115282
01000098001,1101930,AL0050644
01000127002,1101958,AL0059218
05000152001,1104984,AR0022381
05000180001,1105011,AR0045284
05000232001,1105060,AR0033707
05000538001,1105338,AR0044237
05000704001,1105501,AR0021377
13000573001,1109372,GA0026247
17000010001,1113303,ILG580129
17000596001,1113875,IL0063096
17001216001,1114061,ILG580144
17005802001,1114256,ILG580135
17007114001,1114298,IL0022497
17007118001,1114300,ILG580154
39001666003,1080952,OH0024660
39002443001,1081001,OH0020907
39002969008,1081065,OH0028924
39004595004,1081195,OH0026140
39005936001,1081327,OH0050571
39005999001,1081331,OH0026743
39008072015,1081592,OH0033839
39008372001,1081626,OH0021644
26000036001,1088333,MI0020800
26000149002,1088388,MI0024139
26000163001,1088400,MI0020958
26000344001,1088485,MI0023108
26000727002,1088628,MI0042676
26001112001,1088683,MI0045942
26003072001,1088878,MIG580208
25000031001,1092333,MA0100901
25000059001,1092362,MA0101508
54001013001,1094767,WV0020621
54002415001,1094973,WV0024953
54002701001,1095005,WV0020338
54004012001,1095174,WV0024503
54004401001,1095232,WV0042692
01000007001,1101833,AL0022195
01000085002,1101918,AL0057428
01000267002,1102097,AL0061671
01000292001,1102119,AL0061981
01000304001,1102128,AL0048372
02000116001,1104797,AK0021890
05000004003,1104859,AR0033316
05000006002,1104864,AR0043401
05000017001,1104884,AR0021768
05000097001,1104933,AR0020184
05000360001,1105175,AR0041432
05000376001,1105187,AR0047643
05000421001,1105212,AR0034606
05000552001,1105353,AR0045934
05000622001,1105423,AR0020354
05000624001,1105425,AR0035483
13000031004,1109003,GA0024147
13000199001,1109220,GA0024503
13000833001,1109657,GA0025500
17000013001,1113305,IL0027341
17000034001,1113325,IL0065251
17000040001,1113331,ILG580186
17000181001,1113458,ILG580268
17000322001,1113588,ILG582018
17000352001,1113620,IL0030791
17000402001,1113668,IL0021989
17000594001,1113872,ILG580158
17000603001,1113882,ILG580057
17000614001,1113889,IL0024996
17000715001,1113989,IL0021547
17001109001,1114045,IL0020575
17003716001,1114164,IL0020524
17005318001,1114218,ILG580243
17005805001,1114259,IL0075191
17007312001,1114327,ILG580113
17009305001,1114412,IL0065447
18004859001,1120428,IN0040444
19000030001,1123479,IA0035050
19000065001,1123510,IA0061468
19000585001,1123966,IA0056693
16000001001,1128546,ID0021784
16000111001,1128651,ID0020311
16000118001,1128658,ID0021806
20000408001,1130232,KS0026174
20000446001,1130265,KS0099635
20000785001,1130400,KS0097110
20000955001,1130460,KS0097225
29001007001,1133234,MO0093513
29001113001,1133394,MO0104370
29001217001,1133549,MO0099961
29002120001,1133697,MO0025186
19000136001,1123564,IA0021067
19000275001,1123689,IA0047988
19000386001,1123782,IA0047902
19000407001,1123801,IA0031232
19000498001,1123889,IA0036544
19000513001,1123902,IA0028614
19000615001,1123993,IA0027391
19001027001,1124306,IA0058726
16000089001,1128639,ID0024490
20000105001,1130117,KS0031461
20000130001,1130139,KS0090999
20000203001,1130198,KS0047236
20000315001,1130220,KS0097055
20000476001,1130292,KS0086568
20000724001,1130381,KS0046027
20001102001,1130498,KS0098647
20001238001,1130562,KS0085979
29001049001,1133330,MO0099171
29001052001,1133332,MO0095567
29001123001,1133403,MO0099678
29002005001,1133625,MO0113808
29002233001,1133744,MO0133086
29002374001,1133812,MO0048054
29002489001,1133864,MO0028592
29002489002,1133865,MO0028584
29003246001,1133943,MO0027570
29004084001,1134098,MO0099830
21000100001,1139564,KY0063649
23000019001,1142450,ME0101320
31000913001,1145881,NE0021725
31001045001,1145901,NE0043702
31001695001,1145979,NE0021245
31002215001,1146042,NE0030767
31002295001,1146051,NE0040959
27001802001,1148240,MN0021121
27009401001,1148479,MN0022764
38000045001,1151298,NDG320958
38000066001,1151319,NDG320095
38000067001,1151320,NDG123761
37000703001,1153122,NC0021521
37001401002,1153195,NC0023736
45000219003,1157114,SC0021733
28000845001,1160386,MS0036234
41000070001,1164332,OR0020699
41000071001,1164333,OR0020818
41000157001,1164400,OR0022390
41000164001,1164405,OR0020761
47000215001,1166001,TN0063886
47000245002,1166006,TN0024210
47000580001,1166063,TN0067733
22000700003,1168223,LA0036391
22000875001,1168238,LA0043974
22003311001,1168512,LA0033014
22003346001,1168533,LA0042544
40000533001,1172749,OK0028878
40000570001,1172764,OK0028321
40000640001,1172799,OK0022772
40000804001,1172879,OK0020281
06004009002,1175478,CA0053619
06008019001,1175972,CA0105619
46000079001,1179182,SD0022659
46000089001,1179189,SD0023361
53000982004,1180883,WA0040479
53002145001,1181039,WA0020559
53002570001,1181089,WA0024546
48001127001,1182930,TX0107492
48003029001,1183192,TX0075647
48003060001,1183218,TX0075396
48003076001,1183227,TX0075868
48004111002,1183420,TX0023116
48005010001,1183572,TX0052931
48005036001,1183593,TX0027545
48007021003,1183795,TX0098914
48007039043,1183838,TX0063002
48007142001,1183956,TX0023833
48007709001,1184229,TX0075795
48008015004,1184360,TX0077801
51000002001,1192578,VA0025054
51000071002,1192657,VA0076881
51000074001,1192660,VA0026417
17005323001,1114221,ILG580140
17006504001,1114282,ILG580272
17007416001,1114337,IL0029980
17007521001,1114354,IL0031241
17008501001,1114389,IL0047236
17009011001,1114396,ILG580048
17009201001,1114407,ILG580001
18000880001,1120231,IN0023892
18001833001,1120259,IN0022624
18005831001,1120516,IN0021113
15000003002,1123267,HI0021296
15000003022,1123275,HI0020109
19000006001,1123455,IA0057754
19000029001,1123478,IA0042854
19000037001,1123485,IA0028517
19000089001,1123528,IA0028975
19000102001,1123540,IA0062006
19000279001,1123693,IA0026603
19000528001,1123917,IA0021288
19000630001,1124006,IA0073601
19000773001,1124123,IA0032522
19000855001,1124200,IA0035033
19000907001,1124244,IA0071196
20000402001,1130227,KS0096733
20000462001,1130279,KS0099139
29001047001,1133328,MO0023299
29001172001,1133495,MO0055204
29002154001,1133711,MO0025844
29002401001,1133826,MO0104299
29004094001,1134104,MO0129828
21000001001,1139468,KY0021491
23000044001,1142478,ME0100978
23000150001,1142585,ME0102491
35000019001,1145020,NM0020273
35000112003,1145113,NM0020681
31000956001,1145890,NE0023779
31001700001,1145980,NE0025399
27000001005,1147880,MN0029998
27000146001,1148015,MNG580178
27000166001,1148031,MN0023337
27000255001,1148108,MN0021202
27007516001,1148423,MN0051004
38000043001,1151296,NDG321369
38000239001,1151479,NDG320460
38000358001,1151594,NDG220389
37001104001,1153165,NC0024911
37003301001,1153336,NC0030317
37003901003,1153389,NC0025054
37008102001,1153681,NC0025909
37008107001,1153684,NC0025381
37009401001,1153781,NC0048861
30000022001,1159093,MT0022713
28000110001,1160199,MS0023159
41000282001,1164488,OR0022560
47000170002,1165988,TN0023531
22000535001,1168205,LA0049883
22000640001,1168217,LA0033260
22003008001,1168291,LA0039055
22003184001,1168438,LAG540537
22003331001,1168528,LA0068381
49000053001,1170408,UT0020419
49000053001,1170408,UTL020419
40000002002,1172416,OK0028037
40000008001,1172424,OK0026107
40000074001,1172492,OKG580052
40000536001,1172751,OK0045951
40000575001,1172767,OK0027740
40000702001,1172831,OK0028291
40000715001,1172837,OK0028517
40000724001,1172840,OK0035301
06004009001,1175477,CA0053813
06005009001,1175529,CA0077682
06005265001,1175744,CA0078930
06005783001,1175853,CA0080489
53000380001,1180793,WA0024341
53000805001,1180851,WA0008012
29003548005,469457,MO0106151
10000019001,1066468,DEL020028
10000019001,1066468,DE0020028
08000009001,1066817,CO0041254
08000072001,1066875,CO0026671
08000345001,1067131,CO0037729
12000074001,1078201,FL0027651
12000097002,1078231,FL0103349
39000310001,1080722,OH0021032
39000574001,1080820,OH0024040
19000648001,1124021,IA0041815
39001617001,1080919,OH0021636
39001666001,1080950,OH0024643
39002156001,1080987,OH0024929
39004074001,1081151,OH0025933
39004660001,1081216,OH0058971
39005551001,1081296,OH0026654
39007329001,1081516,OH0022128
39008785001,1081667,OH0021598
39009600007,1081733,OH0085561
26000050001,1088340,MI0053562
26000263001,1088448,MIG580364
26000468001,1088530,MI0020877
26000924001,1088648,MI0025577
26002107001,1088776,MI0022489
50000088001,1094138,VT0100919
54002405001,1094968,WV0023353
54003310001,1095102,WV0040371
54004110001,1095191,WV0080403
33000029001,1100926,NHG580021
01000121001,1101953,AL0023761
02000106001,1104788,AK0022551
05000144001,1104976,AR0045489
05000308001,1105135,AR0033758
05000717001,1105513,AR0022268
05000816001,1105582,AR0045837
13000084001,1109087,GA0030333
13000118001,1109120,GA0020389
13000154001,1109159,GA0038377
13000195007,1109211,GA0021733
13000537002,1109336,GA0037435
13000667003,1109488,GA0032719
13000805001,1109627,GA0021563
13000827002,1109652,GA0021814
13000862002,1109686,GA0032395
17000054001,1113342,ILG580090
17000299002,1113568,IL0025119
17000338001,1113606,IL0029947
17000348001,1113617,IL0021156
17000443001,1113714,IL0024201
17000637001,1113908,IL0062260
17000718001,1113992,IL0023469
17005201001,1114206,IL0020273
17005303001,1114211,IL0030091
17009014001,1114398,IL0028177
18000902001,1120232,IN0023817
18001611001,1120249,IN0039411
18003160002,1120293,IN0054402
18003320001,1120308,IN0040754
18004232001,1120341,IN0020907
18005313001,1120481,IN0020516
18005473001,1120499,IN0060038
19000020001,1123470,IA0028932
19000024001,1123474,IA0025895
19000082001,1123522,IA0034347
19000124001,1123555,IA0081566
19000263001,1123679,IA0025933
19000284001,1123697,IA0074381
19000396001,1123792,IA0031429
19000732001,1124091,IA0057436
19000830001,1124176,IA0041963
19000839001,1124184,IA0043681
19000941001,1124273,IA0061310
19001016001,1124295,IA0021334
19001020001,1124299,IA0032514
16000008001,1128556,ID0022063
16000080001,1128630,ID0020125
16000085001,1128635,ID0028002
16000127001,1128664,ID0020095
20000458001,1130277,KS0093301
20000609001,1130348,KS0048437
29001043001,1133324,MO0041092
29001082001,1133363,MO0101346
29001182001,1133506,MO0025283
29002193002,1133725,MO0108090
29002241001,1133747,MO0092827
29002454001,1133848,MO0099856
29002501001,1133877,MO0040002
29003744001,1134011,MO0039748
21000168003,1139609,KY0079898
21000207001,1139638,KY0021571
21000219001,1139650,KY0023442
21000235001,1139664,KY0026913
29002417001,1133837,MO0117013
29003040001,1133896,MO0042480
29003780001,1134015,MO0039764
29004044001,1134066,MO0100684
29004096001,1134106,MO0030473
29004131001,1134145,MO0055395
29004155001,1134167,MO0109274
21000017001,1139482,KY0035467
21000072001,1139537,KY0091561
21000110001,1139572,KY0028363
21000274001,1139697,KY0022934
23000037001,1142471,ME0100226
23000068002,1142505,ME0101486
23000119001,1142558,ME0102369
35000071001,1145086,NM0023396
35000118001,1145116,NM0024066
31000451001,1145831,NE0021679
27000306001,1148133,MN0024783
27001515001,1148222,MN0021890
27001518001,1148223,MN0020583
27003107001,1148273,MN0021172
38000005001,1151260,ND0022896
38000044001,1151297,NDG321181
38000084001,1151336,NDG321636
38000138001,1151385,NDG220036
38000163001,1151408,NDG322357
38000277001,1151517,NDG320842
38000294001,1151534,NDG122730
38000330001,1151566,NDG320478
37003201008,1153334,NC0047597
37009403001,1153782,NC0036315
45000609002,1157229,SC0037974
30000080001,1159142,MT0020001
47000195001,1165995,TN0062626
47000710001,1166091,TN0062634
47003035001,1166274,TN0067083
22000980001,1168249,LA0039829
22003349001,1168536,LA0044695
49000015001,1170372,UT0020893
40000028001,1172450,OK0022861
40000661001,1172810,OK0034631
06002108001,1175347,CA0037851
06005066001,1175587,CA0078950
53000140001,1180758,WA0020150
53000658002,1180827,WA0023451
53000920001,1180863,WA0037061
53001595001,1180975,WA0023183
48000001003,1182783,TX0026506
48001106001,1182911,TX0091243
48001108001,1182913,TX0027782
48004075001,1183386,TX0027537
48006064001,1183722,TX0057673
48007002001,1183772,TX0056316
48007033001,1183814,TX0020109
48007057002,1183878,TX0053473
48007059003,1183882,TX0100170
48007305001,1184059,TX0072702
48007413001,1184066,TX0025054
48007669001,1184203,TX0023612
48008150001,1184447,TX0066648
51000113001,1192701,VA0062103
51000173001,1192766,VA0025992
51000204001,1192818,VA0020788
42002118002,1195888,PA0027065
42003106001,1196084,PA0027189
42005239004,1196730,PA0026417
55000041001,1206034,WI0049859
55000180080,1206050,WI0061191
55001111011,1206152,WI0035114
55004200001,1206597,WI0029041
55004250001,1206608,WI0020796
55005391001,1206741,WI0031402
55008140001,1206818,WI0031470
24000090013,1214407,MD0023957
36003003001,1220322,NY0164933
51000108003,1192692,VA0031321
51000252001,1192872,VA0021105
51000341001,1192993,VA0029513
51000350001,1192997,VA0023183
42001066001,1195566,PA0021547
55000320001,1206063,WI0029131
55004272001,1206610,WI0031704
55004732001,1206655,WI0030431
55005091001,1206711,WI0022772
55008920001,1206849,WI0021393
24000047001,1214289,MD0022730
36001020001,1220293,NY0023922
36001022001,1220297,NY0028908
36003023001,1220377,NY0110281
36003032001,1220389,NY0021890
36003119001,1220559,NY0030724
36004044001,1220745,NY0192309
36004050001,1220748,NY0020516
36004064002,1220763,NY0026867
36006048001,1220971,NY0207004
36006084001,1220998,NY0235776
36006097002,1221014,NY0034762
36007136008,1221121,NY0027596
48003067001,1227810,TX0053651
48003095001,1227820,TX0022454
48003207001,1227829,TX0084395
48006055001,1227900,TX0024163
48007818001,1227936,TX0084042
55000990001,1229153,WI0022799
31001468001,1230225,NE0040282
20000310001,1230873,KS0080870
20001535001,1230948,KS0026450
36003038002,1232108,NY0020273
17009015001,1232763,ILG580194
29003868001,1233287,MO0100714
29004000001,1233288,MO0093165
47000495001,1235042,TN0062332
47000790001,1235052,TN0028754
51000354001,1236001,VA0024899
37000302001,1236355,NC0026913
37008004001,1236392,NC0049867
05000333001,1237655,AR0034134
05000453001,1237660,AR0022187
39000078001,1237809,OH0020559
48007039102,2883840,TX0103721
48003107001,3164109,TX0112283
28000327502,3201028,MS0061271
29004104001,3476957,MO0128562
54002907001,3510476,WV0103748
35200900301,3514036,NM0020770
39004263002,3518997,OH0136603
13000999005,3532796,GA0038806
48001310001,1183052,TX0076392
48004219001,1183472,TX0042650
48007140001,1183954,TX0023337
51001400030,1193048,VA0074161
42000053001,1195391,PA0026298
42001057001,1195555,PA0031127
42003116001,1196092,PA0044113
42004107001,1196327,PA0205869
42004116001,1196341,PA0032611
42005008004,1196460,PA0028177
55004750001,1206656,WI0020877
55001700002,1206241,WI0023981
55003820001,1206551,WI0049760
24000005001,1214158,MD0022446
24000059001,1214334,MD0020010
36002001005,1220309,NY0026115
36006005001,1220936,NY0036528
36007048001,1221082,NY0020338
48006009001,1227896,TX0047589
55000070001,1229127,WI0022101
55003080001,1229205,WI0060453
55003500001,1229212,WI0022861
31001910001,1230245,NE0046256
27000128001,1231492,MN0021946
27001018001,1231512,MN0039748
27009223001,1231561,MNG580060
27009501001,1231564,MN0020362
36009059001,1232186,NY0022411
18005132001,1234213,IN0022144
18005391001,1234223,IN0024937
19000523001,1234662,IA0021032
47000290002,1235037,TN0056103
37001608001,1236364,NC0021555
37009502001,1236402,NC0020621
40000666001,1236890,OK0027448
24000065005,1238381,MD0052256
17001017001,2848700,IL0074969
33000091001,2873783,NH0100676
54000317001,3036109,WV0035939
39000351008,3368859,OH0053465
37005302001,3486696,NC0059242
05000057003,3501241,AR0045608
48003033014,3514808,TX0124800
18120000030,3525066,IN0062855
18120000050,3525137,IN0060097
08201200005,3526380,CO0047091
13009990003,3532116,GA0038733
29001239103,3536876,MO0132152
47001015001,3542597,TN0080411
39000288007,384894,OH0079090
17002019001,392666,IL0071064
37003507001,400671,NC0069311
21000319001,1139730,KY0021296
21000361001,1139759,KY0060259
23000068001,1142504,ME0100552
23000075001,1142513,ME0100790
44000022001,1144304,RI0100315
31000221001,1145788,NE0025429
31000685001,1145855,NE0021199
27000194001,1148056,MN0020303
27000225001,1148086,MN0023884
27000247001,1148102,MNG580064
27000318001,1148141,MN0041076
27000320001,1148143,MN0020788
27000325001,1148148,MN0020150
27003409001,1148292,MN0025224
27008906001,1148449,MNG580053
38000060001,1151313,NDG321741
37001003001,1153148,NC0044873
37008303001,1153698,NC0020656
30000011001,1159085,MT0021601
30000134001,1159185,MT0022616
28000080001,1160192,MS0059692
28001385002,1160528,MS0042048
41000231001,1164446,OR0032441
22001173001,1168263,LAG570077
22003141002,1168405,LA0068292
22003400001,1168566,LA0032301
22003416001,1168580,LA0051217
49000204001,1170546,UT0025950
49000204001,1170546,UTL002595
40000016001,1172436,OK0020141
40000057001,1172478,OK0020206
40000083001,1172499,OK0034118
40000188001,1172575,OK0029017
40000373001,1172648,OK0026964
40000553001,1172759,OK0031631
06001032001,1175200,CA0023639
06005198001,1175702,CA0079898
06009028001,1176063,CA0107999
53001535001,1180970,WA0022560
48001130002,1182934,TX0023361
48003109001,1183254,TX0118702
48007039006,1183824,TX0035106
48007501001,1184107,TX0072150
48007725001,1184239,TX0078964
48008073001,1184414,TX0053287
48009009001,1184472,TX0025712
51000291001,1192913,VA0066303
51000308004,1192946,VA0081311
55000560001,1206087,WI0021105
55002490001,1206337,WI0029581
55002827001,1206388,WI0036838
55005080001,1206710,WI0030490
24000048002,1214291,MD0020800
24000048002,1214291,MDL020800
24000051001,1214309,MD0021610
24000090014,1214408,MD0023868
36002001004,1220308,NY0026239
36002001012,1220316,NY0026247
36003176001,1220661,NY0109584
36005053001,1220865,NY0183695
36006032001,1220959,NY0020931
36007090001,1221096,NY0027561
36007136009,1221122,NY0027723
36008084001,1221275,NY0023965
48002138001,1227800,TX0002011
48004078004,1227845,TX0047228
55000943001,1229152,WI0020711
55002660001,1229195,WI0029114
55003940001,1229221,WI0022403
31000015001,1230162,NE0112267
29003747001,1233284,MO0094188
18004654001,1234208,IN0020770
19000151001,1234643,IA0062936
19000600001,1234669,IA0024503
19000603001,1234670,IA0031704
21000065001,1235486,KY0024694
36003019001,1220353,NY0026255
36004032001,1220726,NY0026034
36005008001,1220818,NY0023949
36006021001,1220952,NY0022501
36006123001,1221028,NY0030180
36007069001,1221088,NY0021407
36007222001,1221188,NY0029190
36007224001,1221189,NY0110493
36008267001,1221334,NY0028231
48001110001,1227763,TX0075451
48001242001,1227775,TX0022152
48003110001,1227823,TX0027197
48003118001,1227826,TX0075639
48005094001,1227885,TX0022748
55002160001,1229183,WI0020583
31002230001,1230259,NE0023884
20000704001,1230894,KS0080683
27007116001,1231550,MN0021270
29003587001,1233278,MO0111821
19000148001,1234642,IA0071081
19000867001,1234686,IA0059072
47000375002,1235040,TN0066958
01000000182,3613604,AL0080225
37007401001,1236387,NC0023931
39007875001,1237833,OH0027481
54004304001,1239029,WV0022357
39000288003,2806117,OH0058831
36008276001,2878280,NY0246930
22003043002,2905982,LAG570196
20000208001,2919006,KS0095435
20000000032,3613610,KS0119296
34001112002,3102975,NJ0026174
35000027001,1145036,NML000003
17002082001,3531716,IL0023647
29001224001,3537696,MO0113450
40000081001,394438,OKG580051
55000650001,433664,WI0043974
35000028001,1145037,NM0030872
17007414001,1114336,IL0027197
39000161003,424731,OH0146072
17007403001,1114332,IL0025003
08000037002,1066841,CO0026425
08000172001,1066966,CO0028819
08000196001,1066988,CO0020451
08000330001,1067118,COG589014
04002301001,1069595,AZ0025607
34001398001,1073465,NJ0025038
34002026001,1073505,NJ0023787
34005085001,1073743,NJ0024023
34005274001,1073758,NJ0062201
39000029001,1080451,OH0058246
39000031001,1080453,OH0053881
27044000211,425905,MN0059871
08000104001,1066905,CO0047287
08000181001,1066975,CO0032409
04000703001,1069374,AZ0020117
09000641003,1071843,CT0100170
09001220001,1071919,CT0100498
12000386001,1078434,FL0023981
39000277001,1080692,OH0054038
39000352001,1080763,OH0025771
39001660013,1080937,OH0049310
39002969028,1081078,OH0123625
39004650001,1081207,OH0034223
39006140001,1081432,OH0026794
39009136001,1081703,OH0022144
26000065001,1088349,MI0020435
26000132001,1088375,MIG580094
26000159001,1088395,MIG580226
26000170001,1088407,MI0057466
26000491001,1088554,MIG580359
26000515001,1088568,MI0023647
26000935001,1088656,MI0022942
26002085001,1088756,MI0023779
26003079001,1088884,MI0056324
26003131001,1088918,MIG580343
26004011001,1089033,MI0028720
25000189001,1092473,MA0102873
50000015001,1094064,VT0100072
50000061001,1094111,VT0100871
50000098001,1094148,VT0101061
54001207001,1094799,WV0101524
54004801002,1095264,WV0048861
33000087001,1100976,NH0101303
01000027001,1101856,AL0050938
01000072001,1101904,AL0056120
01000086001,1101923,AL0020699
01000207002,1102046,AL0056332
01000239001,1102068,AL0062723
05000260001,1105088,AR0034789
05000488001,1105272,AR0021679
05000504001,1105304,AR0037397
13000530001,1109329,GA0033375
17000164001,1113444,IL0031739
17000168001,1113446,IL0022004
17000397001,1113664,ILG580260
17000703001,1113964,IL0022055
17001814001,1114113,ILG580028
17005016001,1114196,ILG580091
17008601001,1114393,ILG580046
18000027001,1120078,IN0042358
18000326001,1120164,IN0020800
18002050001,1120265,IN0032964
18002200001,1120277,IN0031020
18004375001,1120357,IN0052698
18004454001,1120363,IN0039390
18005731001,1120507,IN0041670
19000086001,1123526,IA0042889
19000254001,1123671,IA0027421
19000266001,1123681,IA0021962
19000291001,1123702,IA0028967
19000304001,1123712,IA0027219
19000315001,1123722,IA0069175
19000330001,1123735,IA0036137
19000343001,1123745,IA0043486
19000459001,1123851,IA0024589
19000515001,1123904,IA0042919
19000616001,1123994,IA0058891
19000632001,1124008,IA0032506
19000681001,1124050,IA0033693
19000690001,1124056,IA0035173
19000798001,1124146,IA0043095
19001075001,1124349,IA0040274
19001096001,1124364,IA0070751
20000129002,1130138,KS0050377
20000196001,1130193,KS0095494
20000905001,1130422,KS0080900
20000933001,1130445,KS0022551
20000998001,1130479,KS0089907
20001707001,1130680,KS0117030
29001065001,1133346,MO0093785
29001212001,1133543,MO0048208
29001214001,1133545,MO0111287
29001239009,1133614,MO0116114
29002082001,1133671,MO0042013
29002144001,1133707,MO0106348
29002325001,1133783,MO0122599
29002511001,1133880,MO0026301
21000126001,1139592,KY0021512
08000109001,1066910,CO0021954
08000247001,1067036,CO0040487
08000255001,1067044,COX044873
04002112001,1069585,AZ0020681
09000720001,1071859,CT0101681
09001310001,1071931,CT0100536
09001320001,1071932,CT0100510
09001370003,1071940,CT0101281
09001410001,1071945,CT0100706
34002109005,1073530,NJ0050369
34004015001,1073703,NJ0053007
39000009001,1080431,OH0023876
39000022001,1080444,OH0079103
39000287001,1080701,OH0021831
39000299001,1080713,OH0023361
39000309001,1080721,OH0039292
39000326001,1080736,OH0047791
39000399001,1080808,OH0023981
39001199007,1080877,OH0072087
39002969007,1081064,OH0028886
39003178001,1081087,OH0021881
39003538001,1081120,OH0025763
39005523001,1081294,OH0026646
39006335001,1081445,OH0105929
39008358001,1081623,OH0027863
39008800001,1081668,OH0020133
39009093001,1081702,OH0045462
26000237001,1088436,MI0053406
26003026001,1088837,MI0048399
26003170001,1088943,MI0023744
26003184001,1088948,MI0046337
26003206001,1088961,MI0020257
25000230001,1092515,MA0100641
50000033001,1094083,VT0101028
50000040001,1094090,VT0100471
50000089001,1094140,VT0100510
54001018001,1094777,WV0040541
54002001001,1094894,WV0021946
54004799001,1095262,WV0106011
54005409001,1095321,WV0022071
33000077001,1100966,NH0100625
33000161001,1101006,NH0100790
01000014001,1101840,AL0050237
01000037002,1101866,AL0021458
01000051001,1101883,AL0067903
01000085001,1101917,AL0058394
01000152001,1101987,AL0063002
01000197023,1102037,AL0050881
01000330001,1102146,AL0054356
02000107001,1104791,AK0023451
05000156001,1104988,AR0040321
13000073001,1109072,GA0038725
13000078003,1109081,GA0033715
13000083001,1109086,GA0025623
13000104003,1109106,GA0046485
13000205006,1109234,GA0036951
13000795001,1109618,GA0032344
17001512001,1114100,IL0071978
17003506001,1114146,IL0023281
17005711001,1114249,IL0049573
17005907002,1114272,ILG580151
17007517001,1114352,ILG580035
17007606001,1114362,ILG580270
18000122001,1120131,IN0033081
18000302001,1120161,IN0022608
18000501001,1120193,IN0022136
18001775001,1120255,IN0020010
18003130001,1120290,IN0025135
18004233001,1120342,IN0040355
18004691001,1120398,IN0023736
18005072001,1120451,IN0023418
19000107001,1123543,IA0058564
19000137001,1123565,IA0027472
19000508001,1123897,IA0041971
19000568001,1123950,IA0048330
19000574001,1123956,IA0025364
19000609001,1123989,IA0075221
05000742001,1237667,AR0035246
39006391001,1237830,OH0026930
39009143001,1237835,OH0020681
41000062001,1238048,OR0028801
24000049001,1238376,MD0020958
39002969030,2806293,OH0089605
39004563002,2806480,OH0120430
48005011001,2917043,TX0104272
22000195002,3026608,LA0065706
24000067015,3046510,MD0059463
05000195002,3067076,AR0040967
39002969034,3098888,OH0134279
37001015001,3109168,NC0075540
49000337001,3193008,UT0022403
28000260003,3370311,MS0043656
08000115301,3418405,CO0046663
05000051001,3501298,AR0034401
21000018002,372420,KYP000044
17002025001,415708,ILG580217
08000055001,1066858,COG589072
08000085001,1066889,COG589114
08000241001,1067030,COG589067
08000243001,1067032,COG589083
08000244001,1067033,CO0044903
08000303001,1067089,COX631013
34001077001,1073311,NJ0024813
34001090001,1073315,NJ0024643
34004001001,1073692,NJ0024473
34007008001,1073853,NJ0027481
34007205001,1073880,NJ0031810
12000054001,1078174,FL0026557
39000088001,1080512,OH0055212
39000194001,1080616,OH0036561
39000297001,1080711,OH0026271
39000333001,1080744,OH0095257
39001370004,1080904,OH0049646
39002261001,1080992,OH0024945
39002828001,1081044,OH0020800
39005355001,1081278,OH0026565
39006727001,1081472,OH0054917
39006848001,1081495,OH0049476
39006874001,1081497,OH0021351
39008072018,1081595,OH0064017
39008421001,1081636,OH0020001
39008659001,1081658,OH0028002
39009600002,1081729,OH0078441
26000168001,1088405,MIG580080
26000474001,1088535,MIG580086
26000482001,1088545,MIG580088
26002080001,1088755,MIG580151
26003186001,1088951,MI0057737
25000048001,1092351,MA0100404
33000019001,1100913,NHG580404
33000040001,1100936,NH0100153
01000039001,1101868,AL0024236
39000186001,1080608,OH0126063
39000236001,1080658,OH0140970
39000294001,1080708,OH0023906
39001190001,1080869,OH0021580
39003367001,1081107,OH0025445
39005051003,1081257,OH0043567
39008360001,1081624,OH0020079
39009051001,1081695,OH0028126
26001123001,1088687,MIG580281
26004020001,1089042,MIG580291
50000018001,1094069,VT0100897
50000021001,1094072,VT0100633
50000052001,1094103,VT0100692
54001007001,1094764,WV0022314
54001032001,1094785,WV0020672
54003332001,1095114,WV0024589
54003508001,1095136,WV0023230
42000005001,1195349,PA0020575
42001223001,1195689,PA0020176
55000880001,1206121,WI0020915
55001380001,1206178,WI0021351
55001720001,1206243,WI0020974
55003380001,1206483,WI0020699
55004870001,1206671,WI0025631
24000011001,1214174,MD0022454
24000030009,1214249,MD0024759
24000054004,1214314,MD0060941
24000094001,1214424,MD0020699
36002001001,1220305,NY0026131
36003072001,1220478,NY0105252
36005005001,1220816,NY0022195
36009007001,1221343,NY0022381
36009099001,1221443,NY0021474
48001203003,1227770,TX0047074
48004064001,1227841,TX0026581
48008061001,1227942,TX0055077
55001100001,1229157,WI0023663
31001230001,1230214,NE0025453
31001995001,1230249,NE0040894
27005506001,1231544,MN0020231
17003018001,1232735,ILG580213
17003302001,1232736,ILG580034
29004081001,1233300,MO0094765
21000291001,1235513,KY0088625
37004205001,1236372,NC0025691
38000207001,1239325,NDG322063
48001132002,2823642,TX0123781
33000062001,2868700,NH0100331
18005478001,2912982,IN0062049
18006020001,2937867,IN0050105
48003030003,2967924,TX0129437
36007242001,3120615,NY0032344
39004208007,3194569,OH0092096
54003801001,3396676,WV0082210
29001236005,3477410,MO0133884
17002002001,3484051,IL0076368
48004048004,3516419,TX0119849
29002214002,3536976,MO0114987
39000351003,3539996,OH0142026
35201200031,3540296,NM0030724
47000125001,3542560,TN0029718
21000307002,372434,KY0103578
29002212006,484145,MO0125539
08000251001,1067040,COG589013
08000274001,1067063,CO0045748
04000101001,1069307,AZ0025089
04002101001,1069573,AZ0023931
09000690001,1071854,CT0101257
09000840004,1071875,CT0100749
34001324003,1073422,NJ0029084
34002114002,1073533,NJ0023728
34007071001,1073863,NJ0024015
34008504001,1073936,NJ0021890
12000172001,1078336,FL0021938
39000163001,1080588,OH0063681
39000201003,1080625,OH0098469
39000210001,1080633,OH0036579
39000302001,1080715,OH0124478
39001309001,1080896,OH0024333
39001660001,1080926,OH0049387
39003369002,1081109,OH0025461
39007479006,1081530,OH0076309
26000077001,1088354,MI0022063
26002010001,1088709,MI0025381
26002014001,1088721,MI0023531
26003097001,1088894,MIG580335
25000146001,1092429,MA0100862
50000069001,1094120,VT0101141
54000210002,1094706,WV0082759
54001504002,1094832,WV0027502
54003901001,1095153,WVG551384
54003911001,1095160,WV0105651
54004003001,1095166,WV0028045
54004901001,1095272,WV0032336
54005006001,1095279,WV0105732
54005209001,1095299,WV0084433
01000089001,1101925,AL0059331
01000146001,1101982,AL0042838
01000256004,1102087,AL0062448
01000331001,1102148,AL0045683
05000536001,1105336,AR0050857
13000165001,1109171,GA0021491
13000689001,1109510,GA0049166
13000807001,1109629,GA0020770
17000090001,1113376,IL0064092
17000128002,1113403,IL0022128
17000485003,1113757,IL0027618
17000523001,1113800,IL0020354
17000623001,1113898,IL0030660
17000667001,1113934,IL0021733
17001315002,1114078,IL0027316
17002912001,1114122,ILG580142
17003913002,1114182,ILG580105
17009924001,1114455,IL0029301
18000103001,1120115,IN0039331
18000381001,1120179,IN0024554
18000879001,1120230,IN0040282
18005078002,1120457,IN0040771
18005355001,1120488,IN0020729
18005995011,1120522,IN0040088
19000090001,1123529,IA0047805
19000118001,1123550,IA0062049
19000154001,1123579,IA0030945
19000527001,1123916,IA0027189
19000668001,1124040,IA0071188
19000794001,1124142,IA0035971
19000817001,1124162,IA0042978
19000831001,1124177,IA0033766
19000833001,1124179,IA0036129
19000914001,1124251,IA0042960
19000938001,1124270,IA0032387
16000032001,1128579,ID0021831
20000117001,1130126,KS0097811
20000184001,1130187,KS0028231
20000433001,1130255,KS0055581
20000499001,1130316,KS0116556
20000511001,1130335,KS0036196
20000720001,1130377,KS0046418
20000904001,1130421,KS0045934
20000929001,1130441,KS0048135
29001032001,1133310,MO0108227
29001093001,1133373,MO0125831
29001139001,1133421,MO0033251
29002151001,1133708,MO0106496
29002301001,1133775,MO0025852
29002376001,1133815,MO0102181
29002441001,1133843,MO0109240
29003243001,1133940,MO0095729
29004056001,1134074,MO0055409
29004097001,1134107,MO0129747
21000307001,1139720,KY0020630
44000024001,1144306,RI0100374
31000755001,1145863,NE0021539
31001100001,1145908,NE0028282
27000238001,1148094,MN0051381
27000261001,1148111,MN0041122
27000292001,1148124,MN0023710
27002013001,1148250,MN0025186
27007118001,1148399,MN0054801
38000021001,1151275,NDG122179
38000124001,1151371,ND0021342
38000306001,1151544,ND0022926
37000602001,1153117,NC0026654
37001807002,1153235,NC0024279
37004901001,1153447,NC0031836
30000047001,1159115,MT0022594
30000063001,1159126,MT0022535
30000126001,1159178,MT0020699
41000215001,1164435,OR0028665
41000232011,1164447,OR0032387
47000445001,1166044,TN0023515
47000785001,1166111,TN0022551
47000820001,1166118,TN0021873
47001090001,1166166,TN0020885
22003077001,1168342,LAG560104
49000146001,1170491,UT0020001
49000146001,1170491,UTL020001
40000684001,1172824,OK0027537
06003021001,1175388,CA0048160
06005031001,1175553,CA0077836
06007007001,1175913,CA0105015
53000630001,1180819,WA0021253
53001365001,1180953,WA0024627
53001500001,1180967,WA0020168
48001009008,1182881,TX0101605
48001140001,1182943,TX0053392
48001216002,1182996,TX0034002
48001233001,1183012,TX0021474
48001234001,1183013,TX0026026
48003003001,1183168,TX0024473
48003025001,1183187,TX0026051
48003275001,1183307,TX0085740
48004067001,1183382,TX0123056
48004145001,1183454,TX0023787
48004354003,1183521,TX0024988
48005088001,1183638,TX0024457
48005104001,1183651,TX0020346
48006060001,1183717,TX0088811
48007019001,1183790,TX0069108
48007038001,1183819,TX0023311
48007039066,1183842,TX0055310
48007184001,1183986,TX0084085
48007188001,1183990,TX0069256
48007833001,1184293,TX0068659
48007866001,1184317,TX0053643
51000168001,1192743,VA0022802
51000199012,1192803,VA0025101
42005007001,1196455,PA0037940
42006107001,1197031,PA0025356
55000630001,1206094,WI0022110
55001630001,1206235,WI0020621
55001800001,1206256,WI0029254
55002137001,1206287,WI0032069
55002190001,1206294,WI0024261
55003100001,1206430,WI0036820
55003710001,1206535,WI0022811
55003790001,1206547,WI0020435
55008641001,1206834,WI0028754
55009461001,1206858,WI0022438
55009764001,1206946,WI0031054
55009787001,1206954,WI0028941
55009960001,1207015,WI0032085
24000003004,1214135,MD0021652
36001015022,1220277,NY0079511
36003135001,1220579,NY0030082
36003149001,1220601,NY0109711
36004007001,1220701,NY0030988
36004083001,1220777,NY0030139
36005171001,1220928,NY0248983
36006074002,1220988,NY0029076
36006096002,1221013,NY0022012
36006117001,1221026,NY0020818
36007020001,1221062,NY0110795
36008093001,1221281,NY0027171
36009043001,1221362,NY0106895
36009071001,1221389,NY0028410
48003070001,1227812,TX0033936
48004354004,1227865,TX0047431
55002920001,1229201,WI0024643
55004110001,1229226,WI0031348
31001055001,1230208,NE0049212
31001707001,1230236,NE0112062
27000109001,1231491,MN0029629
47000950001,1235059,TN0062375
40000636001,1236886,OK0031933
22003066001,1237421,LA0044644
01000211001,1239401,AL0020141
39000035601,2806101,OH0088102
39000037003,2806102,OH0092282
35000030005,2925430,NM0020141
05000782001,3194388,AR0048313
28000240007,3201098,MS0054992
39008637008,3362753,OH0072451
39005855006,3367597,OH0095265
29003530001,3477033,MO0128091
29003466001,3500862,MO0132519
48003146001,3507183,TX0122360
51000999999,3509137,VA0066869
39000311008,3513936,OH0039268
35200900104,3515797,NM0022292
18080000023,3520482,IN0038920
01000355001,3520836,AL0076244
21000019004,3540480,KY0094307
48003135001,3543157,TX0119008
05000047001,403124,AR0044881
29002368001,403886,MO0119997
08141000000,423903,CO0028908
29002415002,482158,MO0084158
08000161001,1066956,CO0040959
04001308001,1069439,AZ0020231
04001903017,1069556,AZ0024520
04002118001,1069591,AZ0024449
09002005001,1071983,CT0101320
34001379001,1073447,NJ0024791
12000046001,1078163,FL0032468
12000116001,1078261,FL0021661
12000156002,1078325,FL0036048
39000044002,1080467,OH0099619
39000331001,1080742,OH0050580
39001015001,1080859,OH0021491
39003626001,1081125,OH0021865
39004312001,1081161,OH0112704
39006209001,1081437,OH0026841
39007333002,1081518,OH0091316
39007756001,1081557,OH0020052
39008617001,1081647,OH0027952
39008841001,1081673,OH0054321
39009212001,1081725,OH0022543
26000254001,1088441,MI0021041
26001120001,1088686,MIG580005
26002016001,1088724,MI0025631
26004008001,1089028,MI0026191
25000016001,1092320,MA0100587
25000101001,1092396,MA0101745
25000164001,1092446,MA0101061
50000096001,1094146,VT0100056
50000102001,1094151,VT0100081
50000103001,1094152,VT0100846
54001102001,1094792,WVG551335
54004004001,1095167,WV0031968
54004801001,1095263,WV0048861
33000102001,1100988,NHG580391
01000040001,1101869,AL0024589
01000060001,1101893,AL0023493
01000129001,1101962,AL0053228
01000162001,1101993,AL0021351
01000349002,1102162,AL0022136
01000536001,1102233,AL0060577
05000179001,1105010,AR0020028
05000202001,1105032,AR0045021
05000233001,1105061,AR0021610
05000529001,1105329,AR0021717
05000629001,1105430,AR0034665
13000022002,1108974,GA0026140
13000201001,1109222,GA0024431
17000122001,1113401,ILG580132
17000144003,1113418,IL0064998
17000316001,1113582,ILG582022
17000444001,1113715,IL0020222
17000537009,1113816,IL0030171
17000610001,1113886,IL0033120
17000652001,1113921,IL0022705
17000658001,1113927,IL0020516
17000688001,1113953,ILG580097
17005008001,1114194,ILG580010
17007211001,1114316,IL0027782
17009930001,1114457,IL0021059
18000380001,1120178,IN0020389
18003010001,1120280,IN0021024
18004092002,1120325,IN0021628
19000083001,1123523,IA0030660
19000168001,1123591,IA0062332
19000234001,1123652,IA0082147
19000371001,1123769,IA0036048
19000408001,1123802,IA0058777
19000430001,1123824,IA0023361
19000436001,1123830,IA0077186
19000500001,1123891,IA0047899
19000550001,1123936,IA0022314
19000589001,1123970,IA0020851
19000608001,1123988,IA0056880
19000640001,1124013,IA0036145
20000707001,1130367,KS0024694
20000709001,1130368,KS0046400
20000930001,1130442,KS0026131
20001226001,1130554,KS0086304
20001539001,1130651,KS0046019
29001040001,1133321,MO0056278
29001046001,1133327,MO0023132
29001086001,1133367,MO0095176
29001090001,1133369,MO0111023
29001239003,1133610,MO0085472
29002102001,1133681,MO0089036
29002232001,1133743,MO0135615
29003430001,1133955,MO0023124
29003507001,1133975,MO0054721
29004159001,1134169,MO0028711
21000014001,1139478,KY0020095
21000092001,1139556,KY0020079
23000001001,1142426,ME0102075
23000001011,1142431,ME0102237
31000370001,1145813,NE0045071
31001275001,1145930,NE0049085
31001702001,1145982,NE0113131
31001725001,1145990,NE0049077
31001870001,1146009,NE0040029
31002695001,1146087,NE0040932
27000001001,1147877,MN0029815
27003716001,1148309,MN0024775
27006111001,1148371,MN0023701
38000218001,1151458,NDG323086
38000311001,1151548,NDG323248
38000320001,1151556,NDG321199
38000322001,1151558,NDG322128
38000323001,1151559,NDG222543
37001906001,1153241,NC0035866
37004903001,1153450,NC0087033
37005403001,1153480,NC0021644
37005501001,1153485,NC0025496
45000607006,1157224,SC0037753
30000088001,1159148,MT0020401
28000495001,1160306,MS0020184
41000008001,1164263,OR0022381
47000345001,1166028,TN0021245
47001005001,1166148,TN0062499
22000430001,1168197,LA0006289
22003127001,1168395,LA0049905
49000055001,1170410,UT0021725
49000055001,1170410,UTL021725
40000013001,1172431,OK0026051
40000031001,1172452,OK0031976
40000179001,1172571,OK0033464
40000356001,1172635,OK0028401
40000448001,1172693,OK0020648
40000638001,1172798,OK0022764
40000742001,1172849,OK0030244
06001001001,1175167,CA0023272
06003010001,1175379,CA0048194
06003081001,1175445,CA0048003
06004026001,1175512,CA0056014
06005205001,1175708,CA0079049
53000207010,1180770,WA0024449
53000945001,1180870,WA0022357
53001570001,1180972,WA0051349
48001122001,1182923,TX0062219
48004031001,1183351,TX0024678
48004060001,1183376,TX0022403
48004257001,1183489,TX0072362
48005044001,1183600,TX0057215
48005075001,1183624,TX0024392
48005095001,1183645,TX0082309
48006188001,1183768,TX0031267
48007022001,1183796,TX0058114
48007036001,1183817,TX0025321
48007041001,1183861,TX0053970
48007085001,1183908,TX0027111
48007089001,1183912,TX0025062
48007167001,1183975,TX0084468
48007768001,1184261,TX0053091
48009005001,1184469,TX0047040
51000001001,1192573,VA0088935
51000029001,1192620,VA0085961
51000041001,1192631,VA0026409
51000128001,1192707,VA0067881
51000207010,1192829,VA0087378
51000225001,1192848,VA0026514
51000264001,1192891,VA0023281
51001400025,1193043,VA0031011
42004072001,1196288,PA0037966
55000160001,1206048,WI0022144
55000170001,1206049,WI0023221
55001610001,1206233,WI0031488
55003000001,1206422,WI0024708
55003410001,1206484,WI0029467
55004690001,1206648,WI0021113
55009875001,1206983,WI0031844
55009904001,1206993,WI0028592
24000017001,1214185,MD0055174
24000022003,1214234,MD0052825
24000042024,1214284,MD0055557
36003020002,1220355,NY0149209
36003107004,1220539,NY0145696
36003133001,1220576,NY0109720
36003169012,1220640,NY0026689
36003213001,1220687,NY0022101
36004101002,1220787,NY0026531
36005030001,1220844,NY0029939
36006016001,1220945,NY0021351
36007093001,1221099,NY0090867
48004048001,1227837,TX0047180
48009163001,1227954,TX0071111
55000210001,1229131,WI0021512
55001950001,1229178,WI0020184
55003390001,1229209,WI0024929
31000430001,1230178,NE0024180
31000477001,1230186,NE0049123
20000744001,1230905,KS0048143
20001524001,1230944,KS0046001
27000183001,1231496,MN0022080
27005408001,1231543,MN0024490
17005310001,1232744,IL0020621
19000563001,1234666,IA0077283
47001030001,1235064,TN0020702
21000197001,1235499,KY0028096
21000367001,1235523,KY0105228
51000164001,1235976,VA0020737
22003256001,1237431,LA0038946
22003378001,1237438,LA0043656
26003047001,1239221,MIG580409
39005229001,2999442,OH0020451
39000176102,3173388,OH0129666
33000083002,3185042,NH0090000
39006770017,3202908,OH0133167
29004021001,3500903,MO0131091
48003198001,3509397,TX0129895
13000999022,3539137,GA0047775
08000271001,1067060,COG588056
04002101010,1069579,AZ0022071
09000340001,1071806,CT0100145
09001280001,1071926,CT0100919
34007119001,1073868,NJ0022985
12000099010,1078240,FL0040622
12000125001,1078270,FL0021261
12000241001,1078382,FL0040665
39000023001,1080445,OH0054364
39000071001,1080496,OH0041416
39000183001,1080605,OH0020371
39000256001,1080673,OH0127124
39000290001,1080704,OH0020303
39000385001,1080798,OH0025160
39002394001,1081000,OH0024970
39002933001,1081053,OH0020478
39003962001,1081146,OH0020508
39004718001,1081221,OH0026263
39009240001,1081727,OH0028240
26000068002,1088350,MI0057208
26000486001,1088549,MI0021083
26000501001,1088555,MI0022225
25000033001,1092335,MA0100439
25000035001,1092337,MA0100447
25000042001,1092345,MA0101613
25000192001,1092476,MA0102440
50000032001,1094080,VT0101010
50000079001,1094129,VT0100404
50000113001,1094157,VT0101257
54001721001,1094863,WV0084352
54002902001,1095043,WV0042374
54003304001,1095100,WV0020044
01000176001,1102010,AL0022713
01000310001,1102133,AL0056146
01000332001,1102149,AL0073270
01000381001,1102188,AL0062634
01000403001,1102211,AL0024368
05000135001,1104968,AR0022551
05000352001,1105167,AR0043672
05000431001,1105220,AR0041033
05000559001,1105360,AR0022438
13000061001,1109055,GA0038814
13000514001,1109311,GA0026204
13000552001,1109351,GA0025674
13000800001,1109622,GA0032361
17000021001,1113314,ILG580155
17000056001,1113343,ILG580083
17000242001,1113522,ILG580014
17000327001,1113595,ILG580038
17000438002,1113710,ILG580262
17001204003,1114054,IL0022314
17001414001,1114091,IL0022721
17003713001,1114161,ILG580024
17005103001,1114200,ILG582023
17007520001,1114353,IL0063282
17007603001,1114359,IL0028312
17009514001,1114429,IL0025500
18000056001,1120095,IN0020966
18002210001,1120278,IN0024741
18004914001,1120438,IN0040193
18005074001,1120453,IN0021041
18005311001,1120478,IN0040037
19000064001,1123509,IA0023353
19000381001,1123777,IA0044024
19000417001,1123811,IA0075302
19000491001,1123881,IA0072729
19000516001,1123906,IA0079928
19000802001,1124150,IA0056341
19000811001,1124156,IA0033154
19001057001,1124332,IA0057975
16000025001,1128572,ID0021822
16000087001,1128637,ID0020184
16000175001,1128700,ID0020753
20000406001,1130231,KS0082881
20000690001,1130361,KS0027545
20000705001,1130366,KS0097381
20000730001,1130385,KS0021865
20000842001,1130411,KS0025500
29000893001,1133221,MO0106810
29001147001,1133428,MO0026298
29002103001,1133682,MO0114740
29002354001,1133798,MO0127370
29002442001,1133844,MO0091642
29003087001,1133916,MO0023272
21000085001,1139550,KY0072761
21000166001,1139607,KY0025755
23000020003,1142453,ME0102474
31000197001,1145777,NE0121711
31001445001,1145951,NE0112542
27003404001,1148288,MN0020532
27009706001,1148576,MN0023931
38000036001,1151289,ND0022144
38000156001,1151401,NDG320699
38000169001,1151414,NDG321881
38000291001,1151531,NDG324597
37001806001,1153232,NC0032662
45009203001,1157293,SC0040771
30000056001,1159123,MT0021571
28001355001,1160521,MS0020681
41000045001,1164307,OR0031224
41000065001,1164327,OR0020885
41000146001,1164390,OR0030261
47000420001,1166041,TN0023477
47003001001,1166256,TN0059404
22001145001,1168262,LA0020559
22003095001,1168356,LA0044865
22003193001,1168447,LAG560209
22009033002,1168610,LA0036439
49000089001,1170440,UT0020095
49000239001,1170578,UT0020061
49000239001,1170578,UTL020061
40000340001,1172629,OK0027014
40000454001,1172698,OK0039071
40000610001,1172786,OK0037028
06001045001,1175209,CA0022764
06005078001,1175596,CA0079189
06006002001,1175855,CA0102695
06008100001,1176031,CA0107611
46000111001,1179208,SD0022284
53000115002,1180755,WA0029289
53000510001,1180804,WA0044857
53001300001,1180941,WA0036986
53001645001,1180983,WA0022616
48001203008,1182981,TX0047104
48001213001,1182993,TX0024562
48001246001,1183023,TX0021288
48003033005,1183199,TX0071889
48004095001,1183403,TX0124923
48004105001,1183411,TX0022527
48004232001,1183479,TX0024821
48005001001,1183562,TX0069671
48005049001,1183605,TX0021814
48005083001,1183633,TX0020559
48005087001,1183637,TX0072087
48007031005,1183812,TX0085618
48007064002,1183888,TX0046817
48007091001,1183914,TX0027758
48007159001,1183968,TX0085413
48007300004,1184052,TX0054917
48007415001,1184067,TX0025968
48007475001,1184092,TX0035220
48008039001,1184386,TX0070785
48008053001,1184399,TX0129364
51000294001,1192917,VA0076392
51000295001,1192919,VA0089915
51000331001,1192986,VA0024775
42000094001,1195427,PA0026689
42001155001,1195639,PA0024457
55001710001,1206242,WI0031411
55001840001,1206258,WI0031780
55002380001,1206312,WI0020516
55002981001,1206405,WI0026085
55004810001,1206663,WI0025615
55005295001,1206732,WI0022047
55006021001,1206761,WI0021059
55009834001,1206973,WI0028894
24000003001,1214132,MD0021661
24000030002,1214246,MD0063878
24000060001,1214335,MD0020303
24000086001,1214397,MD0020044
36001015004,1220265,NY0023311
36001015021,1220276,NY0085693
36002001010,1220314,NY0026166
36003041001,1220405,NY0031518
36003057002,1220421,NY0145599
36003072002,1220479,NY0031356
36003099001,1220526,NY0028851
36004065001,1220764,NY0025739
36004069001,1220770,NY0020389
36005032001,1220846,NY0252042
36006145001,1221033,NY0236438
36007011001,1221057,NY0027669
36007024001,1221068,NY0262676
36007029001,1221072,NY0023558
36007113001,1221105,NY0021539
36008091001,1221279,NY0031569
36008096001,1221283,NY0025445
36009092001,1221438,NY0108103
48001116001,1227766,TX0058386
48003078001,1227815,TX0021318
48004055001,1227838,TX0052892
48005021001,1227872,TX0027910
48005027001,1227874,TX0058106
55003980001,1229224,WI0031160
55004710001,1229242,WI0025585
20000813001,1230910,KS0081647
36003118002,1232115,NY0034983
36008095001,1232173,NY0108723
17001723001,1232730,IL0028932
29004134001,1233304,MO0127884
29004139001,1233306,MO0040738
19000739001,1234679,IA0058432
22000395001,1237406,LA0041751
22003387001,1237439,LA0043575
24000068001,1238383,MD0020273
24000093001,1238387,MD0020664
54005301001,1239034,WV0041505
48001093001,2864440,TX0125491
48003080002,2884102,TX0101281
18000083001,2913964,IN0060640
34008121002,3107612,NJ0020605
39000278004,3297957,OH0078387
39000088003,3364803,OH0101877
39008235001,3374657,OH0092886
01000027002,3507960,AL0074608
39000161004,3516356,OH0044971
01000718002,3516697,AL0066796
18080000024,3520483,IN0058408
17000703002,3521616,IL0071366
21000604001,3521876,KY0107956
41000193901,3528396,OR0032638
29002214011,3536985,MO0119113
39000037006,385471,OH0092274
20000193003,434331,KS0097489
47000930003,481762,TN0075876
35000000020,493986,NM0020711
34005310002,500893,NJ0005100
08000041001,1066845,CO0026409
08000119001,1066919,CO0022551
08000500027,1067170,CO0045501
04002709001,1069675,AZ0020443
09000230001,1071794,CT0100072
34001269001,1073394,NJ0024511
34001321001,1073419,NJ0021636
34001446001,1073483,NJ0028002
34006220001,1073822,NJ0030333
34008439001,1073929,NJ0021113
39000623001,1080827,OH0020265
39001660006,1080931,OH0096571
39008920002,1081681,OH0035831
26000041001,1088335,MIG580413
26000061001,1088346,MIG580229
26000165001,1088402,MI0020672
26000478001,1088541,MIG580265
26002071001,1088747,MIG580280
26003021001,1088833,MI0055522
26003147001,1088934,MI0043281
26004012001,1089034,MIG570216
50000019001,1094070,VT0100862
54005402001,1095313,WV0101443
54005404001,1095315,WV0081141
01000308001,1102132,AL0027014
05000009002,1104869,AR0022586
05000009003,1104870,AR0022578
05000313001,1105139,AR0020141
13000583001,1109392,GA0026077
13000642002,1109458,GA0021351
13000754001,1109579,GA0038334
13000815001,1109637,GA0021385
17000009001,1113302,IL0030970
17000136002,1113410,IL0045144
17000373001,1113641,ILG580018
17000519001,1113796,ILG580176
17001114001,1114047,IL0031615
17001410001,1114089,IL0030449
17007130001,1114303,IL0031232
17007301001,1114320,IL0050628
17007601001,1114357,ILG580093
18000903002,1120234,IN0024538
18004371001,1120354,IN0039748
18004959001,1120442,IN0049026
19000145001,1123573,IA0071552
19000159001,1123584,IA0042846
19000195001,1123616,IA0074063
19000219001,1123638,IA0061913
19000581101,1123963,IA0073890
19000612001,1123991,IA0028193
19000772001,1124122,IA0032913
19000961001,1124282,IA0025330
16000073001,1128623,ID0021814
16000115001,1128655,ID0023167
20000416001,1130237,KSOO46396
20000716001,1130372,KS0096377
20000721002,1130379,KS0087149
20001521001,1130639,KS0082571
29000852003,1133220,MO0046931
29001023004,1133280,MO0004391
29001074001,1133356,MO0116041
29002373001,1133811,MO0080594
29002498003,1133875,MO0023094
29004092001,1134102,MO0099813
29004105001,1134114,MO0025739
21000013001,1139477,KY0054941
21000024002,1139488,KY0100293
23000046001,1142481,ME0100935
23000193001,1142618,ME0102067
35001117001,1145134,NM0024937
27000038001,1147930,MN0051284
27000188001,1148051,MN0020907
27001405001,1148210,MN0023515
27001606001,1148225,MN0053341
27007217001,1148405,MNG580100
27009116001,1148453,MNG580169
38000002001,1151258,ND0022888
38000120001,1151367,NDG323574
38000141001,1151388,NDG325577
38000142001,1151389,NDG320009
12000000072,3610467,FL0116793
12000239001,1078380,FL0040177
27000000142,3610784,MNG585024
49000141001,1170488,UT0025445
33000023002,1100919,NHG581206
13000000654,3611318,GAJ040019
08000000252,3609131,COG588086
48006066002,1183724,TX0056685
54000000091,3611413,WV0024694
42000000071,3611419,PA0114049
30000000014,3608091,MT0020338
12000172002,3507841,FL0670651
13000000691,3611621,GA0039241
53001680002,1238910,WA0045578
25000168001,1092449,MAG580018
22000000201,3611846,LA0099759
36003008002,3133788,NY0071153
25000153001,1092434,MAG580015
36005179001,2868502,NY0265594
18000000029,3606623,IN0003506
55000000198,3610644,WI0030066
23000000035,3612269,MEU508273
30000000032,3611824,MT0031801
55005290001,1206731,WI0060895
55000016001,1206010,WI0036803
18120000067,3532156,IN0063967
55002060001,1206278,WI0035149
28000111001,1160201,MS0061221
28000525001,1160312,MS0021733
34009507002,3149511,NJ0050580
55009671001,1206918,WI0031828
02000257001,1216412,AKG573014
23000232001,1142632,MEU508147
02000196001,1104809,AKG572048
13000000820,3613145,GA0050241
46000406001,1179282,SDG589101
46000464001,1179323,SDG922357
54001707002,3514809,WVR108623
54001604001,3505100,WVG551422
55000000333,3613222,WI0025011
17009909001,1114446,IL0075221
39008072011,3521596,OH0133272
02100000000,3613223,AK0053775
55000000180,3610552,WI0028908
02000500033,3106516,AKG572033
05000000079,3613247,AR0038075
05000014003,3527676,AR0051951
36000000264,3606807,NY0153206
18000000030,3606624,IN0064351
29000000035,3607400,MO0109304
29000000045,3607410,MO0134147
29000000071,3607453,MO0044580
41000000021,3606881,OR0022918
29000000129,3607577,MO0107476
29000000131,3607580,MO0115461
29000000526,3607825,MO0099759
29000000267,3607854,MO0100277
54000000030,3607864,WV0025101
29000000272,3607866,MO0139131
08000000034,3607871,COE020000
36000000392,3608361,NY0079359
29000000283,3607907,MO0131431
06005010002,1175531,CAL000476
06000000098,3607877,CA0078590
06002081001,1175339,CA0038733
35000000072,3608377,NM0030864
45000000082,3608538,SC0034843
48000000111,3609229,TX0140163
34008357001,1073927,NJG146242
34006271001,1073830,NJG282898
27001504001,1148217,MN0051535
33000075001,1100964,NHG580012
33000075001,1100964,NHG58A009
27003805001,1231534,MNG585121
27009920040,1148590,MNG585367
06005257001,1175740,CA0079651
13000000499,3609484,GA0021521
27009806001,1148580,MNG585379
17002040001,3500020,IL0039004
27009809001,1231569,MNG585073
29000000095,3607500,MO0119709
27044000032,3327485,MNG585372
27000341001,1148162,MNG585212
27003713001,1148306,MNG585059
27044000029,3327311,MN0067555
27003111001,1148274,MNG585022
27009606001,1231565,MNG585066
27001218001,1148204,MNG585123
27009803001,1148578,MNG585163
27001107001,1148195,MNG585099
48007815001,1184284,TX0069469
27000219001,1148080,MNG585198
27006114001,1148373,MN0056910
27001017001,1148189,MNG585191
27008904001,1148447,MNG585217
27009618001,1148572,MNG585079
27000000137,3610369,MNG585343
27002603001,1148265,MNG585345
19000000179,3610709,IA0075442
27000000139,3610439,MNG585002
12000038001,1078150,FL0038849
13000000591,3610633,GA0038555
37000000129,3611206,NC0043532
18005231001,1120471,INM062901
17000139001,1113413,ILG582010
54002604001,1239025,WV0021849
08000087001,1066890,COG589010
21000708001,1139866,KY0082937
27000000175,3611505,MNG585165
01000000162,3611540,AL0075248
01000000164,3611654,AL0051136
36004078001,2836622,NY0268976
30000000029,3611788,MTX000117
25000232001,1092516,MAG580026
25000008002,1092313,MA0100498
25000150001,1092431,MAG580001
13000000726,3612131,GAJ020067
21000000012,3612139,KY0111716
25000392001,3081389,MAG580019
01000000168,3612142,AL0083275
13000000727,3612132,GA0026603
36001005001,1220242,NY0026999
36003008001,1220331,NY0263982
36000000622,3612208,NY0037281
06000000302,3612659,CA0084069
55000920001,1206125,WI0020648
08000000059,3607931,COX634066
05000297001,1105124,AR0052663
13000694002,1109516,GA0033405
28000335001,1160266,MS0061727
38000097001,1239319,NDG421717
01000000082,3606641,AL0073202
33000028001,1100925,NHG580004
29000000064,3607437,MO0138525
29000000081,3607480,MO0041734
29000000080,3607479,MO0137896
29000000087,3607486,MO0127540
29000000138,3607587,MO0108421
29001237044,453964,MO0137294
06005010001,1175530,CAL000407
36005044001,1220858,NY0093688
36000000368,3608081,NY0025097
36008120001,1221291,NY0228346
08000000089,3608507,COX048348
08000108002,3418730,CO0037311
08000162001,1066957,COG589002
01000000144,3608661,AL0032387
01000000144,3608661,AL0048488
01000000146,3608767,AL0072834
22000000197,3608805,LA0120235
48000000104,3608872,TX0091219
34003079002,1073640,NJ0029408
08000362001,1067142,CO0043010
27007215001,1148403,MNG585003
27001005001,1148184,MNG585182
27008602001,1148443,MNG585225
27008213001,1231555,MNG585115
13000000486,3609142,GA0049786
27009619001,1231567,MN0022055
48000000117,3609574,TX0128813
27005313001,1148334,MNG585155
29000000334,3609606,MO0137294
27044000053,3332111,MNG585349
06000000171,3609136,CA0038369
27007406001,1148413,MNG585374
27001803001,1148241,MNG585103
54000000078,3610267,WVG550575
08000000184,3608774,COL631001
08000000184,3608774,COL631049
27000362001,1148179,MNG585145
50000000043,3609146,VT0100790
27000000135,3610318,MNG585038
27007603001,1148424,MNG585104
27001207001,1148199,MNG585209
27000246001,1148101,MNG585334
27000147001,1148016,MNG585133
13000016010,1108966,GA0025381
13000000582,3610541,GA0046141
27000000140,3610576,MNG585224
27002602001,1148264,MN0053392
06003005001,1175376,CAL010561
36000000342,3607322,NY0099562
06005282001,1175749,CAL010533
17002085001,3534636,ILG580040
27002601001,1148263,MN0053392
08000500053,1067190,COG590057
06001082001,1175233,CA0025135
27000000162,3611213,MNG585075
06002090001,3521216,CA0085260
13000000665,3611353,GA0020486
54000000093,3611426,WVG416905
42000000074,3611440,PA0063100
27000000177,3611507,MN0049239
13000816001,1109639,GAJ020132
01000000160,3611536,AL0055514
13000000685,3611545,GA0038849
01000000165,3611655,AL0081337
36005034001,1220848,NY0265853
08000263001,1067052,CO0000010
25000259001,3023468,MAG580011
36003022001,1220376,NY0271420
18120000063,3531576,IN0064131
01000000167,3612126,AL0082848
17000239001,1232703,IL0020834
08209000042,3500194,COX621106
18000000034,3606628,IN0058343
53000000119,3612461,WA0050482
09001090001,1071903,CT0100447
08000000057,3607929,CO0021539
08000000046,3607916,COG589107
55000000151,3610291,WIG011882
54000000097,3612891,WVR111159
13000000782,3612912,GA0038369
05009400001,1105589,AR0052876
22000000205,3612931,LA0036366
13000000785,3612932,GA0038342
34001162001,3145028,NJ0020290
34005180001,1073750,NJ0300012
22000000066,3606664,LA0072541
36000000334,3606948,NY0022551
29000000031,3607388,MO0112224
17000000021,3607394,IL0028517
29000000055,3607421,MO0139556
29000003597,3607429,MO0139254
29004076002,1134093,MO0128805
29000000091,3607492,MO0056227
29000000093,3607495,MO0094021
29000000107,3607536,MO0125636
29000000109,3607539,MO0129704
29000000112,3607549,MO0135305
29000000132,3607581,MO0128252
29000000134,3607583,MO0133264
29000000135,3607584,MO0126594
29000000142,3607628,MO0111279
29000000878,3607597,MO0135755
29000000151,3607709,MO0112551
29000000154,3607716,MO0102148
54001592005,3515381,WV0101729
17000000058,3608725,IL0076902
48006046001,1183708,TX0133787
08201200080,3530818,COG588065
54003321001,1095111,WV0106241
08000119001,1066919,CO0043044
55000000052,3609220,WI0036820
27005901001,1148365,MNG585017
36000000430,3609294,NY0280089
13000806001,1109628,GAJ040002
27009413001,1148488,MNG585007
13000000517,3609641,GA0020508
27007216001,1148404,MNG585094
27003104001,1148272,MNG580206
27007117001,1231551,MNG585026
27007007001,1148383,MNG585068
27007105001,1148395,MNG585183
27005802001,1148360,MN0055832
27001016001,1148188,MNG585061
27000217001,1148078,MNG585218
27005514001,1231545,MNG585044
13000590001,1109398,GAJ020179
08209000084,3500236,CO0020435
13000000551,3610182,GAL050242
08209000052,3500204,CO0048372
21000736004,3539776,KY0111449
37004703001,3517759,NC0086037
39000063001,1080488,OH0021661
13000000644,3611297,GA0050281
25000243001,1092528,MAG580024
13000000718,3612122,GA0000299
36008232001,3530176,NY0271934
48007039094,2885519,TX0026395
48000000407,3612156,TX0101460
36003003002,3481618,NY0032972
06007032001,1175939,CAL000410
18000000120,3612223,IN0043681
54000000094,3612254,WV0028134
21000728002,1139882,KY0108260
18004532001,1120371,IN0064165
55001060001,1206147,WI0021407
08000000055,3607925,CO0047147
51000000148,3612729,VA0081001
08000000058,3607930,CO0045420
49000075001,3232551,UT0025721
42005016001,1196469,PAC020353
01000000173,3612578,AL0062251
51000112001,1192700,VA0020362
08000000051,3607921,CO0040291
13000000789,3612965,GAJ020252
01000000179,3612968,AL0082155
55000034001,1206028,WI0062677
55008672001,1206836,WI0060313
02000132001,1104806,AKG570033
02000293001,1216428,AKG573031
19000000202,3613060,IA0056944
02000156001,1104807,AKG572031
02000500001,2968206,AKG573010
55009643001,1229259,WI0031453
55003670001,1206529,WI0021644
54000605003,2985718,WVR110988
48000000418,3613135,TX0125598
55000000189,3610563,WIG011117
46000016001,1179122,SDG589116
13000138001,1109142,GAJ020137
09000000043,3611158,CT0101001
17002030001,505059,IL0077755
36000000320,3606931,NY0033308
30000144001,1159193,MT0030571
29000000036,3607401,MO0139190
29000000043,3607408,MO0106909
29000000039,3607404,MO0126926
29000000042,3607407,MO0131199
29000000048,3607413,MO0099473
29000000049,3607414,MO0105597
29000000051,3607416,MO0105970
29000000057,3607424,MO0101958
17000000025,3607472,IL0023027
29000000103,3607531,MO0136051
29000000106,3607534,MO0126896
29000000111,3607544,MO0126624
29000000113,3607555,MO0126748
38000229001,1151469,NDG220630
29000000114,3607559,MO0139246
29000000117,3607562,MO0125482
29000000122,3607567,MO0126969
29000000139,3607595,MO0129585
06008010004,3486590,CA8000409
29000000268,3607855,MO0130729
08000000032,3607869,COX634041
08000271001,1067060,COG590056
36000000362,3608027,NY0236306
54001017001,1094775,WV0020281
01000000141,3608650,ALR10C054
08000163001,1066958,CO0047287
08000108001,1066909,COG588121
06003060001,1175427,CA0049964
29000000322,3609133,MO0113735
27007013001,1148386,MN0022853
08000000115,3608614,CO0042617
27005803001,1148361,MNG585164
13000600001,1109408,GAJ020057
27009904001,1231571,MNG585228
27000143001,1231494,MNG585132
08000060001,1066862,COG588106
06005187001,1175696,CA0085201
27001802001,1148240,MNG585377
27009514001,1148493,MNG585032
27001407001,1148212,MN0024155
48001296001,1183045,TX0093360
27008603001,1148444,MNG585197
27003312001,1148283,MNG585199
27000359001,1148176,MN0053210
27044000023,3326747,MNG585223
48000000162,3610515,TX0042081
18000000041,3608514,IN0036528
36000000491,3610543,NY0077399
39000000177,3611050,OH0144771
51000000140,3610904,VA0080080
13000214001,1109251,GA0038890
13000000469,3608851,GA0047643
48004354008,1183524,TX0133671
54000000081,3610506,WV0027308
13000000595,3610648,GAJ020056
13000161002,1109166,GAJ020058
53000000017,3608116,WA0030911
18004833001,1120418,IN0064378
25000213001,1092498,MAG580006
17007812001,1232760,ILG582008
18000227001,1120145,IN0064289
39000000212,3612147,OH0025623
30000000035,3611827,MTG071133
06005080001,1238817,CAL010535
01000000176,3612664,AL0056677
51000213001,1192831,VA0091928
02000388001,1104832,AKG573016
02000500028,3105109,AKG573020
13000138001,1109142,GA0050316
13000000824,3613181,GA0020338
24000005007,1214164,MD0066745
13000000827,3613202,GA0038491
17001018001,2851481,ILG640070
36008052101,3500383,NY0272060
01000000095,3606820,AL0057592
35000135002,1145126,NM0030678
01000000117,3607935,AL0044857
38000160001,1151405,ND0025127
29000000072,3607463,MO0126985
29003469001,1133965,MO0133728
38000305001,1151543,NDG326484
01000000106,3607489,AL0023086
29000000092,3607494,MO0090581
17000148001,1113422,IL0072192
29000000098,3607508,MO0139271
29000000102,3607530,MO0137316
29000000110,3607542,MO0138983
29000000262,3607850,MO0131334
01000000116,3607889,AL0076708
37005004009,3607928,NC0063321
29000000285,3607932,MO0112631
36000000354,3607937,NY0267953
29000000287,3607938,MO0121894
04001903003,1069551,AZ0024121
36006094001,1232144,NY0236586
17000000059,3608727,IL0021113
34001053001,1073306,NJG155454
08000380001,1067146,COX632092
08000300001,1067086,COX631007
06009040001,1176078,CA0107395
27007012001,1148385,MNG585095
27003408001,1148291,MNG585129
34001187001,1073355,NJ0020591
27044000145,416862,MN0020117
27000259001,1148110,MNG585028
51000000136,3609412,VA0088102
27009215001,1148466,MNG585045
48005075002,1183625,TX0100587
27044000670,3500983,MNG585279
27009705001,1148575,MNG585285
47000000015,3609362,TN0078255
27009605001,1148566,MNG585147
08000303001,1067089,CO0048853
27001505001,1148218,MNG585177
13000000528,3609715,GAJ040010
06005114001,1175645,CA0081213
36000000469,3610170,NY0021814
27000363001,1148180,MNG585160
27005017001,1148323,MNG585201
48000000130,3610396,TX0099732
27003304001,1148281,MNG585127
08000262001,1067051,CO0043397
08000407001,1067152,CO0043320
08000410001,1067154,CO0046914
04001344001,1069475,AZ0023272
09000970001,1071889,CT0101788
09001110001,1071906,CT0100463
34001043001,1073303,NJ0024902
34001305001,1073408,NJ0024929
34002443002,1073575,NJ0109061
34002537001,1073620,NJ0033995
12000096001,1078229,FL0021521
12000130001,1078285,FL0020401
39000261001,1080678,OH0021393
39000315001,1080726,OH0020877
39000367001,1080780,OH0022471
39001050001,1080862,OH0021270
39001918001,1080970,OH0024775
39002142001,1080985,OH0024911
39003248001,1081094,OH0021083
39004564001,1081188,OH0023388
39005271001,1081272,OH0020168
39007546001,1081540,OH0027375
39008932001,1081688,OH0028088
26000487001,1088550,MIG580306
26000712001,1088619,MI0023710
26002175001,1088816,MIG570102
26004032010,1089052,MIG580338
25000025001,1092328,MA0102369
50000038001,1094088,VT0100595
50000090003,1094142,VT0100765
54000402001,1094731,WV0084042
54000402002,1094732,WV0024945
54001310001,1094811,WV0084000
54001504001,1094831,WV0025119
54005104001,1095290,WV0049875
33000080001,1100970,NH0101192
01000005001,1101831,AL0021237
01000070001,1101902,AL0021334
01000080001,1101911,AL0023116
01000131005,1101965,AL0056324
01000298001,1102123,AL0026891
01000369001,1102178,AL0062731
01000383002,1102190,AL0031372
05000087001,1104924,AR0043036
05000288001,1105116,AR0047180
05000323001,1105147,AR0035645
05000331001,1105152,AR0036293
05000436001,1105226,AR0034860
05000775001,1105561,AR0033421
05000778001,1105564,AR0035688
13000516001,1109314,GA0025852
13000627001,1109440,GA0021148
13000791001,1109614,GA0032051
17000650001,1113919,IL0070131
17000691001,1113956,IL0021237
17001405001,1114086,IL0027499
17003312001,1114140,ILG580042
17005502001,1114231,ILG580221
17007412001,1114334,IL0032549
17007507001,1114343,IL0042650
17007523001,1114356,IL0027219
17009403002,1114418,ILG580152
18000160001,1120138,IN0024660
18000378001,1120176,IN0021148
18000462001,1120192,IN0057002
18001694001,1120253,IN0040533
18001816001,1120257,IN0021580
18005171001,1120464,IN0021601
19000111001,1123546,IA0047821
19000137002,1123566,IA0027464
19000142001,1123570,IA0062341
19000253001,1123670,IA0034380
19000286001,1123699,IA0030694
19000369001,1123767,IA0079359
23000057002,1142493,ME0101346
23000083001,1142521,ME0101788
23000125001,1142563,ME0100269
31000200001,1145780,NE0027782
31000434001,1145828,NE0023833
31000905001,1145877,NE0021148
31001530001,1145962,NE0024261
27001905001,1148245,MN0024872
27009907001,1148584,MN0021041
38000079001,1151331,NDG321776
38000197001,1151440,NDG322772
38000219001,1151459,NDG320443
38000288001,1151528,NDG324571
38000303001,1151541,NDG320002
38000318001,1151554,NDG322411
20001607001,1130663,KS0097845
29001002001,1133227,MO0039136
29001027001,1133300,MO0055905
29001031001,1133308,MO0022853
29001072001,1133354,MO0039683
29002181001,1133718,MO0115894
29002255001,1133751,MO0022331
29002391001,1133825,MO0103942
29003048001,1133904,MO0032557
29003667001,1133990,MO0048224
29004075001,1134091,MO0126951
29004086001,1134099,MO0097110
29004106001,1134115,MO0108308
29004601001,1134176,MO0130371
21000025001,1139489,KY0022411
21000081001,1139545,KY0021164
21000227001,1139658,KY0054801
23000080001,1142518,ME0101222
23000114001,1142553,ME0101699
23000117001,1142556,ME0102156
35000046001,1145057,NM0023477
31001352001,1145938,NE0026042
31001970001,1146018,NE0021741
31002415001,1146059,NE0030911
31002575001,1146077,NE0023841
27000155001,1148021,MN0020681
27000224001,1148085,MNG580081
27000282001,1148117,MN0023574
27000348001,1148169,MN0051250
27001906001,1148246,MN0022071
27003112001,1148275,MN0021431
27007406001,1148413,MN0048992
27009707001,1148577,MN0022152
38000029001,1151282,NDG122080
38000095001,1151346,NDG323094
38000155001,1151400,NDG321440
38000186001,1151429,NDG321890
38000196001,1151439,ND0020010
38000365001,1151601,NDG125372
37001017001,1153160,NC0086819
37001805001,1153231,NC0025542
37007702001,1153631,NC0021784
37009212001,1153776,NC0063096
45000220002,1157115,SC0039624
45000621001,1157267,SC0038865
41000022007,1164283,OR0020168
41000272001,1164480,OR0031917
41000304001,1164495,OR0022713
47000920001,1166131,TN0065218
47001495001,1166228,TN0025488
40000005001,1172420,OK0026638
40000061001,1172481,OK0044563
40000404001,1172665,OK0031577
40000426001,1172678,OK0028886
40000494001,1172725,OK0037818
40000726001,1172842,OK0030686
06005368001,1175795,CA0078891
06008006001,1175950,CA8000188
39000081003,3361903,OH0048437
36005021002,3484790,NY0217760
37005007001,3489352,NC0087602
18120000033,3525069,IN0059790
31001708002,3539916,NE0050890
37008108001,397984,NC0087084
34001105001,1073319,NJ0053759
34007153001,1073876,NJ0024660
39000054001,1080478,OH0041360
39000349001,1080759,OH0024686
39000553001,1080816,OH0020885
39003907002,1081140,OH0050032
39004627001,1081202,OH0020311
39005873001,1081324,OH0021113
39006699001,1081470,OH0128023
39007441001,1081527,OH0020729
26000045001,1088337,MI0024198
26000054001,1088341,MI0022781
26000318001,1088467,MI0020311
26000558001,1088593,MI0023604
26001014001,1088663,MI0020711
26001105001,1088675,MIG580003
26002009001,1088708,MI0024058
26002117001,1088782,MIG580286
50000045001,1094095,VT0100200
50000054001,1094105,VT0100269
54000207001,1094701,WVG550132
54002905001,1095044,WV0024783
54003203001,1095093,WV0027707
54003204001,1095095,WV0027707
54003403001,1095116,WV0022004
33000074001,1100963,NH0100056
33000106001,1100989,NHG580935
01000004002,1101828,AL0021156
01000043001,1101871,AL0050423
05000008003,1104867,AR0033936
05000139001,1104971,AR0051047
05000175001,1105006,AR0034312
05000281001,1105108,AR0048810
05000327001,1105150,AR0047554
05000547001,1105347,AR0033782
05000612001,1105412,AR0043281
19000394001,1123790,IA0036897
19000597001,1123979,IA0063304
19000659001,1124031,IA0032336
19000724001,1124088,IA0036960
19000761001,1124114,IA0033090
19001072001,1124346,IA0042927
16000072001,1128622,ID0020036
20000224001,1130209,KS0086118
20000466001,1130282,KS0079260
20000470001,1130284,KS0042722
20001007001,1130484,KS0096989
20001401001,1130610,KS0095265
20001515001,1130635,KS0116980
08209000088,3500240,CO0047139
05000027001,3500965,AR0034258
05000055001,3501361,AR0039284
17002051001,3505820,IL0077836
54003905001,3510556,WV0025101
54001901001,3519936,WV0022349
17000149002,3520116,IL0076414
18120000029,3525065,IN0061239
18120000046,3525123,IN0059544
08201200053,3529497,COG589103
39000288008,384899,OH0079073
48003080003,422233,TX0119172
12000102014,482411,FL0043834
21000056006,485870,KY0105031
08000003001,1066811,CO0023132
08000404001,1067149,CO0041700
08000500053,1067190,COG588057
34002443001,1073574,NJ0023493
29001102004,1075066,MO0116076
12000016005,1078135,FL0026468
12000104002,1078248,FL0141356
39000046001,1080470,OH0026514
39001660026,1080948,OH0096504
39001678001,1080957,OH0118567
39002492001,1081003,OH0049492
39002800001,1081033,OH0052744
39004798002,1081227,OH0053660
39005278001,1081273,OH0026531
39007747001,1081556,OH0130991
39009016001,1081693,OH0021571
26000455001,1088511,MIG580055
26000476001,1088539,MI0022594
26002123001,1088788,MIG580107
26003145001,1088932,MI0048879
26003229001,1088969,MIG580323
25000032001,1092334,MA0101893
25000044001,1092347,MA0100315
25000187001,1092469,MA0100871
53000627001,1180818,WA0030520
53000725001,1180839,WA0020648
53002550001,1181084,WA0030571
48000158001,1182839,TX0024139
48001011001,1182882,TX0086045
48001139001,1182942,TX0027499
48003040001,1183205,TX0022616
48003289002,1183315,TX0034495
48004358001,1183529,TX0026956
48005024001,1183583,TX0020591
48005029001,1183588,TX0034797
48005038001,1183595,TX0022705
48005046001,1183602,TX0057363
48005109001,1183655,TX0083003
48006024001,1183696,TX0023736
48006063001,1183720,TX0025828
48007176001,1183983,TX0079359
48007520001,1184119,TX0027324
48007582001,1184158,TX0074403
48007614001,1184174,TX0091626
48007856001,1184311,TX0022063
48007865001,1184316,TX0023809
48008037001,1184383,TX0024414
51000056001,1192648,VA0060593
42000029001,1195366,PA0021172
42003013001,1195994,PA0026280
42003084001,1196065,PA0023264
42005015001,1196468,PA0028410
55001660001,1206238,WI0036200
55003130001,1206450,WI0020591
55003570001,1206511,WI0020753
55008521001,1206832,WI0035513
55009714001,1206933,WI0022853
24000001002,1214115,MD0021601
24000053001,1214310,MD0021121
24000064001,1214355,MD0024767
24000300039,1214448,MD0021491
36001021002,1220295,NY0078131
36003002001,1220321,NY0025976
36006036001,1220960,NY0024660
36008014001,1221211,NY0024449
48001102004,1227762,TX0071340
48003068001,1227811,TX0077810
48004288001,1227862,TX0021717
48005253001,1227894,TX0025453
48007179001,1227917,TX0056693
55004100001,1229225,WI0021296
20000166001,1230859,KS0028011
20000454001,1230883,KS0029084
29002461001,1233259,MO0112623
18000202001,1234173,IN0039357
18005372001,1234221,IN0023779
19000610001,1234671,IA0025941
19000874001,1234687,IA0066354
47001110005,1235066,TN0061271
21000305001,1235517,KY0026549
40000709001,1236891,OK0026654
22003170001,1237428,LA0039179
05000115001,1237646,AR0043427
06005285001,1238823,CA0081507
48001102002,2819741,TX0071340
05000045001,2904202,AR0050024
36007193002,3053068,NY0107654
05000743001,1105533,AR0022098
13000059001,1109053,GA0031038
13000093001,1109096,GA0047252
13000178001,1109186,GA0020982
13000191001,1109201,GA0023701
13000735001,1109560,GA0033600
13000835001,1109659,GA0025429
17000178001,1113455,IL0024210
17000249001,1113527,IL0032514
17000326001,1113594,ILG582021
17000338002,1113607,IL0029939
17000418003,1113688,IL0069744
17001316001,1114079,ILG580246
17007110002,1114295,IL0067296
17007204001,1114309,IL0027901
17007513001,1114348,IL0025348
17009953001,1114470,IL0051489
18000037001,1120084,IN0043877
18005994011,1120521,IN0055123
15000001003,1123259,HI0020770
19000015001,1123464,IA0022055
19000189001,1123612,IA0036641
19000216001,1123635,IA0042862
19000270001,1123684,IA0034231
19000326001,1123732,IA0031194
19000328001,1123733,IA0021946
19000382001,1123778,IA0036498
19000578001,1123959,IA0041947
19000649001,1124022,IA0038539
19000673001,1124045,IA0075507
19000804001,1124152,IA0036978
19000849001,1124194,IA0036617
19000895001,1124234,IA0063517
19000898001,1124236,IA0033081
19000947001,1124278,IA0058513
19001029001,1124308,IA0072338
19001062001,1124336,IA0056707
16000134001,1128667,ID0020168
20000498010,1130308,KS0088269
20000924001,1130436,KS0094251
20001534001,1130647,KS0029076
29001011005,1133246,MO0024961
29001191001,1133526,MO0040142
29001199001,1133534,MO0098094
29002032002,1133649,MO0119172
29002061001,1133665,MO0103390
21000024001,1139487,KY0020711
21000112001,1139574,KY0020893
21000234001,1139663,KY0040584
23000005001,1142435,ME0100013
23000074001,1142511,ME0100706
31000204001,1145782,NE0045276
31001220001,1145923,NE0021202
31002420001,1146060,NE0123072
31002562001,1146073,NE0040908
27000294001,1148126,MN0020885
27001313001,1148207,MN0031241
27003202001,1148277,MN0021211
38000050001,1151303,NDG321377
38000073001,1151326,NDG322691
38000134001,1151381,NDG322764
38000203001,1151446,NDG221482
38000275001,1151515,NDG120176
37001601001,1153211,NC0026611
30000005001,1159080,MT0030759
30000021001,1159092,MT0028797
30000168001,1159212,MT0020168
47000300001,1166019,TN0024449
47000635002,1166074,TN0064220
22003002001,1168286,LA0064530
22003007001,1168290,LA0064572
22003318001,1168519,LA0040941
22003401001,1168567,LAG570016
22009071001,1168659,LA0038091
40000353001,1172633,OK0028151
40000615001,1172788,OK0032387
40000634001,1172795,OK0031721
40000642001,1172800,OK0040479
06003004001,1175375,CA0049224
46000526001,1179372,SD0026611
53001405001,1180957,WA0023949
53002120001,1181035,WA0023817
48000005002,1182794,TX0025194
48000163001,1182844,TX0032328
48001240001,1183019,TX0023051
48001257001,1183030,TX0054780
48004201001,1183458,TX0057631
48005012001,1183575,TX0033529
48005070001,1183619,TX0026921
48007027007,1183807,TX0066125
48007061001,1183884,TX0022268
48007817001,1184285,TX0084638
48008065001,1184406,TX0025232
55002860001,1206395,WI0024619
55005330001,1206735,WI0060071
24000300281,1214508,MD0063509
36001015014,1220271,NY0104809
36003049001,1220413,NY0026328
36003196003,1220679,NY0215457
36005002001,1220812,NY0032204
36006022001,1220953,NY0235890
36006170001,1221040,NY0236756
36007178001,1221162,NY0026301
48002046001,1227788,TX0026891
48003007001,1227802,TX0027103
55002870001,1229198,WI0024627
55009910001,1229260,WI0029793
31000209001,1230174,NE0021733
31000651001,1230194,NE0041351
20000109001,1230853,KS0094978
29004128001,1233302,MO0119016
18002160001,1234188,IN0023914
19000008001,1234632,IA0035211
22003109001,1237425,LAG570190
53000315001,1238898,WA0020729
53001955001,1238912,WA0020974
26001111001,1239217,MI0023256
01000318001,1239403,AL0020869
13000054001,1239500,GA0037621
18006011001,2896062,IN0023132
20000193002,2919187,KS0095681
39008920013,3123496,OH0044482
39005051007,3130588,OH0043486
39004208005,3194468,OH0036854
48001044001,3268716,TX0115657
21000728006,3419213,KY0042811
35200900004,3504260,NM0030490
54000211001,3515740,WV0105791
17000234500,3521598,IL0023043
18120000010,3524868,IN0046361
18120000045,3525122,IN0061531
18120000053,3525140,IN0063215
29002214005,3536979,MO0111937
13000999037,3542836,GA0038776
29004591501,485071,MO0130427
08000063001,1066865,CO0023094
50000107001,1094156,VT0101150
54000605002,1094746,WV0027413
54001101001,1094791,WV0040401
54001893001,1094880,WV0084468
54003803001,1095149,WV0054283
33000097001,1100984,NH0100200
01000247001,1102077,AL0058335
01000389001,1102196,AL0058572
05000014002,1104880,AR0047279
05000024001,1104895,AR0021601
05000113001,1104947,AR0050601
05009000002,1105585,AR0020273
13000053001,1109046,GA0037222
13000208001,1109238,GA0021423
13000594001,1109402,GA0032506
13000840001,1109663,GA0027171
17000004001,1113297,IL0027979
17000068001,1113356,IL0030627
17000096001,1113379,IL0027910
17000158001,1113437,IL0030953
17000224003,1113499,IL0055182
17000268001,1113543,ILG580015
17000290001,1113561,ILG580228
17000330080,1113599,IL0065200
17000433001,1113703,ILG580074
17000630001,1113904,IL0024422
17003002001,1114124,ILG580033
17003512001,1114151,IL0041891
17005803001,1114257,IL0025186
17005813001,1114265,IL0030023
17005910002,1114276,ILG580054
17006502001,1114281,IL0023299
17007605001,1114361,IL0023531
17008512001,1114391,IL0020320
17009702001,1114437,ILG580058
18000088001,1120111,IN0024783
18000230001,1120148,IN0021407
18001002001,1120237,IN0020508
18004661001,1120392,IN0040151
15000003001,1123266,HI0020117
19000155001,1123580,IA0023388
19000243001,1123660,IA0044458
19000366001,1123764,IA0076244
19000496001,1123887,IA0022292
19000526001,1123915,IA0023337
19000631001,1124007,IA0035068
19000948001,1124279,IA0074209
19001015001,1124294,IA0071048
19001066001,1124340,IA0040304
16000071001,1128621,ID0021849
20000177001,1130180,KS0027791
20000437001,1130259,KS0046426
20000507001,1130331,KS0022799
20000818001,1130409,KS0022691
29001018002,1133266,MO0043648
29001237005,1133573,MO0096415
29002203001,1133729,MO0100749
29002296001,1133770,MO0127175
29002341001,1133789,MO0135607
29002422001,1133841,MO0087912
29002515001,1133884,MO0109053
29003005001,1133891,MO0111601
29003010001,1133894,MO0130010
29003079001,1133909,MO0040801
29003352001,1133947,MO0087149
29004032001,1134055,MO0021784
29004063001,1134080,MO0120405
29004101001,1134111,MO0118320
29004142001,1134156,MO0101125
21000202001,1139633,KY0020133
21000206001,1139637,KY0091634
21000308001,1139721,KY0090654
11000001001,1142408,DC0021199
23000097002,1142537,ME0102148
44000003001,1144285,RI0100455
32000036001,1144682,NV0020311
31000127001,1145768,NE0037001
31000355001,1145811,NE0027260
31000505001,1145837,NE0021164
31000912001,1145880,NE0023914
31000925001,1145883,NE0112241
31001170001,1145917,NE0024252
27000148001,1148017,MNG580088
27000164001,1148029,MNG580179
27000319001,1148142,MN0047490
27000356001,1148173,MN0022900
27005504001,1148345,MN0023736
27009404001,1148482,MN0020958
38000018001,1151272,NDG321521
38000040001,1151293,NDG323051
38000226001,1151466,NDG320761
38000231001,1151471,NDG220770
38000248001,1151488,NDG120184
37000103001,1153091,NC0021474
37000908001,1153144,NC0023353
37005113001,1153472,NC0030716
29001148052,3223209,MO0122432
08000124401,3419550,CO0035556
08209000030,3500181,COG588085
08209000053,3500205,CO0040088
08209000098,3500250,COG588010
12000099008,3504300,FL0042293
18080000018,3520477,IN0042005
18120000032,3525068,IN0058475
18120000036,3525072,IN0059048
05000099001,3525556,AR0036676
12000172021,3532477,FL0044237
55010457002,400218,WI0026948
06002032005,443709,CA0037681
10000001002,1066388,DE0050008
08000121001,1066921,CO0032999
08000164001,1066959,CO0029955
04000904001,1069392,AZ0024911
04002509001,1069624,AZ0021804
09001000001,1071894,CT0100064
34001091001,1073316,NJ0027006
34002007001,1073501,NJ0022845
34007123001,1073869,NJ0020206
12000016004,1078134,FL0023493
12000216001,1078364,FL0027618
39000053001,1080477,OH0027618
39000066001,1080491,OH0041173
39000980001,1080853,OH0047554
39003326002,1081101,OH0050709
39004808001,1081228,OH0054305
39004914001,1081247,OH0026352
39006140002,1081433,OH0026808
39006611003,1081463,OH0036251
39009600010,1081736,OH0135348
26000214001,1088415,MI0027391
26002162002,1088809,MI0020117
26003011001,1088827,MI0057813
26003051001,1088858,MIG580337
26003141001,1088928,MIG580206
25000004001,1092310,MA0100501
50000012001,1094062,VT0100803
50000039001,1094089,VT0100170
50000055001,1094106,VT0100528
50000084002,1094134,VT0101109
50000106001,1094155,VT0100625
08000289001,1067077,CO0040509
04001340001,1069468,AZ0020044
34002312001,1073550,NJ0021954
34003099001,1073643,NJ0024562
12000065004,1078189,FL0128937
12000089001,1078221,FL0020451
12000139001,1078297,FL0043079
12000245001,1078385,FL0027731
39000296001,1080710,OH0025151
39000337001,1080748,OH0020095
39000354001,1080765,OH0020281
39001274001,1080894,OH0024325
39001370001,1080901,OH0029475
39001370003,1080903,OH0025275
39002807001,1081034,OH0021482
39002996001,1081079,OH0021016
39003244003,1081092,OH0040592
39005334001,1081276,OH0021849
39006461001,1081453,OH0020338
39008330006,1081622,OH0036285
39008374005,1081629,OH0039187
39008510001,1081644,OH0131849
39008638001,1081655,OH0027987
26000365001,1088493,MI0055107
26000807001,1088631,MI0020401
26002017001,1088725,MI0023582
26003076001,1088882,MI0020991
25000139001,1092426,MA0100064
25000144001,1092428,MA0100889
54001902001,1094881,WV0088013
54001910001,1094892,WV0039136
54004009001,1095171,WV0027154
33000076001,1100965,NH0100871
01000110001,1101942,AL0027863
01000385002,1102193,AL0043176
02000118001,1104799,AK0021466
05000177001,1105008,AR0020699
05000184001,1105015,AR0033651
05000239002,1105067,AR0021831
05000301001,1105128,AR0021903
05000461001,1105250,AR0020621
05000648001,1105448,AR0033642
05000693001,1105490,AR0022454
05000779001,1105565,AR0049344
13000599001,1109407,GA0026123
17000033001,1113324,IL0029688
17000116001,1113397,ILG580214
17000143001,1113415,IL0055913
17000684001,1113949,IL0021563
17001107001,1114043,IL0021491
17001202001,1114052,IL0025372
17003609001,1114159,IL0028894
17005903001,1114268,IL0020761
17006702001,1114285,IL0025054
17007112001,1114296,IL0022675
17007703001,1114367,ILG580185
18000018001,1120071,IN0020168
18000102001,1120114,IN0025763
18000379001,1120177,IN0040134
18004841001,1120423,IN0039870
18005111001,1120458,IN0039764
18005472001,1120498,IN0021598
19000227001,1123645,IA0056821
19000261001,1123677,IA0061964
19000285001,1123698,IA0035041
19000329001,1123734,IA0024571
19000391001,1123787,IA0025992
19000517001,1123907,IA0028207
19000707001,1124072,IA0033707
19000746001,1124104,IA0032425
19000826001,1124171,IA0035980
19000921001,1124257,IA0035378
19001052001,1124328,IA0072311
16000033001,1128580,ID0020087
16000108001,1128648,ID0020265
16000136001,1128669,ID0020940
20000114001,1130123,KS0088455
20000139001,1130149,KS0024872
20000738001,1130390,KS0029068
20001324001,1130593,KS0098752
29001061001,1133342,MO0048101
29001108001,1133389,MO0049654
29002024001,1133643,MO0094366
29002071001,1133670,MO0099457
29002252001,1133749,MO0055824
29002257001,1133753,MO0055123
29002469001,1133857,MO0092517
29003049001,1133905,MO0128368
29003588001,1133984,MO0100382
21000261001,1139686,KY0021288
28000250002,1160240,MS0024678
47001280002,1166192,TN0063959
22003017001,1168299,LAG570047
22009051005,1168633,LA0042081
49000130001,1170478,UT0021911
49000130001,1170478,UTL021911
40000041001,1172464,OK0031682
40000054001,1172475,OK0027766
40000160001,1172546,OK0030333
40000538001,1172752,OK0021903
06001008001,1175175,CA0022721
06002029001,1175287,CA0037869
06002120001,1175354,CA0037796
06004010002,1175492,CA0053856
06005184001,1175693,CA0077691
06005682001,1175846,CA0083241
53000634005,1180821,WA0051292
53000990001,1180891,WA0023973
53002040001,1181024,WA0020699
53002215001,1181042,WA0045306
53002435001,1181068,WA0021083
53002510001,1181078,WA0020907
53002590009,1181092,WA0023698
48004049001,1183367,TX0020711
48004366001,1183536,TX0054518
48005037001,1183594,TX0022489
48006036003,1183703,TX0095478
48006072001,1183727,TX0087963
48007039081,1183849,TX0035017
48007064008,1183890,TX0069728
48007094001,1183916,TX0098949
48007703001,1184225,TX0072346
48007753001,1184254,TX0074021
48008032001,1184378,TX0032387
48008137001,1184444,TX0023329
51000167001,1192740,VA0020532
51000236002,1192862,VA0088331
51001400019,1193037,VA0081779
42001005001,1195503,PA0021067
42001192001,1195666,PA0027405
42003020001,1196000,PA0022209
42006010001,1196964,PA0024759
42006102001,1197027,PA0026271
42007567100,1197320,PA0209228
55000120001,1206042,WI0020125
55000200001,1206053,WI0022225
55000960001,1206135,WI0025348
55001850001,1206259,WI0021725
55001880001,1206261,WI0021083
55009684001,1206921,WI0029076
55009690002,1206926,WI0035581
36003010002,1220341,NY0026085
36004051001,1220749,NY0024333
36007080001,1221093,NY0156876
36007121001,1221107,NY0020672
36008022001,1221214,NY0108421
36008060001,1221259,NY0030813
36008082001,1221273,NY0025712
36009038001,1221359,NY0204846
48000152001,1227747,TX0027740
48000240001,1227753,TX0047571
48004004001,1227832,TX0023272
48004214001,1227855,TX0024635
48007505001,1227924,TX0071625
48008070001,1227944,TX0020923
55002040001,1229180,WI0022781
55007715001,1229256,WI0029271
31001790001,1230239,NE0024023
20001603001,1230950,KS0094561
17000303001,1232711,ILG582005
18004074001,1234194,IN0050253
19000689001,1234676,IA0033383
21000059001,1235484,KY0025836
21000195001,1235498,KY0023540
40000797001,1236900,OK0027171
39000322001,1237815,OH0125270
39006216001,1237828,OH0026859
24000062001,1238379,MD0020834
26002118001,1239220,MI0058842
39005575001,2806507,OH0127779
44440002001,2835041,RI0100005
12000108001,2857625,FL0038857
30000081001,1159143,MTG580029
01000125001,1101956,AL0070084
01000145002,1101980,AL0062715
01000192001,1102023,AL0023400
05000026001,1104897,AR0049786
05000147001,1104979,AR0048071
05000266001,1105092,AR0021539
05000282004,1105110,AR0038458
05000315001,1105141,AR0043508
05000341001,1105158,AR0051063
05000454001,1105243,AR0047686
05000475001,1105260,AR0041254
05000667001,1105465,AR0021547
13000022028,1108983,GA0046761
13000081001,1109084,GA0021512
13000111001,1109114,GA0050172
13000210001,1109243,GA0023108
17000015002,1113308,IL0027871
17000022001,1113315,IL0030686
17000029001,1113321,IL0030503
17000154001,1113430,IL0020559
17000710001,1113978,IL0034479
17001013001,1114036,ILG582001
17003814001,1114172,IL0020966
17003817001,1114174,IL0031721
17003903001,1114178,IL0020052
17009313001,1114413,IL0046281
18000303001,1120162,IN0063843
18000804001,1120217,IN0021482
18003050001,1120283,IN0021296
18003250001,1120301,IN0021695
18003430001,1120318,IN0020630
18004111001,1120327,IN0020664
18004211001,1120339,IN0039861
18004653001,1120388,IN0040398
18004664001,1120395,IN0055131
19000011001,1123460,IA0034321
19000027001,1123476,IA0024520
19000081001,1123521,IA0023426
19000087001,1123527,IA0076023
19000116001,1123549,IA0057096
19000224001,1123642,IA0044156
19000232001,1123650,IA0023311
19000317001,1123724,IA0036153
19000337001,1123740,IA0041891
19000416001,1123810,IA0021300
19000478001,1123869,IA0062821
19000625001,1124001,IA0032395
19000645001,1124018,IA0074535
19000790001,1124138,IA0033332
16000140001,1128671,ID0020664
20000124001,1130133,KS0090956
20000173001,1130177,KS0098639
20000702001,1130364,KS0081795
20000737001,1130389,KS0046035
20000750001,1130397,KS0046451
20000814001,1130408,KS0036366
20000860001,1130416,KS0093092
20001135001,1130523,KS0038474
20001556001,1130657,KS0086193
20001604001,1130660,KS0026689
29001021001,1133272,MO0058351
29001038001,1133319,MO0057673
29001228001,1133559,MO0052027
29002023001,1133641,MO0033286
29002124001,1133701,MO0046655
29002143001,1133706,MO0124664
29002462001,1133851,MO0128767
29003043001,1133899,MO0022942
29003391001,1133952,MO0048640
29004152001,1134164,MO0022381
21000111001,1139573,KY0028371
23000116001,1142555,ME0100161
31000150001,1145773,NE0028088
31000432001,1145826,NE0026476
31000453001,1145832,NE0033499
31000475001,1145833,NE0029190
31000906001,1145878,NE0045314
27000190001,1148052,MN0022233
27000222001,1148083,MN0020443
27000309001,1148134,MN0024821
27003315001,1148286,MN0020141
27009408001,1148486,MN0025330
38000026001,1151279,NDG323477
38000192001,1151435,NDG322047
38000206001,1151449,NDG120281
38000300001,1151539,NDG320133
38000312001,1151549,NDG322705
37007502001,1153614,NC0021369
45000227001,1157119,SC0037753
45000260002,1157153,SC0039764
45000607008,1157225,SC0040878
23000024001,1142457,ME0101176
23000113001,1142552,ME0100137
23000188001,1142614,ME0102245
31002235001,1146045,NE0030724
31003000001,1146088,NE0024007
27000285001,1148118,MN0025909
38000145001,1151391,ND0023213
38000235001,1151475,NDG321512
38000243001,1151483,NDG320796
37000201001,1153096,NC0026271
37007405001,1153603,NC0032077
37009209001,1153772,NC0079316
45000266001,1157160,SC0021229
30000153001,1159198,MTG650069
30000157001,1159201,MT0020354
30000158001,1159202,MT0020516
41000031001,1164296,OR0026409
41000102001,1164358,OR0020729
47000825001,1166119,TN0020818
47001545001,1166233,TN0021857
40000737001,1172847,OK0027286
40000810001,1172883,OK0026832
06001036001,1175202,CA0023345
46000003001,1179112,SD0023396
46000106002,1179204,SD0023388
53001220001,1180921,WA0024473
53001360001,1180952,WA0045551
53001425001,1180959,WA0051063
53002515001,1181079,WA0020885
48000124001,1182812,TX0023604
48000153001,1182834,TX0070963
48001222001,1183003,TX0032492
48001232001,1183011,TX0024252
48003104001,1183252,TX0027448
48005035001,1183592,TX0025569
48006066001,1183723,TX0056685
48006138001,1183752,TX0022845
48007029001,1183809,TX0078441
48007039026,1183835,TX0062995
48007063002,1183887,TX0053317
48007536001,1184131,TX0058530
48007640001,1184188,TX0025402
48007706001,1184227,TX0075159
48008054001,1184400,TX0033375
42002125001,1195895,PA0063711
42003193001,1196167,PA0080519
42005225001,1196719,PA0020125
55001000001,1206139,WI0023604
55003680001,1206530,WI0029033
55005250001,1206725,WI0020761
24000030008,1214248,MD0055620
24000085001,1214396,MD0052175
36001015025,1220279,NY0077429
36001016001,1220289,NY0020079
36003020005,1220358,NY0026271
36004053001,1220751,NY0031151
42006105001,1227242,PA0027511
48004006001,1227833,TX0076091
48008081001,1227946,TX0074331
55000860001,1229150,WI0031372
55001480001,1229167,WI0030716
31002449001,1230266,NE0049174
20000427001,1230879,KS0024864
20000429001,1230880,KS0038644
20001602001,1230949,KS0086801
27000284001,1231504,MN0047325
27003203001,1231524,MN0056588
17003902001,1232741,ILG580153
19000125001,1234639,IA0021377
21000125001,1235492,KY0066583
51000296003,1235993,VA0083135
20000754001,2918904,KS0094838
20001905001,2919147,KS0090522
25000179003,3022811,MAG580002
39000201005,3158116,OH0043800
23000062001,3214228,ME0100528
55000800000,3368312,WI0064793
37005911001,3486350,NC0044776
08209000020,3500171,COG589055
08209000028,3500179,CO0046523
20000429002,3516358,KS0099031
06005227002,3520617,CA0084573
22013131003,3534856,LAG541603
22020120001,3535076,LA0038831
39002370006,3538757,OH0142182
31001350002,3542126,NE0113590
39004563001,385494,OH0050237
55007720002,401561,WI0023051
55010850003,471373,WI0026158
12000172011,484500,FL0117471
08000152001,1066948,CO0020222
48001132001,1068306,TX0020354
04002102001,1069580,AZ0024244
48008025002,1073498,TX0103535
34002097001,1073520,NJ0024864
34007206001,1073881,NJ0023701
12000065001,1078187,FL0021857
39000137001,1080561,OH0054879
39000162001,1080587,OH0028011
39000293001,1080707,OH0101761
39001932001,1080971,OH0020761
39004032001,1081150,OH0025925
39006770010,1081484,OH0038580
39007169001,1081511,OH0030503
39007378001,1081522,OH0021806
39009086001,1081701,OH0028142
26000596001,1088610,MI0022802
26000815001,1088632,MIG570026
26000907001,1088641,MI0022446
26003033001,1088845,MI0046485
25000015001,1092319,MA0100609
25000024001,1092327,MA0101010
54003404001,1095117,WV0020630
01000150001,1101985,AL0055786
01000311001,1102134,AL0056057
01000397001,1102203,AL0066974
05000227001,1105055,AR0037125
05000243001,1105071,AR0049077
05000629002,1105431,AR0034673
13000050001,1109039,GA0025712
13000071001,1109070,GA0037737
41000002001,1164257,OR0020214
47000260001,1166011,TN0061387
47001016002,1166151,TN0020648
47001020001,1166156,TN0062111
47001075001,1166161,TN0077836
22000605002,1168214,LA0040207
22000608001,1168215,LAG560287
22000700001,1168221,LA0036374
22000955001,1168247,LA0039641
22003233001,1168468,LA0020028
22003259001,1168483,LA0056502
22003281001,1168485,LA0073521
22003402001,1168568,LA0075400
22009051022,1168648,LA0066630
22009071004,1168662,LA0038105
40000022001,1172443,OK0032379
40000045001,1172467,OK0030708
40000168001,1172557,OK0027090
40000577001,1172768,OKG580029
40000725001,1172841,OK0028843
40000767001,1172857,OK0034223
06005200001,1175704,CA0079901
46000092001,1179192,SD0020354
53000360001,1180791,WA0037231
53000921001,1180864,WA0023396
53001620001,1180980,WA0021938
53001875001,1181008,WA0020320
53002295001,1181052,WA0021032
48000001001,1182782,TX0058378
48001109001,1182914,TX0125971
48001128001,1182931,TX0025976
48001205001,1182984,TX0024287
48001225001,1183006,TX0054291
48001239001,1183018,TX0023167
48003001001,1183166,TX0027006
48003011001,1183174,TX0069850
48004233001,1183480,TX0099732
48005019001,1183581,TX0022217
48006015001,1183686,TX0073423
48007024001,1183799,TX0021369
48007053001,1183874,TX0079529
48007101001,1183923,TX0027146
48007424002,1184070,TX0033341
48009505001,1184507,TX0034509
51000053001,1192647,VA0085952
51000266004,1192895,VA0067351
51000267001,1192896,VA0026221
55000540001,1206086,WI0021954
55003470001,1206494,WI0024961
55004080001,1206584,WI0021865
55004620001,1206644,WI0029572
55009511001,1206864,WI0020991
55009511001,1206864,WI0023787
55009790002,1206957,WI0036811
55009907001,1206995,WI0031861
24000042022,1214283,MD0053228
24000082001,1214394,MD0052990
36001012001,1220258,NY0021822
36003112004,1220548,NY0030261
36004077001,1220775,NY0032433
36005163001,1220926,NY0265217
48000112001,1227739,TX0047031
48007473001,1227923,TX0056421
48007544001,1227928,TX0075981
55000710001,1229145,WI0023485
20000939001,1230918,KS0026417
27000331001,1231507,MN0025585
29003715001,1233283,MO0021768
18000051001,1234170,IN0020184
18002140001,1234187,IN0025585
47000985001,1235061,TN0023507
51000251001,1235985,VA0020354
40000042001,1236855,OK0020656
39000300001,1237813,OH0130788
53001470001,1238908,WA0020401
40000764001,1236896,OK0022781
39007392001,1237832,OH0027324
53010101011,2879460,WA0023175
20000498002,1130302,KS0100854
13000000471,3608864,GA0020052
47000122001,3003322,TN0078042
48001122002,3542378,TX0062219
28000327501,3200828,MS0058483
37007803002,3486795,NC0086550
48009008002,3539856,TX0034312
08209000060,3500212,COG588047
29004046001,3501951,MO0110001
08201200073,3530616,COG589069
29003220001,3531656,MO0028053
08000400002,377613,CO0039519
48001005001,1182874,TX0088901
53000000027,3608126,WA0044938
17001104001,1114040,ILG580255
12000172012,485250,FL0174441
08000114001,1066915,CO0020320
08000365001,1067145,CO0036757
34002065001,1073516,NJ0020141
34007031002,1073859,NJ0024040
12000298001,1078407,FL0020338
39000382001,1080795,OH0029238
39000644001,1080836,OH0024091
39002080001,1080980,OH0130923
39002587009,1081018,OH0020125
39003200001,1081090,OH0047571
39006412001,1081450,OH0021148
39006636001,1081467,OH0027031
39007784001,1081560,OH0021814
39008835001,1081672,OH0045390
26000033001,1088331,MI0022861
26000338001,1088478,MI0022730
26002056001,1088740,MI0028304
26003050001,1088857,MIG580010
26003135001,1088922,MI0020699
26003143001,1088930,MIG580207
26003162001,1088936,MIG580013
25000008002,1092313,MA0100480
50000070001,1094121,VT0100366
13000574001,1109373,GA0025461
17000108001,1113390,IL0024414
17000241003,1113520,IL0025232
17000243001,1113523,IL0064220
17000300001,1113569,IL0048054
17001126001,1114050,ILG580190
17001212001,1114058,IL0030961
17001408001,1114087,IL0026107
17003216001,1114135,IL0070548
17003719001,1114166,IL0021890
17005411001,1114226,ILG580210
18000076001,1120106,IN0036820
18000251001,1120152,IN0020672
18000704001,1120207,IN0032719
18004692001,1120399,IN0022268
18004713001,1120403,IN0023744
18004731001,1120407,IN0039926
19000062001,1123507,IA0061778
19000093001,1123532,IA0058076
19000152001,1123577,IA0027201
19000296001,1123706,IA0058718
19000333001,1123738,IA0020966
19000445002,1123838,IA0020842
19000524001,1123913,IA0047368
19000552001,1123938,IA0036552
19000569001,1123951,IA0022276
19000617001,1123995,IA0036561
19000627001,1124003,IA0036943
19000905001,1124242,IA0032301
19001065001,1124339,IA0032867
20000999001,1130480,KS0097446
20001513001,1130634,KS0083291
29001181003,1133505,MO0104736
29001221001,1133553,MO0028070
29002021001,1133639,MO0041190
29002375001,1133813,MO0043206
29003440001,1133960,MO0121916
29004072001,1134088,MO0031666
29005002001,1134179,MO0106291
21000177001,1139617,KY0023396
23000023001,1142456,ME0101397
27000182001,1148047,MN0022179
27000212001,1148073,MN0054127
27001612001,1148230,MN0021032
27005805001,1148363,MN0022951
27007701001,1148432,MN0021679
27007803001,1148434,MN0022110
27009319001,1148477,MN0022772
38000065001,1151318,NDG325062
38000225001,1151465,NDG325313
38000272001,1151512,NDG120028
38000321001,1151557,NDG222110
30000015001,1159087,MT0030333
30000068001,1159131,MT0020303
30000070001,1159133,MT0020478
41000017002,1164272,OR0026891
41000020001,1164275,OR0023345
41000063001,1164325,OR0026395
41000254001,1164467,OR0030660
47000050001,1165968,TN0020737
47000490002,1166050,TN0063771
22001025002,1168252,LA0036404
22001295001,1168270,LA0033227
22003106001,1168366,LA0038644
22003156001,1168416,LAG560103
22003290001,1168497,LAG540679
49000019001,1170376,UT0020907
49000021001,1170378,UT0020371
49000027001,1170384,UT0020231
40000006001,1172422,OK0039063
40000357001,1172636,OK0041467
40000371001,1172647,OK0032328
40000394001,1172660,OKG580028
40000806001,1172880,OKG580020
06004009003,1175479,CA0053911
06004010003,1175493,CA0053953
06005245002,1175731,CA0004995
36004166001,2890209,NY0263028
05000041001,2906202,AR0050261
18005154001,2913188,IN0050822
20000994001,2919189,KS0084476
20000752001,3048632,KS0092941
53002012033,3527737,WA0501487
55000130000,3372279,WI0031186
48007021004,3513478,TX0125512
18080000017,3520476,IN0055158
18120000024,3525060,IN0060101
08201200001,3525596,CO0047252
22001450002,3533156,LA0038253
54000217001,3537958,WVG550966
21000071002,372726,KY0100404
53000000129,3613608,WA0029670
13000823001,1109647,GA0039357
35000000024,494075,NM0023370
08000272001,1067061,CO0046761
34007424001,1073894,NJ0020923
12000005003,1078124,FL0112895
12000224001,1078370,FL0020907
12000267001,1078394,FL0031216
39000187001,1080609,OH0123501
39000338001,1080749,OH0020486
39000387001,1080800,OH0024694
39001660007,1080932,OH0024597
39001715001,1080959,OH0050776
39003731001,1081128,OH0025810
39004475001,1081182,OH0039098
39005768001,1081318,OH0021024
39008736001,1081664,OH0028029
26000230001,1088431,MI0023035
26000359011,1088492,MIG960066
26000471001,1088533,MIG610197
33000043001,1100939,NH0100293
33000053001,1100944,NH0100471
33000082001,1100972,NH0100196
01000102001,1101934,AL0071897
05000013001,1104877,AR0036498
17000356001,1113624,IL0030571
17000668001,1113935,IL0026433
17000729001,1114009,IL0048526
17003211001,1114132,IL0029378
17005804001,1114258,IL0022373
17007514002,1114350,IL0066133
17009914001,1114449,IL0025178
18000157001,1120136,IN0024368
18000701001,1120204,IN0020044
18002060001,1120266,IN0025674
18003370001,1120313,IN0038296
18004075001,1120324,IN0023990
18004152001,1120330,IN0030562
18004154001,1120331,IN0021377
18004181001,1120337,IN0039802
18004834001,1120419,IN0063193
18005371001,1120489,IN0039268
19000005001,1123454,IA0041831
19000010001,1123458,IA0036871
19000051001,1123498,IA0030708
19000204001,1123623,IA0035319
19000318001,1123725,IA0056804
19000373001,1123771,IA0036480
19000447001,1123840,IA0036919
19000464001,1123856,IA0043168
19000554001,1123939,IA0076902
19000614002,1123992,IA0027723
19000665001,1124037,IA0057045
19000669001,1124041,IA0060321
19000727001,1124089,IA0066311
19001008001,1124287,IA0024465
05000674001,1105471,AR0044547
13000113001,1109116,GA0037982
29002119001,1133694,MO0040185
29002421001,1133840,MO0044113
29002821001,1133886,MO0112534
29003198002,1133930,MO0040312
29003480001,1133972,MO0094714
29004103001,1134113,MO0113514
29004145001,1134158,MO0101648
29004592001,1134172,MO0031674
21000083001,1139547,KY0072885
21000095001,1139560,KY0047431
21000120002,1139588,KY0026611
21000163001,1139605,KY0069825
21000359001,1139757,KY0025844
23000007001,1142437,ME0100048
23000086001,1142524,MEU502119
23000102001,1142541,ME0100617
23000108001,1142547,ME0100056
23000149001,1142584,ME0101150
35000049001,1145065,NM0020010
31000175001,1145775,NE0112666
31001252001,1145926,NE0027324
27000317001,1148140,MN0025666
27005603001,1148352,MN0021156
27005806001,1148364,MN0021571
38000101001,1151351,NDG321725
38000151001,1151397,NDG322900
38000223001,1151463,NDG120753
38000273001,1151513,NDG123256
38000352001,1151589,NDG320168
37000101001,1153088,NC0023876
37003312001,1153343,NC0020605
37004901002,1153448,NC0020591
37007201001,1153595,NC0021849
37008602001,1153722,NC0021326
30000109001,1159164,MT0020141
41000105001,1164360,OR0041271
41000269001,1164478,OR0020842
22003005001,1168289,LA0049271
22003131004,1168403,LA0038547
22009033003,1168611,LA0036412
40000021002,1172442,OK0027359
40000193001,1172578,OK0022993
40000499001,1172728,OKG580022
40000547001,1172756,OK0028649
06004009006,1175482,CA0054119
46000005001,1179113,SD0020940
48001120001,1182922,TX0021547
48001220003,1183002,TX0047562
48002045001,1183132,TX0054976
48003099001,1183246,TX0021725
48004109001,1183416,TX0021687
48005106001,1183652,TX0026531
48007004001,1183773,TX0025615
48007039084,1183851,TX0069736
48007425001,1184071,TX0056057
48008185001,1184456,TX0107743
51001400027,1193045,VA0077828
42000064001,1195402,PA0026794
42000094003,1195429,PA0026662
42001320001,1195768,PA0036102
42004005001,1196229,PA0110663
42005070001,1196572,PA0027626
42005084001,1196584,PA0027651
55000610001,1206091,WI0036749
55002020001,1206275,WI0021776
55002800001,1206385,WI0020869
55003750001,1206541,WI0021539
55004950001,1206695,WI0030309
55009780001,1206950,WI0028169
36002001013,1220317,NY0026174
36004010001,1220704,NY0030996
36004040001,1220741,NY0023973
36008013001,1221210,NY0108430
48005097001,1227886,TX0023299
48007560001,1227930,TX0074136
20000728001,1230900,KS0087467
27001002001,1231511,MN0050997
27003705001,1231533,MN0051764
36007217001,1232161,NY0031089
29002483001,1233263,MO0041165
29003083001,1233271,MO0097390
18000454001,1234178,IN0020991
19000756001,1234680,IA0043176
37002301001,1236366,NC0024538
40000748001,1236894,OK0020788
17000512003,2829909,IL0073504
33000051001,2832682,NH0100447
36004022001,2891622,NY0262935
48002163002,2914250,TX0068764
48000004006,3106848,TX0104345
37007610001,3133069,NC0007820
48007752002,3153388,TX0117595
29001018050,3157408,MO0127159
29002379001,3167568,MO0091715
08209000110,3500262,COG588050
17002043001,3502544,ILG580099
54005411001,3512096,WV0045616
01000088200,3516557,AL0068608
17002066001,3520416,IL0077356
18120000009,3524865,IN0061000
26000923001,1088647,MIG580087
26003123001,1088913,MIG570178
25000081001,1092378,MA0101036
54003413001,1095123,WV0045730
33000022002,1100917,NHG581249
33000044001,1100940,NHG580561
33000093001,1100980,NH0100251
01000017001,1101846,AL0022632
01000035001,1101863,AL0060453
01000049002,1101879,AL0022764
01000062001,1101895,AL0049042
01000103001,1101935,AL0078204
01000110002,1101943,AL0022225
01000127005,1101959,AL0050130
01000203001,1102042,AL0050547
01000231001,1102062,AL0020991
05000012001,1104876,AR0022063
05000207001,1105035,AR0021954
05000251001,1105079,AR0044725
05000512001,1105312,AR0038369
05000557001,1105358,AR0021890
05000703001,1105499,AR0035785
13000016005,1108962,GA0038831
13000047001,1109036,GA0020478
13000119001,1109121,GA0048674
17000278001,1113553,IL0033481
17000278001,1113553,IL0028592
17000283001,1113558,ILG580212
17000309001,1113575,ILG580102
17000319002,1113585,IL0042412
17001014001,1114037,ILG580118
17001317001,1114080,ILG580238
17003101001,1114129,ILG580279
17003720001,1114167,ILG580244
17005901001,1114267,ILG580094
17005917001,1114279,IL0023302
17007511001,1114346,IL0021440
17009419001,1114421,ILG580114
18000600001,1120199,IN0020036
18000829001,1120224,IN0040517
18001009001,1120241,IN0043621
18002010001,1120260,IN0025623
18003420001,1120317,IN0040240
18004932001,1120441,IN0023981
18005373001,1120491,IN0109703
19000073001,1123514,IA0041777
19000241001,1123658,IA0042811
19000358001,1123758,IA0022284
19000452001,1123845,IA0036102
19000593001,1123975,IA0076651
19000683001,1124051,IA0080845
19000862001,1124207,IA0036986
16000059001,1128610,ID0022781
20000438001,1130260,KS0025704
20000711001,1130369,KS0095923
29001120001,1133401,MO0051616
29002204001,1133730,MO0106461
29002415001,1133835,MO0127124
29002463001,1133852,MO0125091
29003705001,1133995,MO0043231
21000321001,1139731,KY0022390
21000458001,1139790,KY0097837
23000135001,1142573,ME0100455
31002580001,1146078,NE0039861
27000001003,1147879,MN0030007
27000032001,1147925,MN0049069
27000230001,1148088,MN0021245
27001106001,1148194,MNG580159
27009202001,1148458,MN0022691
38000003001,1151259,ND0022861
38000202001,1151445,NDG322055
38000409001,1151614,NDG321555
37006606001,1153566,NC0025437
37008701001,1153739,NC0026557
37009903001,1153818,NC0020931
45000252001,1157145,SC0020443
28000050001,1160185,MS0024848
41000039001,1164302,OR0020443
41000153001,1164397,OR0030392
53000670001,1180830,WA0020702
53000940001,1180869,WA0020303
53002185001,1181041,WA0020800
53002560001,1181086,WA0045144
48000134001,1182820,TX0057207
48002139001,1183162,TX0024856
48003069001,1183223,TX0053716
48003084001,1183235,TX0105210
48003108001,1183253,TX0075604
48003268001,1183305,TX0083089
48004083001,1183393,TX0024325
48004213001,1183466,TX0104752
48005060001,1183612,TX0027031
48006002001,1183673,TX0054551
48007180001,1183984,TX0024759
48007615001,1184175,TX0072893
48007784001,1184269,TX0090123
42003110001,1196087,PA0020214
55001040001,1206145,WI0021466
55002510001,1206340,WI0024465
24000004001,1214157,MD0021814
36004008001,1220702,NY0268771
36004021001,1220718,NY0109151
36009062001,1221379,NY0021334
48001405001,1227781,TX0122483
48003004001,1227801,TX0046612
55000220001,1229132,WI0030767
55000440001,1229139,WI0023370
55001026001,1229155,WI0030848
20000718001,1230899,KS0081701
27000283001,1231503,MN0020575
17000407001,1232718,IL0028321
17009513001,1232768,IL0071374
29002324001,1233251,MO0103594
19000197001,1234647,IA0034363
19000293001,1234653,IA0027456
19000582001,1234668,IA0030848
21000355001,1235520,KY0025895
51000065001,1235964,VA0064394
22000645001,1237408,LA0041769
39002457001,1237818,OH0021164
30000111001,1238247,MT0020451
36007163001,2888341,NY0094480
36003062008,2906224,NY0026590
53000776007,3024529,WA0032247
29004136003,3086829,MO0120227
34002539004,3106652,NJ0050130
39006770015,3202289,OH0038547
44000042001,3345742,RI0100404
29002424001,3515476,MO0136093
17002082002,3531996,IL0026344
08201200112,3532576,CO0046850
29002214013,3537396,MO0126403
04000507001,1069365,AZ0025755
04001334001,1069465,AZ0023281
04001903001,1069549,AZ0020001
04002302001,1069598,AZ0025011
34006039001,1073788,NJ0024686
34007031001,1073858,NJ0024031
12000012001,1078127,FL0027812
12000049002,1078168,FL0024007
12000053001,1078173,FL0020940
12000379002,1078428,FL0139475
39000391001,1080804,OH0022195
39004592002,1081191,OH0089672
39004648001,1081205,OH0021041
39007910001,1081568,OH0027511
26000075001,1088353,MIG580227
26000627001,1088613,MI0021164
26000902001,1088638,MIG580358
26002058001,1088742,MIG580361
26003055001,1088862,MIG960013
26003061001,1088870,MIG570220
25000093001,1092390,MA0100897
25000205001,1092490,MA0101001
50000075001,1094126,VT0100501
54000801001,1094753,WV0022055
54002013001,1094904,WV0023116
33000021001,1100915,NHG580315
33000052001,1100943,NH0100161
01000023001,1101851,AL0023825
01000054002,1101886,AL0020036
01000348001,1102160,AL0051144
02000407001,1104837,AK0022497
05000072001,1104910,AR0022390
05000191001,1105022,AR0021512
05000318001,1105144,AR0033863
05000467001,1105256,AR0037508
13000177001,1109185,GA0047805
13000203002,1109225,GA0020168
13000622001,1109433,GA0027189
13000691001,1109512,GA0050199
17000032001,1113323,IL0044792
17000050001,1113340,IL0025097
17000173001,1113450,ILG580131
17000226001,1113501,IL0024821
17000260001,1113537,IL0026441
17000355001,1113623,ILG580138
17001205001,1114055,ILG580173
17005205001,1114207,ILG580029
17005909001,1114273,IL0020346
17007706001,1114370,IL0063860
18000042001,1120087,IN0035173
18000601001,1120200,IN0039853
18003330001,1120309,IN0040711
18004273001,1120348,IN0109533
18004275001,1120350,IN0034932
18005474001,1120500,IN0038300
19000096001,1123534,IA0042838
47000305001,1166020,TN0061841
47000760003,1166105,TN0021822
22003092001,1168353,LAG560116
22003410001,1168574,LA0020541
49000058001,1170413,UT0021288
49000058001,1170413,UTL021288
49000097001,1170449,UT0024686
49000097001,1170449,UTL024686
40000175001,1172562,OK0027138
40000602001,1172783,OK0028665
06001047001,1175213,CA0022713
06002040001,1175298,CA0037737
06004009008,1175484,CA0054216
06009041002,1176080,CA0107433
53000610001,1180811,WA0044784
53001486002,1180966,WA0052132
48000004001,1182787,TX0022802
48002028001,1183123,TX0025411
48003092001,1183241,TX0024848
48004052001,1183370,TX0022501
48004088001,1183397,TX0023566
48004141001,1183451,TX0056731
48005031001,1183589,TX0024236
48005040001,1183596,TX0032344
48006020002,1183692,TX0022373
48006026001,1183698,TX0022349
48006059001,1183716,TX0054160
48007166001,1183974,TX0089346
48007459001,1184086,TX0077178
48007749001,1184250,TX0078433
48008041001,1184388,TX0032671
48008069001,1184411,TX0119466
48008072001,1184413,TX0068632
51000257007,1192878,VA0022349
51000322006,1192963,VA0025364
51000328001,1192976,VA0060500
51001305001,1193015,VA0062685
56000002001,1194773,WYG650008
56000002001,1194773,WYL022209
42001283001,1195734,PA0022543
55000014001,1206008,WI0061301
55003020001,1206425,WI0024732
55003490001,1206501,WI0021181
55004010001,1206571,WI0020729
55006861001,1206784,WI0030830
55009858001,1206978,WI0031275
24000048024,1214301,MD0022721
36001010001,1220247,NY0026450
36002001011,1220315,NY0026204
36004070001,1220771,NY0020290
36005040001,1220855,NY0031941
36007215001,1221180,NY0022730
36008085001,1221276,NY0022551
48002027001,1227784,TX0023159
48005103001,1227888,TX0072711
55000350001,1229137,WI0061255
31000452001,1230180,NE0026107
27005908001,1231547,MN0024538
27009904001,1231571,MN0023183
17000294001,1232710,IL0025381
29004129001,1233303,MO0041068
18004313001,1234200,IN0038318
19000106001,1234636,IA0020958
19000786001,1234682,IA0036579
19000793001,1234683,IA0032841
21000286001,1235510,KY0029122
40000029001,1236854,OKG580043
40000174001,1236865,OK0027375
24000052001,1238377,MD0024406
53000790001,1238904,WA0020486
19000165001,1123588,IA0056812
19000268001,1123682,IA0027677
19000493001,1123883,IA0026026
19000736001,1124095,IA0077097
19000748001,1124106,IA0072427
19000789001,1124137,IA0033359
19000872001,1124214,IA0033341
16000067001,1128617,ID0020150
16000102001,1128643,ID0023159
16000195001,1128719,ID0022047
20000436001,1130258,KS0036714
20000450001,1130270,KS0029050
20000457001,1130276,KS0081540
20000505001,1130329,KS0081060
20000982001,1130468,KS0080357
20001219001,1130549,KS0020982
29001092001,1133372,MO0094137
29001104001,1133385,MO0118591
29001187001,1133511,MO0027111
29002095001,1133679,MO0124281
29004141001,1134155,MO0022837
29004159002,1134170,MO0042111
21000025002,1139490,KY0022420
21000102001,1139566,KY0100251
21000151001,1139595,KY0026891
21000186001,1139624,KY0054437
21000225001,1139655,KY0048348
21000288001,1139706,KY0026921
23000017001,1142448,ME0101117
35000057001,1145071,NM0024988
31000085001,1145764,NE0041297
31000285001,1145804,NE0021482
31000389001,1145820,NE0026051
31000632001,1145849,NE0112119
31001325001,1145936,NE0045233
31002520001,1146068,NE0049026
27000003001,1147895,MN0041092
27000208001,1148069,MNG580033
27000256001,1148109,MN0024023
38000016001,1151270,NDG322314
38000030001,1151283,NDG320923
38000088001,1151340,NDG321598
38000237001,1151477,NDG321539
38000265001,1151505,NDG322098
38000410001,1151615,NDG325411
37002407001,1153276,NC0026000
37004208001,1153414,NC0025721
37007904001,1153665,NC0021873
30000010001,1159084,MT0020389
30000193001,1159231,MT0020591
28000131001,1160212,MS0057096
41000015001,1164270,OR0026131
41000074001,1164336,OR0023361
41000310001,1164500,OR0022454
47000615001,1166069,TN0057291
47000800001,1166113,TN0022888
22000015001,1168166,LA0089257
22003036001,1168314,LA0065064
22003088001,1168347,LA0020486
22003164001,1168421,LA0065102
22009033001,1168609,LA0036421
49000094001,1170446,UT0024392
49000094001,1170446,UTL024392
40000177001,1172564,OK0020303
40000204001,1172587,OK0035599
40000416001,1172673,OK0038971
40000483001,1172719,OKG580015
40000616001,1172789,OK0028100
40000668001,1172815,OK0020796
40000811001,1172884,OK0020168
06003027001,1175394,CA0047953
06005040001,1175560,CA0077712
06008033001,1175988,CA8000326
53000292008,1180784,WA0023795
53001250001,1180933,WA0020672
53001252001,1180934,WA0029521
48001203006,1182980,TX0047082
48001219002,1183000,TX0117978
48002017001,1183116,TX0047899
48005033001,1183591,TX0024970
48006001001,1183672,TX0046990
48007018001,1183789,TX0027634
48007039001,1183820,TX0096172
48007039002,1183821,TX0062201
48007048001,1183866,TX0117528
48007699001,1184223,TX0058424
48007855001,1184310,TX0027049
51000158001,1192728,VA0060640
20000812001,2919032,KS0085600
51001400061,3057568,VA0020460
34001112006,3106594,NJ0028541
34002539003,3106649,NJ0026905
36008198002,3121469,NY0246972
51070000011,3514717,VA0029564
01000212000,3518718,AL0076261
18120000023,3525059,IN0062286
18120000037,3525076,IN0061662
08201200015,3527016,CO0041068
12000172023,3532479,FL0044245
21000531002,3542816,KY0107051
55002135000,398326,WI0031232
09001460001,1071951,CT0100609
34001087001,1073313,NJ0029386
34002534002,1073617,NJ0098922
34005395001,1073767,NJ0024856
34006344001,1073837,NJ0024449
34007290001,1073885,NJ0026832
12000016002,1078132,FL0043591
12000175002,1078341,FL0041441
39000106001,1080528,OH0027898
39000203001,1080627,OH0028932
39000462001,1080812,OH0024015
39001323001,1080898,OH0024350
39002506001,1081004,OH0024996
39002555001,1081006,OH0025003
39002667001,1081027,OH0025127
39002969004,1081061,OH0028843
39007721001,1081553,OH0023566
39008260001,1081612,OH0027740
26003023001,1088834,MIG580301
26003092001,1088890,MI0020125
26003129001,1088916,MIG580330
25000075001,1092373,MA0101231
50000044001,1094094,VT0100480
50000087001,1094137,VT0100706
54000605001,1094745,WV0027413
54005503001,1095327,WV0080390
33000150003,1101002,NH0101150
01000248001,1102078,AL0024295
01000317001,1102138,AL0062944
01000391001,1102198,AL0020826
05000002001,1104852,AR0033278
55000270001,1206057,WI0060771
55001160001,1206156,WI0021300
55001670001,1206239,WI0021440
55004900001,1206674,WI0025640
55005320001,1206734,WI0021636
55009602001,1206888,WI0031682
24000033001,1214253,MD2178E89
36001002001,1220239,NY0022462
36001015026,1220280,NY0065358
36003026001,1220380,NY0022098
36006054001,1220976,NY0257711
36008094001,1221282,NY0028088
36009012001,1221346,NY0029301
48007088002,1227914,TX0070165
55002310002,1229187,WI0021806
55005170001,1229250,WI0025763
31001555001,1230230,NE0113948
17000607001,1232722,ILG580178
17003016001,1232734,IL0027472
17007121001,1232754,ILG580172
29002311001,1233249,MO0055182
29003474001,1233275,MO0091723
22003310001,1237433,LA0062928
24000014001,1238369,MD0021563
24000069001,1238384,MD0022543
53001580001,1238909,WA0021008
13000702001,1239509,GA0032905
33000027001,2800550,NH0100005
39000088005,2806108,OH0121380
29002128001,2877670,MO0056545
08209000128,3500280,CO0024392
48007045001,3500841,TX0116271
48001125005,3515818,TX0126926
01000534001,3520796,AL0071056
12000302003,410513,FL0042617
08194000000,462206,CO0039641
51000447001,483952,VA0089729
08000163001,1066958,CO0020508
08000168001,1066963,CO0021075
34003079001,1073639,NJ0028142
05000003003,1104856,AR0020320
05000020001,1104888,AR0022021
05000128001,1104961,AR0021849
05000140001,1104972,AR0042781
05000164001,1104995,AR0039594
05000464001,1105253,AR0035696
05000513001,1105313,AR0021661
05000689001,1105486,AR0048801
05000777001,1105563,AR0046256
13000206001,1109235,GA0030775
13000216007,1109267,GA0024341
13000521001,1109321,GA0033243
13000563001,1109362,GA0032492
13000600002,1109409,GA0030350
13000717001,1109543,GA0020141
17000038001,1113329,IL0023248
17000084001,1113371,IL0025267
17000089001,1113375,IL0071391
17000175001,1113452,IL0020265
17000323001,1113589,IL0028576
17000430001,1113700,IL0021288
17000670001,1113937,IL0028282
17007522001,1114355,ILG580107
17009920001,1114454,IL0029246
18005491001,1120502,IN0040100
15000007002,1123281,HI0020257
19000134001,1123562,IA0042641
19000316001,1123723,IA0026697
19000677001,1124047,IA0033685
19000712001,1124076,IA0062979
19000738001,1124097,IA0063495
19000853001,1124198,IA0033103
19000899001,1124237,IA0033197
19001010001,1124289,IA0036072
19001033001,1124312,IA0076660
19001090001,1124360,IA0059161
20000289001,1130211,KS0089991
20000403001,1130228,KS0094650
20000404001,1130229,KS0094382
20000409001,1130233,KS0046493
29001039001,1133320,MO0100676
29001084001,1133365,MO0098990
29003781002,1134017,MO0026646
21000025012,1139493,KY0102784
21000257001,1139682,KY0079316
23000130001,1142568,ME0100439
44000023001,1144305,RI0100251
35000021012,1145031,NM0027987
31000195001,1145776,NE0020915
31001541001,1145966,NE0046124
31001703001,1145983,NE0042340
31002039001,1146028,NE0021555
31002605001,1146080,NE0042501
27000020001,1147912,MN0030121
27000043001,1147935,MN0024619
27000123001,1147999,MN0021407
27000250001,1148104,MN0022225
27002011001,1148248,MN0024554
27003518001,1148299,MN0023566
27005906001,1148369,MN0024147
38000061001,1151314,NDG123442
38000075001,1151328,NDG325178
38000137001,1151384,NDG121954
38000221001,1151461,ND0020079
38000267001,1151507,NDG122161
38000276001,1151516,NDG120834
37002902001,1153312,NC0024112
37009801002,1153809,NC0023906
30000049001,1159117,MT0022012
41000053010,1164315,OR0023396
47000765001,1166107,TN0020877
22003219001,1168455,LA0044067
40000015001,1172434,OK0034509
40000026001,1172447,OK0030341
40000051002,1172472,OK0021504
40000303001,1172603,OKG580045
40000497002,1172727,OK0028428
40000628001,1172794,OKG580047
40000654001,1172806,OK0021938
06001011001,1175181,CA0022730
06005041001,1175561,CA0078999
46000097001,1179196,SD0023370
39000041001,1080463,OH0027855
39000242001,1080664,OH0022454
39002141001,1080984,OH0054399
39004557001,1081187,OH0020991
39006398001,1081449,OH0026948
39007623001,1081545,OH0023540
39007987001,1081571,OH0027553
39008722001,1081662,OH0058190
26000152001,1088390,MIG580082
26000313001,1088451,MI0026069
26000518001,1088571,MI0028444
26003018001,1088832,MIG580348
26003054001,1088861,MI0020176
26003057001,1088864,MI0023515
26003058001,1088865,MI0020893
25000034001,1092336,MA0101605
54000208001,1094702,WV0103161
54004215001,1095213,WV0080535
54005505000,1095329,WV0020681
33000062002,1100952,NH0100901
33000094001,1100981,NH0100277
02000120001,1104801,AK0021385
05000076001,1104914,AR0042421
05000166001,1104997,AR0020044
05000363001,1105178,AR0037028
05000507001,1105307,AR0021857
13000036001,1109013,GA0023167
13000135001,1109139,GA0047431
13000505001,1109303,GA0037753
13000632001,1109444,GA0021849
13000675001,1109497,GA0037800
17000690001,1113955,IL0030007
17003301001,1114137,IL0029254
17003305001,1114139,IL0030732
17007202001,1114307,IL0020001
17007207001,1114312,ILG580003
17007701001,1114365,ILG580148
18000043001,1120088,IN0040436
18000044001,1120089,IN0020401
18003051001,1120284,IN0061557
18004251001,1120344,IN0039993
18004451001,1120362,IN0025828
18005753001,1120509,IN0021059
19000003001,1123452,IA0035416
19000013001,1123462,IA0034339
19000018001,1123468,IA0024449
19000409003,1123804,IA0070866
19000456001,1123848,IA0024597
19000906001,1124243,IA0042803
19000912001,1124249,IA0072460
19001031001,1124310,IA0047783
16000092001,1128640,ID0020117
20000535001,1130340,KS0085758
20000735001,1130387,KS0097616
20000991001,1130473,KS0079952
20001003001,1130481,KS0095141
29001100001,1133379,MO0041114
29001146001,1133427,MO0113085
29001183001,1133507,MO0025810
29001186001,1133509,MO0080632
29001189002,1133514,MO0092649
29001193006,1133528,MO0028720
29002018001,1133636,MO0130133
29002322001,1133782,MO0043532
29003045001,1133901,MO0046990
29003471001,1133966,MO0021440
29003867000,1134025,MO0120057
29004120001,1134130,MO0026514
31000500001,1145836,NE0113549
31001205001,1145921,NE0046183
31001462001,1145955,NE0046116
31001745001,1145991,NE0030716
31001860001,1146007,NE0046230
31001975001,1146019,NE0046264
27000142001,1148012,MNG580149
27000206001,1148067,MN0020737
27005505001,1148346,MN0021440
38000122001,1151369,NDG320656
38000189001,1151432,NDG322527
37001201001,1153174,NC0026573
37002511001,1153294,NC0030406
37003202001,1153335,NC0026051
37004001001,1153394,NC0020842
37007301001,1153599,NC0021024
28000515002,1160310,MS0051756
41000036002,1164299,OR0020001
41000049001,1164309,OR0022314
41000052001,1164312,OR0020532
41000058001,1164321,OR0026255
41000220001,1164439,OR0023370
47001016006,1166155,TN0024970
22003162001,1168419,LAG570457
22003409001,1168573,LA0068241
22003431001,1168591,LAG560114
53000500001,1180803,WA0021121
53002035001,1181023,WA0005337
48003023001,1183186,TX0083399
48005015002,1183577,TX0047988
48005057001,1183610,TX0027936
48006032001,1183701,TX0069213
48007011001,1183780,TX0025798
48007519001,1184118,TX0025623
48008027001,1184370,TX0047333
51000015001,1192598,VA0026565
51000020001,1192608,VA0061913
51000078001,1192667,VA0023922
42001171002,1195651,PA0026735
42005041002,1196519,PA0028711
42006006001,1196962,PA0020605
55001980001,1206271,WI0060429
55002130001,1206285,WI0024210
55002790001,1206384,WI0032361
55006420001,1206770,WI0022021
55009860001,1206979,WI0031950
55009997001,1207019,WI0029726
24000054011,1214319,MD0060950
36003048001,1220412,NY0023272
36003069001,1220474,NY0062278
36003106001,1220534,NY0110574
36004071001,1220772,NY0087971
36005028001,1220842,NY0255858
36005052001,1220864,NY0030627
36006103001,1221020,NY0027146
36006108002,1221021,NY0024635
36006158001,1221036,NY0025780
36007059001,1221085,NY0020559
36009036001,1221358,NY0020508
55001370001,1229165,WI0021571
55004670001,1229241,WI0025569
31000911001,1230202,NE0031844
20000210001,1230867,KS0024881
20001501001,1230938,KS0027511
27000180001,1231495,MN0031186
27003305001,1231525,MN0022217
36003062005,1232112,NY0026581
36003131002,1232116,NY0024295
36003131002,1232116,NY0264008
36007027001,1232152,NY0021903
17005913001,1232750,IL0020303
17007102001,1232752,IL0027529
29003710001,1233282,MO0091600
18004076001,1234195,IN0021342
18004392001,1234202,IN0036846
19000923001,1234690,IA0058912
37005203001,1236378,NC0021342
41000134001,1238054,OR0022438
41000312001,1238066,OR0031496
45000607007,1238538,SC0040886
06002030001,1238810,CA0038539
20001902001,2919042,KS0086835
34002539006,3106690,NJ0067733
39000201004,3158109,OH0043770
48003278001,3187068,TX0127698
31004000000,3253697,NE0061263
06008086001,3380875,CA8000100
05000054001,3501345,AR0037249
39006612001,3510983,OH0070467
40000017001,1172437,OK0027677
40000336001,1172627,OK0027979
40000516001,1172739,OKG580033
40000598001,1172780,OK0028614
06002043001,1175301,CA0037541
06008012001,1175963,CA0105376
53001310001,1180944,WA0026123
48001218002,1182998,TX0047007
48004124001,1183434,TX0032018
48005071001,1183620,TX0022438
51000044002,1192636,VA0022845
51000106001,1192691,VA0021172
51000135001,1192713,VA0027294
42005280001,1196772,PA0026697
55000005010,1205999,WI0036447
55002430001,1206320,WI0020141
55003831001,1206552,WI0023523
55007705001,1206801,WI0031381
55009532001,1206873,WI0022489
55009912001,1206999,WI0030961
24000084001,1214395,MD0021571
36003020004,1220357,NY0034606
36003062001,1220463,NY0026557
36003063002,1220469,NY0031224
36005004001,1220814,NY0239577
36006020003,1220950,NY0215911
55000230001,1229133,WI0022365
55000670001,1229144,WI0023442
55002620001,1229193,WI0021580
19000623001,1234672,IA0032905
19000929001,1234691,IA0033880
21000237001,1235505,KY0020150
05000030001,1237644,AR0021229
39009966002,1237836,OH0024139
26000020001,1239208,MI0026468
38000180001,1239324,NDG322373
29001017005,2875463,MO0117960
34002539005,3106668,NJ0060038
36008198003,3138635,NY0246972
39008330021,3177610,OH0140350
22000545005,3507520,LAG570205
12000056009,3508841,FL0040614
18120000044,3525121,IN0039624
13000999009,3534917,GA0037664
01201200003,3539518,AL0048461
21000018999,3542797,KY0034177
18120000001,3524696,IN0063606
39009143016,3529383,OH0079201
50000009001,3533696,VT0100498
40000805001,440264,OK0043257
08000061001,1066863,CO0040053
08000500061,1067197,CO0026051
39000139001,1080563,OH0054844
39000342001,1080753,OH0022489
39000364001,1080776,OH0021903
39001575001,1080916,OH0024406
39002548001,1081005,OH0021261
39002625001,1081021,OH0025062
39003605001,1081124,OH0020389
39006846001,1081494,OH0027219
39008743001,1081665,OH0020753
26000007001,1088318,MI0021008
26000082001,1088356,MIG580066
26000514001,1088567,MIG580264
26002076001,1088751,MIG580152
26009002001,1089062,MIG580367
25000194001,1092478,MA0102202
25000236001,1092520,MA0101141
54000601001,1094742,WV0024481
54004108001,1095189,WV0082309
54004122003,1095204,WVG551445
01000031001,1101859,AL0020907
01000147001,1101983,AL0062278
05000025001,1104896,AR0034002
05000079001,1104917,AR0050997
05000183001,1105014,AR0043524
13000609001,1109418,GA0025631
13000677001,1109498,GA0026638
13000763001,1109588,GA0020931
17000147001,1113421,IL0021261
17000163001,1113443,IL0026352
17000343002,1113613,IL0036382
17000605001,1113884,IL0024384
17009301001,1114409,IL0023612
18000017001,1120070,IN0055484
18000401001,1120182,IN0025640
18002070001,1120267,IN0022934
18004492001,1120368,IN0021661
18004671001,1120396,IN0020532
18004752001,1120410,IN0020095
18005993001,1120520,IN0040762
19000207001,1123626,IA0025861
19000247001,1123664,IA0042790
19000257001,1123674,IA0035904
19000271001,1123685,IA0034398
19000309001,1123717,IA0058939
19000347001,1123749,IA0035432
19000461001,1123853,IA0072214
19000484001,1123874,IA0042897
19000510001,1123899,IA0051934
19000590001,1123971,IA0059153
19000652001,1124025,IA0032948
19000763001,1124116,IA0033723
19001013001,1124292,IA0074705
19001038001,1124317,IA0035408
19001076001,1124350,IA0074241
16000031001,1128578,ID0020427
16000131001,1128666,ID0025941
08000231001,1067021,COG589039
08000268001,1067057,CO0024201
09000590001,1071835,CT0100242
09000641004,1071844,CT0100480
09001180002,1071916,CT0101451
34007117001,1073867,NJ0023361
34007304001,1073887,NJ0024996
12000222001,1078369,FL0026611
39000192001,1080614,OH0022624
39000244001,1080665,OH0040584
39000366001,1080779,OH0023612
39000370001,1080783,OH0020893
39001085001,1080866,OH0020605
39001379001,1080906,OH0020931
39003892001,1081137,OH0025879
39007504001,1081534,OH0027341
39007693001,1081550,OH0050148
39008820001,1081669,OH0134082
39009143013,1081717,OH0029491
39009219001,1081726,OH0028223
26000252001,1088440,MIG580403
26000801001,1088629,MI0022543
26003048001,1088855,MI0020729
26003228001,1088968,MIG580319
25000066001,1092367,MA0101168
25000071001,1092370,MA0100994
25000097001,1092392,MA0101737
25000136001,1092424,MA0101427
25000206001,1092491,MA0100412
50000060001,1094110,VT0100854
50000077001,1094127,VT0101168
54001804001,1094873,WV0045543
54003206001,1095097,WV0027405
54004008001,1095170,WV0023299
54004705001,1095260,WV0022063
54005013001,1095282,WV0085359
33000096001,1100983,NH0101257
01000085007,1101921,AL0055042
01000253001,1102082,AL0061549
01000358001,1102169,AL0070939
01000364001,1102173,AL0045993
01000384001,1102192,AL0053619
01000537001,1102234,AL0047562
05000310001,1105137,AR0021644
05000345001,1105161,AR0045373
05000404001,1105195,AR0045144
13000221001,1109276,GA0021334
17000133001,1113406,IL0021598
17000227001,1113502,IL0027006
17000310002,1113576,IL0051276
17000677001,1113944,IL0036412
17001806001,1114110,IL0046957
17003215001,1114134,IL0021792
17005020001,1114198,ILG580043
17005315001,1114215,IL0022667
17005320001,1114219,IL0050156
17005509001,1114238,IL0072478
18001776001,1120256,IN0040029
18002020002,1120261,IN0035726
18002020003,1120262,IN0035718
18004672001,1120397,IN0021091
18004931001,1120440,IN0023787
19000017001,1123467,IA0042731
19000252001,1123669,IA0020745
19000467001,1123859,IA0027235
19000473001,1123864,IA0027871
19000509001,1123898,IA0020940
19000755001,1124110,IA0063355
19000781001,1124130,IA0055301
19000852001,1124197,IA0033375
19001022001,1124301,IA0076236
16000174001,1128699,ID0020001
20000445001,1130264,KS0047562
20001229001,1130557,KS0092398
20000456001,1130275,KS0038954
20000627001,1130356,KS0086231
20000850001,1130415,KS0092037
20000906001,1130423,KS0116122
20001116001,1130509,KS0027502
20001126001,1130516,KS0021911
29001003023,1133228,MO0097837
29001028001,1133303,MO0096610
29001057001,1133337,MO0058246
29001080001,1133361,MO0028061
29001105001,1133386,MO0109568
29001127002,1133407,MO0101087
29001174001,1133498,MO0045420
29001238001,1133608,MO0056162
29002345001,1133793,MO0030791
29002355001,1133800,MO0087114
29002381001,1133817,MO0120472
29002455001,1133849,MO0096202
29004004001,1134030,MO0114421
29004157001,1134168,MO0123404
21000211001,1139642,KY0066575
21000218001,1139649,KY0020958
21000262002,1139688,KY0062995
35000055001,1145070,NM0020109
35000089001,1145099,NM0024830
31000386001,1145817,NE0023868
31002564001,1146075,NE0046302
27000005001,1147897,MN0022683
27000152001,1148019,MN0046868
27005503001,1148344,MN0021458
27005804001,1148362,MN0023957
27009402001,1148480,MN0022993
27009405001,1148483,MN0021628
38000008001,1151263,ND0022870
38000048001,1151301,NDG221164
38000055001,1151308,NDG320516
38000132001,1151379,NDG320672
38000212001,1151453,ND0022497
38000283001,1151523,NDG322446
38000329001,1151565,NDG320893
37000812001,1153139,NC0023116
37001401001,1153194,NC0023981
37002307001,1153255,NC0020737
37002903002,1153314,NC0026689
37006001003,1153509,NC0024945
37006805001,1153582,NC0025241
37007603001,1153618,NC0025445
45000614001,1157237,SC0023906
30000016001,1159088,MTG580020
30000025001,1159095,MT0021890
30000143001,1159192,MT0030597
30000170001,1159214,MT0024783
28000255001,1160241,MS0023761
41000009001,1164264,OR0026140
41000087001,1164345,OR0022578
41000148001,1164392,OR0022594
47000330001,1166026,TN0025119
47000760004,1166106,TN0061743
47001210001,1166182,TN0026158
47001520001,1166230,TN0020460
47001535001,1166232,TN0026590
22000025001,1168167,LA0041009
22001095001,1168261,LA0098558
22003415001,1168579,LAG540570
40000012001,1172430,OK0026069
40000114001,1172525,OK0032239
06002006001,1175267,CA0037613
06002015001,1175274,CA0037711
06002036001,1175294,CA0037702
06005018001,1175539,CA0077844
06005329001,1175773,CA0078956
53000805002,1180852,WA0008024
53000985001,1180890,WA0021164
53001975001,1181019,WA0022489
53002220001,1181043,WA0002080
48001203004,1182978,TX0047058
48001206001,1182986,TX0020389
48004360001,1183531,TX0052922
48005008001,1183570,TX0054194
48005073001,1183622,TX0023035
48005080001,1183629,TX0105091
48005100001,1183648,TX0054585
48007027002,1183805,TX0027791
48007046001,1183864,TX0047457
48007098001,1183920,TX0020052
20001341001,1130606,KS0117102
29001060001,1133341,MO0056626
29001175001,1133500,MO0127809
29002057001,1133664,MO0054518
29002191001,1133722,MO0058475
29002418001,1133838,MO0050695
29003160001,1133926,MO0113930
29003198001,1133929,MO0028860
29004005000,1134031,MO0136212
29004059001,1134076,MO0026361
29004099001,1134109,MO0055590
29004149001,1134161,MO0099155
21000290001,1139708,KY0028410
21000376003,1139766,KY0025828
23000014001,1142445,ME0100854
23000079001,1142517,ME0100749
23000105001,1142544,ME0101028
23000151001,1142586,MEU508114
35000095001,1145103,NM0024848
27000185001,1148048,MN0022250
27009204001,1148460,MN0020541
27009906001,1148583,MN0023558
38000178001,1151423,NDG320125
37002501001,1153287,NC0025348
37005101001,1153465,NC0020389
37005907001,1153502,NC0035858
45000149001,1157062,SC0025348
45000614006,1157240,SC0024261
30000160001,1159204,MT0022454
30000203001,1159239,MT0025038
41000098001,1164355,OR0029891
41000239001,1164453,OR0020389
41000245001,1164459,OR0023302
47000405001,1166039,TN0021946
47000630002,1166072,TN0030899
47000635001,1166073,TN0064238
47000905002,1166130,TN0020079
47001530001,1166231,TN0064971
22000325001,1168192,LA0038407
22003144001,1168407,LAG560102
22003421001,1168585,LA0043915
40000025001,1172446,OK0021521
40000078001,1172496,OK0027731
40000120001,1172532,OK0026077
06002032003,1175289,CA0037664
06002044004,1175304,CA0038628
06005035001,1175556,CA0078034
06009036001,1176075,CA0107492
53001350001,1180950,WA0024350
48000133001,1182819,TX0023370
48003016001,1183180,TX0055522
48003088002,1183238,TX0025879
48003113001,1183258,TX0024228
48004054001,1183372,TX0087360
48004090001,1183399,TX0126179
48004092001,1183401,TX0047155
48004287001,1183500,TX0020567
48004372001,1183540,TX0073032
48005025002,1183585,TX0025364
48005078001,1183627,TX0054208
48006054001,1183713,TX0023574
48007039005,1183823,TX0063061
48008040001,1184387,TX0034452
48008047002,1184394,TX0077232
51000124001,1192704,VA0020281
48007506001,1184110,TX0046841
48007702001,1184224,TX0075183
48008045001,1184392,TX0053074
48008062001,1184404,TX0023183
51000155001,1192726,VA0025658
42004060001,1196274,PA0026727
42005058001,1196547,PA0027243
55000590001,1206089,WI0031658
55001150001,1206155,WI0020958
55001970001,1206270,WI0020885
55002837001,1206391,WI0061051
55003760001,1206545,WI0020494
55003880001,1206559,WI0021091
55004270001,1206609,WI0021555
55005430001,1206748,WI0029688
24000054001,1214311,MD0054348
36003119004,1220562,NY0030716
36003126001,1220569,NY0109096
36003129001,1220572,NY0029351
36006019001,1220948,NY0034771
36007150001,1221143,NY0105007
36008048002,1221247,NY0020311
48000003001,1227737,TX0075591
48001214001,1227772,TX0027472
48003009001,1227803,TX0058084
48003065001,1227809,TX0023175
27009210001,1231560,MNG580138
36009063001,1232187,NY0031003
17006513001,1232751,IL0029149
29002443001,1233257,MO0039691
29002453001,1233258,MO0041106
29004066001,1233298,MO0093084
18001619001,1234185,IN0039403
18004772001,1234210,IN0020702
47001390001,1235080,TN0062154
40000467001,1236877,OKG580054
40000630001,1236885,OK0027774
30000050001,1238239,MT0022641
53000895001,1238906,WA0020567
26002055001,1239219,MI0021377
38000004001,1239315,ND0023370
33000048001,2868519,NH0100919
37004308001,2881035,NC0088366
18000901001,2908284,IN0022781
18000012001,2941223,IN0058025
54004706001,2982042,WV0024856
48001220001,3008982,TX0047562
22009079031,3188893,LAG540603
13000753002,3364355,GA0046655
08000122601,3418658,CO0040037
06005294001,3478111,CA0081744
08209000105,3500257,CO0021539
08209000126,3500278,CO0020826
08209000146,3501020,COX631006
48001389001,3512856,TX0128465
39000088006,3518817,OH0136247
17000672003,3521639,IL0070688
55000008001,1206002,WI0031747
55002720001,1206376,WI0031917
55002781001,1206382,WI0024597
55003640001,1206527,WI0020940
55005060001,1206706,WI0029971
55007221001,1206793,WI0020842
55009789001,1206955,WI0031577
24000065008,1214359,MD0052248
24000071011,1214379,MD0003221
36001018001,1220291,NY0024881
36003147002,1220596,NY0021571
36004058001,1220756,NY0020265
36004064001,1220762,NY0026875
36004214001,1220809,NY0212199
36005009001,1220820,NY0026018
36005022001,1220838,NY0239682
36006039001,1220963,NY0236306
36006061001,1220979,NY0257737
36006071001,1220985,NY0021385
36007136007,1221120,NY0027618
36008078001,1221271,NY0023248
36009057001,1221376,NY0025381
36009089001,1221436,NY0032093
36009126001,1221479,NY0026948
48004072001,1227843,TX0026603
55002850001,1229197,WI0020770
55002880001,1229199,WI0021024
31002448001,1230265,NE0041301
20000176001,1230861,KS0095982
20000706001,1230895,KS0045942
20000806001,1230908,KS0081141
27009412001,1231563,MN0021318
36003113001,1232114,NY0030074
36007226001,1232162,NY0025585
36009046001,1232184,NY0027961
36009111001,1232191,NY0022331
17000165001,1232698,IL0021130
17003815001,1232740,IL0022322
29004156001,1233307,MO0049492
28001400001,1233757,MS0020982
19000103001,1234635,IA0047911
19000807001,1234684,IA0021059
47000990001,1235062,TN0021164
21000302001,1235515,KY0031828
21000358001,1235521,KY0020982
51000143002,1235970,VA0022390
05000771001,1237670,AR0039837
24000300093,1238390,MD0050016
38000022001,1239317,NDG220494
01000012001,1239396,AL0020206
36006055001,2857020,NY0206768
48001042001,3006662,TX0126772
39007480001,3375293,OH0039284
37004401002,3488650,NC0000272
22003354005,3507581,LAG570140
54000203001,3515736,WVG551078
08201200085,3530876,COG589040
22000715005,3536016,LA0118770
42008012026,3534716,PA0234079
54004709001,3541057,WV0106011
22020121904,3542545,LA0066559
28001460003,3543116,MSU008013
39007479003,385169,OH0076384
38000343001,1151579,NDG321334
38000367001,1151603,NDG124341
37000603001,1153118,NC0079561
37002508001,1153293,NC0031828
37004306001,1153428,NC0021636
37005901001,1153497,NC0020044
37007705001,1153632,NC0020427
30000040001,1159108,MT0031453
30000048001,1159116,MT0022608
28000830001,1160383,MS0024643
41000213001,1164433,OR0028045
41000242001,1164456,OR0020826
47000865001,1166124,TN0021741
47001085001,1166165,TN0062171
22003033001,1168311,LA0046469
22003308001,1168510,LA0020419
49000312001,1170636,UT0025241
40000010001,1172428,OK0029131
40000542001,1172754,OK0030201
06002039001,1175297,CA0037532
06005098001,1175618,CA0079731
46000032001,1179136,SD0020796
53000190001,1180763,WA0021105
53001150001,1180910,WA0023752
53001330001,1180947,WA0023370
48001219001,1182999,TX0023418
48003046001,1183210,TX0054445
48003131001,1183270,TX0111333
48003280001,1183309,TX0092151
48004076001,1183387,TX0053368
48005092002,1183643,TX0071544
48007225001,1184016,TX0090484
48007734001,1184244,TX0021199
48008056001,1184401,TX0024244
48008082001,1184421,TX0025917
48009008001,1184471,TX0034312
51001400038,1193056,VA0028380
55001310001,1206170,WI0031461
55002240001,1206301,WI0020303
55003840001,1206553,WI0020451
55003890001,1206560,WI0020257
24000057002,1214325,MD0052671
36001015008,1220269,NY0077330
36004014001,1220706,NY0089702
36004052001,1220750,NY0022519
36006111002,1221023,NY0023604
36007185001,1221167,NY0036617
48003045001,1227806,TX0023108
48004221001,1227857,TX0024261
39000253002,384696,OH0047953
08105000000,413144,CO0039748
08000092001,1066894,CO0026387
08000286001,1067074,CO0023671
04002117002,1069590,AZ0025194
09001560001,1071962,CT0101079
34001005001,1073296,NJ0020028
34007146001,1073871,NJ0024678
12000001011,1078097,FL0026255
12000066001,1078190,FL0021326
12000094001,1078227,FL0021571
12000192001,1078350,FL0020303
39000069001,1080494,OH0059013
39000190001,1080612,OH0021687
39000250001,1080667,OH0020575
39000341001,1080752,OH0021733
39004808003,1081230,OH0043851
39006356001,1081448,OH0021709
39006770012,1081486,OH0038601
26000026001,1088327,MIG570051
26000047001,1088338,MI0024261
26000142001,1088383,MI0021091
26000167001,1088404,MIG580351
26000489001,1088552,MIG580298
26002011001,1088710,MI0027481
26003013001,1088829,MIG580132
26003100001,1088897,MI0020133
26004015001,1089036,MI0020761
54004122002,1095203,WVG551443
33000015001,1100909,NH0100382
33000037001,1100933,NH0100366
01000028001,1101857,AL0024210
01000110003,1101944,AL0022241
05000118001,1104952,AR0050661
05000276001,1105103,AR0035629
05000437001,1105227,AR0020001
05000480001,1105264,AR0038784
05000664001,1105462,AR0043192
05000668001,1105466,AR0037893
13000012003,1108947,GA0039012
13000172001,1109178,GA0026107
13000556001,1109355,GA0025721
17000392001,1113659,ILG580171
17000487001,1113759,IL0028967
17007124002,1114302,IL0036528
17009302001,1114410,IL0022462
18000025001,1120077,IN0020958
18000200001,1120141,IN0021369
18000806001,1120218,IN0021687
18004873001,1120434,IN0040622
19000023001,1123473,IA0035955
19000025001,1123475,IA0021091
19000084001,1123524,IA0028215
19000283001,1123696,IA0027987
19000351001,1123751,IA0035939
19000388001,1123784,IA0057053
19000460001,1123852,IA0062944
19000465001,1123857,IA0022012
19000629001,1124005,IA0033448
19000644001,1124017,IA0064271
19000770001,1124121,IA0076716
19000869001,1124212,IA0043010
19000878001,1124218,IA0032549
19000950001,1124281,IA0062561
20000608001,1130347,KS0025577
20000712001,1130370,KS0080578
20000938001,1130449,KS0045993
29001180008,1133503,MO0099465
29002184001,1133721,MO0102032
29002351002,1133796,MO0100986
29003858001,1134018,MO0041041
29004006001,1134033,MO0094706
21000300001,1139716,KY0031755
21000370001,1139762,KY0025933
48008064001,1227943,TX0027243
55002030001,1229179,WI0020249
55002450001,1229191,WI0036421
31000203001,1230173,NE0040975
20000131001,1230854,KS0022667
20000171001,1230860,KS0098141
27003013001,1231522,MN0023876
27008402001,1231557,MN0021008
36008080001,1232171,NY0023906
17000333001,1232713,IL0025356
17003718001,1232738,ILG580240
17005215001,1232743,IL0023388
17007401001,1232757,IL0027405
18005357001,1234220,IN0020982
19000851001,1234685,IA0032727
21000369001,1235525,KY0106283
37005701001,1236379,NC0021547
22003167001,1237427,LA0083810
22003408001,1237441,LA0075396
06008022001,1175976,CA0110604
53001915001,1181013,WA0009005
48003035002,1183203,TX0094927
48005069001,1183618,TX0027481
48006105001,1183734,TX0021083
48007014001,1183785,TX0024511
48007039047,1183839,TX0103667
48007141001,1183955,TX0078824
48007153001,1183962,TX0075884
48007222001,1184013,TX0085448
48007242001,1184033,TX0086118
48007424001,1184069,TX0033332
48007766001,1184260,TX0082317
48007769001,1184262,TX0021512
42001002001,1195500,PA0070386
42005008002,1196458,PA0025992
42005059001,1196550,PA0038237
55001680001,1206240,WI0025976
55003600001,1206513,WI0021709
55004040001,1206575,WI0028509
55004120001,1206589,WI0020117
55004330001,1206615,WI0025411
55007720001,1206803,WI0031364
24000037001,1214273,MD0020494
24000054008,1214316,MD0052281
24000063003,1214341,MDG911587
24000096001,1214426,MD0021687
36003107001,1220536,NY0024520
36003147001,1220595,NY0021563
36004016001,1220708,NY0027154
36008242001,1221323,NY0110531
48000115001,1227740,TX0023001
48002064001,1227794,TX0123315
48004225001,1227858,TX0026522
48005099001,1227887,TX0026794
48007055001,1227910,TX0024589
55000450001,1229140,WI0020672
55001010001,1229154,WI0036706
55002320001,1229188,WI0030350
31001279001,1230215,NE0046221
31001490001,1230226,NE0049182
31002470001,1230268,NE0024368
20000411001,1230878,KS0098167
17000012001,1232694,IL0029734
29003511001,1233277,MO0114685
18000045001,1234169,IN0021202
21000243001,1235506,KY0023841
51000277001,1235990,VA0083712
37005108001,1236376,NC0026662
41000161001,1238056,OR0033260
30000060001,1238240,MT0022586
45000614021,1238539,SC0033804
54001803001,1239024,WV0027791
47002024002,3236630,TN0074748
13000697001,1109520,GA0023159
17000015001,1113307,IL0027898
17000075001,1113364,IL0022161
17000081001,1113368,IL0023591
17000364001,1113632,IL0029343
17000525001,1113802,IL0022501
17001315001,1114077,ILG582006
17003212001,1114133,IL0021695
17003514001,1114153,ILG580052
17007306001,1114324,ILG580139
18000034001,1120083,IN0060542
18000057001,1120096,IN0021415
18000067001,1120101,IN0061581
18000104001,1120116,IN0022829
18000275001,1120157,IN0022411
18004716001,1120406,IN0052949
18004872001,1120433,IN0021571
18005312001,1120480,IN0058327
19000010002,1123459,IA0036889
19000022001,1123472,IA0059722
19000071001,1123513,IA0065404
19000230001,1123648,IA0063401
19000242001,1123659,IA0075612
19000244001,1123661,IA0033316
19000280001,1123694,IA0023744
19000558001,1123943,IA0024538
19000922001,1124258,IA0032468
19001009001,1124288,IA0024414
16000009001,1128557,ID0021504
20000188001,1130189,KS0115070
20000912001,1130428,KS0080837
20000935001,1130447,KS0099414
20000949001,1130456,KS0117021
20001040001,1130494,KS0025691
20001507001,1130629,KS0094803
29001010004,1133242,MO0103349
29001023001,1133277,MO0025178
29001071001,1133353,MO0045837
29001075002,1133357,MO0112135
29001119001,1133400,MO0087122
29001133001,1133413,MO0107174
29001140001,1133422,MO0111236
29001192001,1133527,MO0121363
29002084001,1133673,MO0107581
29002362001,1133802,MO0025241
29002514001,1133883,MO0119954
29003513001,1133978,MO0099279
29004130001,1134144,MO0108863
21000267001,1139692,KY0020001
23000007002,1142438,ME0102741
23000028001,1142461,ME0101192
23000155001,1142589,ME0100757
27008905001,1148448,MN0020109
27009513001,1148492,MN0020672
38000159001,1151404,NDG220702
38000183001,1151426,NDG220117
38000263001,1151503,NDG223671
38000301001,1151540,NDG322420
38000355001,1151591,NDG221288
37003309001,1153340,NC0020435
45000185001,1157085,SC0020371
30000092001,1159152,MT0020559
28001075001,1160440,MS0024589
41000123001,1164374,OR0026107
41000167001,1164407,OR0020788
41000214001,1164434,OR0030694
22000055001,1168170,LA0046639
19000625002,3517116,IA0074756
18120000022,3525058,IN0047473
18120000034,3525070,IN0062464
54005203001,3536376,WV0020613
29002214001,3536956,MO0106534
39009630006,386356,OH0132608
54004201001,1239028,WV0045136
26000220001,1239209,MIG580126
48004085001,2878621,TX0055221
18004875001,2907504,IN0062014
24000046001,2985382,MD0021636
51001400062,3068668,VA0091383
23000147001,3293817,ME0100668
21000117003,3416930,KY0107107
08209000073,3500225,COG650088
08209000083,3500235,COG588062
08209000103,3500255,CO0021245
21000382004,3521900,KY0040126
28001617501,3532676,MS0044059
54000213001,3537916,WVG551199
20000708002,3542118,KS0100374
21000019001,372720,KY0103900
42003023005,417572,PA0042749
30000014001,1159086,MT0020753
41000037001,1164300,OR0020737
41000100002,1164356,OR0020222
41000218001,1164438,OR0029882
47000182001,1165991,TN0067865
47000585001,1166064,TN0022560
47002004001,1166236,TN0059366
22000700004,1168224,LA0042561
22003181001,1168435,LA0086576
22003420001,1168584,LAG540647
06002069001,1175329,CA0037800
53001575001,1180973,WA0022373
48004056001,1183373,TX0053783
48005058001,1183611,TX0052981
48005110001,1183656,TX0072541
48007001001,1183771,TX0024554
48007051001,1183872,TX0057304
48007079001,1183903,TX0020061
19001026001,1124305,IA0042781
16000058002,1128608,ID0021296
20000112001,1130121,KS0026166
20000417001,1130238,KS0047279
20000434001,1130256,KS0025631
20001205001,1130536,KS0021903
20001608001,1130664,KS0116645
29002096001,1133680,MO0120634
29002258001,1133754,MO0028568
29002260001,1133756,MO0048666
29002470001,1133858,MO0103748
29003084001,1133914,MO0117862
29003353002,1133949,MO0058203
29004100001,1134110,MO0055603
21000122001,1139590,KY0020427
21000318001,1139729,KY0028401
23000018001,1142449,ME0101389
23000082001,1142520,MEU508206
23000110001,1142549,ME0102784
23000145001,1142582,ME0100820
31000952001,1145887,NE0049093
31000990001,1145895,NE0027341
27000207001,1148068,MN0024350
27001301001,1148206,MN0020010
27001609001,1148228,MN0020214
27001705001,1148234,MN0020257
27008212001,1148439,MN0020401
38000037001,1151290,NDG320940
38000041001,1151294,NDG320346
38000062001,1151315,NDG321296
38000171001,1151416,NDG322365
38000173001,1151418,NDG322004
38000349001,1151585,NDG321695
37002406001,1153275,NC0021881
37008201001,1153688,NC0020117
30000120001,1159172,MT0022560
28001940001,1160826,MS0043401
41000001002,1164256,OR0031259
41000061001,1164323,OR0026301
41000066001,1164328,OR0034002
41000217001,1164437,OR0026964
41000234001,1164449,OR0020516
47000543001,1166057,TN0062138
47000730001,1166093,TN0024244
47001025001,1166157,TN0062006
47001180001,1166180,TN0062529
47001415001,1166212,TN0024953
47002023001,1166247,TN0078905
47009120001,1166291,TN0055310
22001450001,1168282,LA0020281
22003189001,1168443,LA0076686
22003249001,1168476,LA0064611
22003375001,1168548,LA0034568
40000007001,1172423,OK0021628
40000123010,1172539,OK0027561
40000501001,1172730,OK0032425
06002063001,1175322,CA0037753
01000011001,1101838,AL0057878
01000135001,1101968,AL0056812
01000139001,1101972,AL0026654
01000165003,1101998,AL0020010
01000178007,1102013,AL0048763
01000243001,1102073,AL0073261
01000265001,1102095,AL0062456
01000286001,1102113,AL0043532
05000247001,1105075,AR0037206
05000319001,1105145,AR0022314
05000591001,1105391,AR0020168
05000691001,1105488,AR0051080
05000697001,1105493,AR0034070
13000075004,1109076,GA0025585
13000646001,1109464,GA0033618
17000270001,1113545,IL0023094
17000484001,1113755,IL0034061
17005321001,1114220,IL0048992
18000039001,1120085,IN0021245
18000356001,1120171,IN0025224
18003260001,1120302,IN0060798
18003360001,1120312,IN0035505
18004072001,1120323,IN0039756
18004231001,1120340,IN0020443
18004771001,1120412,IN0022802
18005395001,1120492,IN0109746
15000001001,1123257,HI0021377
19000292001,1123703,IA0023493
19000294001,1123704,IA0081396
19000357001,1123757,IA0041866
19000393001,1123789,IA0036501
19000525001,1123914,IA0047830
19000540001,1123927,IA0078727
19000643001,1124016,IA0032751
36007006001,1221052,NY0213781
36007169001,1221158,NY0026824
36007175001,1221161,NY0035131
42005074001,1227222,PA0025755
48005030001,1227875,TX0022551
55000180001,1229130,WI0023230
55003830001,1229219,WI0020427
31003001001,1230274,NE0031810
20000808001,1230909,KS0047457
20001013001,1230920,KS0093165
36009018001,1232182,NY0020621
29002473001,1233261,MO0044172
18000256001,1234177,IN0020711
18001814001,1234186,IN0030589
47000460001,1235041,TN0021938
47000895001,1235056,TN0025038
21000152001,1235493,KY0109991
05000632001,1237662,AR0050946
06005033001,1238815,CA0077933
53000640001,1238902,WA0023230
01000104004,1239400,AL0023809
40000679001,3090328,OK0020737
22009079032,3188930,LAG560124
29001148006,3213328,MO0119474
48001765001,3516456,TX0127183
21000602001,3518998,KY0105791
47001200001,3521696,TN0067318
18120000004,3524859,IN0051187
18120000048,3525136,IN0062090
24000030015,3534216,MD0023213
24000090037,3537616,MD0023931
12000101006,398320,FL0040291
22003254001,1168479,LAG570013
22003363001,1168546,LAG570149
40000011001,1172429,OK0028134
40000014001,1172433,OK0027057
06002023001,1175281,CA0038547
06002082001,1175340,CA0038091
06007002001,1175909,CA0104426
06009006001,1176037,CA0107611
53000710001,1180836,WA0022578
53001165001,1180912,WA0023345
53002315001,1181054,WA0030597
48001135001,1182939,TX0104612
48001238001,1183017,TX0020397
48001245001,1183022,TX0024155
48001252001,1183027,TX0128970
48002015001,1183114,TX0047023
48003059001,1183217,TX0026484
48003080004,1183229,TX0114006
48005065001,1183615,TX0025151
48005089001,1183639,TX0071633
48006070001,1183725,TX0027693
48007016001,1183787,TX0053945
48007039022,1183831,TX0063011
48007145001,1183958,TX0025674
48007171001,1183979,TX0083500
48007174001,1183981,TX0074004
48007613001,1184173,TX0131482
48007803001,1184278,TX0078344
48007868001,1184318,TX0076554
08000253001,1067042,CO0042528
08000311001,1067094,CO0031429
08000314001,1067097,CO0046507
09000420001,1071815,CT0024694
34002292001,1073545,NJ0021334
34005086001,1073744,NJ0021598
12000078001,1078208,FL0026344
12000104005,1078251,FL0141399
39000024001,1080446,OH0053180
39001197001,1080870,OH0021431
39001484001,1080912,OH0022659
39001505001,1080913,OH0024368
39002561001,1081007,OH0050539
39002569001,1081008,OH0025011
39002587004,1081013,OH0053082
39003500001,1081119,OH0021873
39003696001,1081127,OH0041131
39004347001,1081174,OH0021059
39004634001,1081203,OH0026204
39006349001,1081447,OH0026921
39006496001,1081455,OH0026964
39008036001,1081577,OH0020401
26002153001,1088805,MIG580406
26003142001,1088929,MIG580204
54005406001,1095318,WV0084221
01000044001,1101872,AL0027561
01000388001,1102195,AL0056111
05000309002,1105136,AR0022250
05000546001,1105346,AR0022012
05000755001,1105543,AR0044822
05000756001,1105544,AR0035742
55009601001,1206887,WI0061018
13000625001,1109438,GA0047180
13000637001,1109449,GA0020397
13000825001,1109649,GA0020974
17000039001,1113330,ILG580168
17000367001,1113636,IL0021814
17001005001,1114032,ILG580157
17001015001,1114038,IL0029467
17002004001,1114121,ILG580104
17003813001,1114171,ILG580064
17005104001,1114201,IL0023345
18000452001,1120189,IN0020427
18000705001,1120208,IN0020028
19000186001,1123609,IA0049573
19000235001,1123653,IA0029017
19000338001,1123741,IA0027642
19000453001,1123846,IA0025348
19000532001,1123920,IA0036111
19000611001,1123990,IA0033049
01000000181,3613357,AL0069884
16000071201,452839,ID0025887
10000003001,1066427,DE0020125
08000406001,1067151,CO0036528
48007752001,1184253,TX0022381
48007835001,1184295,TX0077241
48009004001,1184468,TX0053511
51000134001,1192712,VA0084433
42000013001,1195354,PA0023256
42001046001,1195539,PA0024074
42002118003,1195889,PA0027090
42006117001,1197039,PA0027138
55001320001,1206172,WI0021741
55001351010,1206176,WI0020907
55001590001,1206229,WI0023931
55002290001,1206303,WI0020486
55007740001,1206806,WI0060933
55009820001,1206970,WI0031941
24000300025,1214441,MDG912705
36002001006,1220310,NY0026212
36003120001,1220564,NY0110205
36003196002,1220678,NY0062251
36004004004,1220697,NY0022225
36004059001,1220757,NY0033545
36009101001,1221445,NY0026395
48003053001,1227807,TX0078247
48005105001,1227889,TX0054658
55001900001,1229177,WI0022063
55004570001,1229238,WI0022373
20001335001,1230935,KS0031453
36006031001,1232139,NY0027545
17000247001,1232704,IL0021725
17000284001,1232707,IL0031488
17002911001,1232732,IL0022233
17002912020,1232733,IL0041203
29002222001,1233246,MO0026310
29002377001,1233253,MO0089273
21000446001,1235528,KY0028347
51000043002,1235954,VA0061247
22000455001,1237407,LA0049859
22003074001,1237422,LA0038962
36003137001,2843801,NY0274038
48007031001,2871458,TX0085618
20000485001,2919010,KS0093807
37009507001,3055566,NC0022730
39008920014,3123497,OH0064360
39002892005,3279764,OH0122424
36006106001,3367990,NY0257559
42007700001,3493880,PA0055212
08209000075,3500227,COG589037
18004374001,1120356,IN0023108
18004555001,1120379,IN0040801
18004912001,1120437,IN0056669
19000115001,1123548,IA0028622
19000172001,1123595,IA0047767
19000177001,1123600,IA0058769
19000278001,1123692,IA0036463
19000298001,1123708,IA0028894
19000424001,1123818,IA0061760
19000885001,1124224,IA0061891
16000017001,1128564,ID0020818
16000065001,1128615,ID0020362
16000124001,1128662,ID0020281
20000625001,1130355,KS0034011
29001042001,1133323,MO0102288
29001067001,1133349,MO0090832
29001081001,1133362,MO0095214
29001194001,1133529,MO0107328
29002172001,1133715,MO0130869
29003279001,1133944,MO0119750
29004116001,1134126,MO0103756
21000084002,1139549,KY0066532
21000099001,1139563,KY0102156
23000054001,1142489,ME0100391
31000415001,1145823,NE0029271
19001051001,1124327,IA0032417
16000035001,1128582,ID0021016
16000060001,1128611,ID0022799
20000202001,1130197,KS0024775
20000483001,1130297,KS0097748
20000515001,1130339,KS0099074
20000801001,1130402,KS0039128
20000903001,1130420,KS0045926
20000980001,1130466,KS0084174
20001009001,1130486,KS0031160
20001306001,1130575,KS0091791
20001405001,1130613,KS0098698
20001601001,1130659,KS0092720
29001027002,1133301,MO0094579
29002032001,1133648,MO0046078
29004012001,1134041,MO0127906
29004115001,1134125,MO0021105
21000058001,1139526,KY0021016
21000094001,1139559,KY0024082
21000294001,1139710,KY0021440
21000348001,1139751,KY0026131
23000133001,1142571,ME0101885
44000016001,1144298,RI0100196
35000026001,1145035,NM0020672
35000094001,1145102,NM0023485
31000210001,1145785,NE0123200
31001640001,1145977,NE0026123
31001712001,1145989,NE0037010
27000157001,1148023,MN0020656
27000191001,1148053,MN0040649
27000215001,1148076,MN0021296
27005615001,1148355,MN0022977
38000035001,1151288,ND0022462
38000039001,1151292,NDG320109
38000063001,1151316,NDG122659
38000250001,1151490,NDG320508
38000278001,1151518,NDG323311
38000338001,1151574,NDG323299
37003610001,1153370,NC0006033
37005201001,1153475,NC0021482
37005702001,1153494,NC0021407
37007814001,1153642,NC0020095
37008110001,1153686,NC0004405
37008501001,1153712,NC0082384
37008801001,1153741,NC0060534
45000192004,1157091,SC0035700
45000251001,1157143,SC0020940
30000180001,1159221,MT0020397
28001370001,1160522,MS0020613
41000189001,1164420,OR0034070
41000235001,1164450,OR0026930
41000244001,1164458,OR0020630
47000010001,1165962,TN0064785
47000325001,1166025,TN0024996
47000555001,1166059,TN0020117
47001360001,1166204,TN0024295
47002034001,1166253,TN0024791
22000210001,1168183,LA0059927
22001230001,1168267,LA0034495
17007715001,1114377,ILG580278
18004613001,1120383,IN0020893
18004856001,1120426,IN0040649
18005751001,1120508,IN0022489
19000059001,1123504,IA0081329
19000120001,1123552,IA0022101
19000218001,1123637,IA0047848
19000443001,1123836,IA0022021
19000566001,1123948,IA0058751
19000595001,1123977,IA0042943
19000695001,1124061,IA0058904
19000735001,1124094,IA0047945
19000816001,1124161,IA0054178
19000882001,1124222,IA0062952
16000005002,1128551,ID0023981
16000011001,1128558,ID0020192
16000064001,1128614,ID0020222
16000143001,1128673,ID0022446
20001128001,1130518,KS0092088
20001230001,1130558,KS0097331
29001189003,1133515,MO0128490
29002342003,1133790,MO0096318
29003704001,1133994,MO0108243
21000097001,1139561,KY0024619
21000153001,1139596,KY0020885
21000220003,1139652,KY0094447
21000399001,1139785,KY0024546
23000128001,1142566,ME0102849
23000224001,1142628,MEU507814
48009508001,1184510,TX0114839
51000036001,1192628,VA0073156
51000192001,1192793,VA0022250
51000237001,1192863,VA0060402
51000308005,1192947,VA0081264
51000334001,1192988,VA0024988
42001219001,1195685,PA0070254
55000010001,1206004,WI0023141
55001500001,1206217,WI0020346
55001794001,1206255,WI0021377
55002150002,1206289,WI0021270
55009808001,1206967,WI0061107
24000009001,1214172,MD0022586
24000100001,1214429,MD0023001
36001015003,1220264,NY0070033
36002001008,1220312,NY0026107
36003059001,1220458,NY0027901
36003062006,1220466,NY0026549
36004004006,1220698,NY0022217
36004018003,1220712,NY0205044
36004068001,1220768,NY0020869
36005001001,1220811,NY0201910
36006098001,1221015,NY0023809
36006102001,1221019,NY0257532
36007157001,1221149,NY0025461
36008057001,1221256,NY0022713
55002330001,1229189,WI0024333
55003415001,1229211,WI0020508
55003950001,1229222,WI0022055
31001465001,1230223,NE0112526
20000223001,1230869,KS0048429
20001132001,1230926,KS0021873
29003003001,1233268,MO0021466
29004043001,1233292,MO0054704
18005331001,1234219,IN0022616
51000163001,1235975,VA0025127
40000572001,1236883,OKG580042
40000625001,1236884,OK0020079
05000192001,1237648,AR0034932
30300251001,2819840,MTG580019
44000015001,2835085,RI0100293
01200100001,2860480,AL0067067
48004082001,2878349,TX0068756
29002362003,2979243,MO0116599
34002539007,3106708,NJ0069523
23000152001,3204570,ME0102253
20000185001,1230862,KS0024783
36006067001,1232141,NY0020494
36008049001,1232167,NY0023531
36009065001,1232188,NY0020541
17000539001,1232720,IL0028347
29002371001,1233252,MO0126349
18004551001,1234205,IN0022373
19000260001,1234649,IA0024490
19000503001,1234661,IA0072621
21000124001,1235491,KY0089567
21000269001,1235508,KY0020974
21000349001,1235519,KY0020907
37003607002,1236371,NC0021181
53001270001,1238907,WA0023353
12000046004,1239587,FL0031801
08080996010,2802365,CO0027961
01200100002,2860440,AL0023655
33000088001,2871969,NH0101311
20000710001,2918888,KS0095532
47000085002,2952349,TN0068543
26003096001,2983062,MI0021440
09001620001,1071968,CT0101222
34002492001,1073581,NJ0022047
12000037001,1078146,FL0037966
12000128001,1078282,FL0021369
12000170001,1078335,FL0021610
39000160001,1080585,OH0021784
39000209001,1080632,OH0083933
39000279001,1080694,OH0021989
39000350001,1080760,OH0020591
39000368001,1080781,OH0135631
39000560001,1080817,OH0041505
39000973001,1080852,OH0020192
39001199003,1080873,OH0049417
39001421001,1080908,OH0093165
39001660008,1080933,OH0049379
39004200001,1081154,OH0046221
39004480001,1081183,OH0026069
39005880001,1081325,OH0026727
39006776001,1081488,OH0052876
39006804002,1081491,OH0027201
39008225001,1081610,OH0090891
39009191001,1081722,OH0028193
39009600001,1081728,OH0125903
26002000001,1088688,MI0022195
26003036001,1088849,MI0044873
26003087001,1088889,MI0020044
50000037001,1094087,VT0100145
54002403001,1094967,WV0032131
54002906001,1095045,WV0026271
54005405001,1095317,WV0023213
54005507001,1095341,WV0024431
33000066001,1100956,NHG580579
33000098001,1100986,NH0100544
01000007002,1101834,AL0024520
01000038001,1101867,AL0060887
01000061001,1101894,AL0072737
01000067001,1101899,AL0053201
01000233001,1102064,AL0044105
01000406001,1102215,AL0062847
01000535001,1102232,AL0061573
02000106003,1104790,AK0047856
05000010005,1104874,AR0041335
05000201001,1105031,AR0044661
05000374001,1105185,AR0048712
05000434002,1105224,AR0037044
05000543001,1105343,AR0021962
05000644001,1105444,AR0038008
13000062001,1109056,GA0025348
13000598001,1109406,GA0021717
13000667002,1109487,GA0021831
13000697002,1109521,GA0023141
17000065001,1113353,ILG580247
17000069001,1113357,IL0049522
17000112002,1113395,IL0031526
17000363001,1113631,IL0024988
17001011001,1114034,ILG580188
17003516001,1114155,IL0070114
17006511001,1114284,ILG582014
17009701001,1114436,ILG580092
18000003001,1120058,IN0020818
18000106001,1120118,IN0023060
19000300001,1123710,IA0041840
19000354001,1123754,IA0024511
19000506001,1123895,IA0074781
19000658001,1124030,IA0032450
19000757001,1124111,IA0032441
20000425010,1130251,KS0080209
20000726001,1130383,KS0048119
39002370004,3518356,OH0142174
18080000021,3520480,IN0062251
18120000016,3525040,IN0061921
18120000031,3525067,IN0058963
18120000040,3525117,IN0059986
12000172020,3532476,FL0117897
13000999007,3534436,GA0046035
31002447001,1146063,NE0030741
27003515001,1148296,MN0022926
27007615001,1148429,MN0020915
27009221001,1148468,MN0050211
38000054001,1151307,NDG222721
38000093001,1151345,NDG320419
38000194001,1151437,NDG320737
38000238001,1151478,NDG321784
38000268001,1151508,NDG322306
38000328001,1151564,NDG321148
37009606001,1153788,NC0020575
30000019001,1159090,MT0023078
30000028001,1159098,MT0020796
41000024001,1164290,OR0022721
41000086001,1164344,OR0020206
41000093001,1164350,OR0033049
41000149001,1164393,OR0027791
41000150001,1164394,OR0031453
41000199001,1164425,OR0022608
47000055001,1165969,TN0024201
47000540001,1166056,TN0020141
47000635003,1166075,TN0026026
47000645001,1166078,TN0025011
22003012001,1168294,LA0020087
22003253001,1168478,LA0032115
22003323001,1168522,LA0033294
49000063001,1170418,UTL021440
49000135001,1170483,UT0021920
40000166001,1172552,OK0034363
40000489001,1172721,OKG580063
40000637001,1172797,OK0027197
06002118001,1175353,CA0037810
06004006001,1175461,CA0053651
06004027001,1175513,CA0054097
06005253001,1175738,CA0079588
06007023001,1175931,CA0104299
06008052001,1176004,CA0105295
53001182001,1180915,WA0023302
53001740001,1180999,WA0020435
48001295001,1183044,TX0122246
48005064001,1183614,TX0101303
48005091001,1183641,TX0020192
48008067001,1184408,TX0082589
42001064002,1195563,PA0043052
42001071001,1195570,PA0027693
42006144001,1197064,PA0026832
55003070001,1206429,WI0024741
55003220002,1206459,WI0020281
55003300001,1206472,WI0020613
55004590001,1206642,WI0060984
55009667001,1206916,WI0029319
24000001001,1214114,MD0021555
53000235001,1180773,WA0020656
53000365001,1180792,WA0024058
53002060001,1181026,WA0021024
48001124001,1182926,TX0052787
48001203009,1182982,TX0047121
48004068001,1183383,TX0053571
48004374003,1183542,TX0023779
48006013001,1183685,TX0025500
48006037001,1183704,TX0023876
48007401001,1184062,TX0068438
48007846001,1184300,TX0056537
48007873001,1184321,TX0046663
51000008001,1192590,VA0020745
51000016001,1192599,VA0067571
51000175002,1192770,VA0024031
42002011001,1195783,PA0028576
42003053001,1196025,PA0021229
42004091001,1196311,PA0027324
44000034001,1144314,RI0100129
35000104001,1145110,NM0020168
31000590001,1145844,NE0112828
31001845001,1146006,NE0024392
31002175001,1146038,NE0042358
27000220001,1148081,MN0024511
38000019001,1151273,NDG321946
38000020001,1151274,NDG322594
38000028001,1151281,ND0021202
38000069001,1151322,NDG321580
38000168001,1151413,NDG322233
38000304001,1151542,NDG320877
37001801004,1153227,NC0040797
37003201001,1153329,NC0023841
37005401002,1153479,NC0024236
37005910001,1153505,NC0026042
37006802001,1153581,NC0026433
30000085001,1159145,MT0029360
30000128001,1159180,MT0020664
30000216001,1159248,MT0027430
41000127001,1164377,OR0029645
41000248001,1164462,OR0027201
47001127001,1166173,TN0021237
47001350001,1166203,TN0064912
47001475002,1166222,TN0021580
40000178001,1172565,OK0030864
40000479001,1172715,OK0028827
06001069001,1175228,CA0023671
06003037001,1175402,CA0048143
53002380001,1181061,WA0020991
48003013001,1183178,TX0024953
48005045001,1183601,TX0033308
48006047001,1183709,TX0070831
48006165001,1183757,TX0027677
48007120001,1183936,TX0076660
48007527001,1184124,TX0076775
48007775001,1184266,TX0075671
51000122001,1192703,VA0086304
51000184003,1192786,VA0025518
42001010001,1195508,PA0026000
42004006001,1196230,PA0022292
42006098001,1197026,PA0021792
55001080001,1206149,WI0023655
55001350001,1206175,WI0023817
55002590001,1206360,WI0028878
55005280002,1206729,WI0030970
55009617001,1206896,WI0022012
24000020001,1214231,MD0021628
24000040001,1214276,MD0020621
55001640001,1206236,WI0023957
24000000051,3613773,MD0021237
13000000574,3610520,GA0021041
13000000771,3612753,GA0036765
39000000276,3613799,OH0146650
13000643001,1109459,GA0035271
12000172008,484438,FL0038831
08000116701,3418712,CO0041092
17002001001,3484050,IL0076589
36008221001,3491177,NY0247251
22009010001,3513137,LA0108588
35200900102,3515741,NM0024899
24000300024,3516176,MD2705E05
54005012010,3517902,WV0024562
17002063001,3520139,IL0048593
18120000047,3525124,IN0062863
21000382006,3541438,KY0039870
29001237052,464796,MO0115185
12000172010,484473,FL0043109
08000042001,1066846,CO0044458
08000236001,1067026,CO0042935
04000501002,1069360,AZ0020427
09000020001,1071769,CT0100013
27003516001,1148297,MNG580008
27003806001,1148313,MN0021725
27007017001,1148390,MN0024864
27007514001,1148422,MN0046752
38000059001,1151312,NDG123264
38000109001,1151358,NDG322195
38000119001,1151366,NDG321431
38000326001,1151562,NDG320451
38000336001,1151572,NDG120931
37000601001,1153116,NC0032115
37001904001,1153240,NC0026441
37004202001,1153410,NC0025402
37004404001,1153432,NC0056561
37006501002,1153558,NC0023973
37006504001,1153561,NC0025763
37008001002,1153674,NC0023884
30000069001,1159132,MT0020249
30000196001,1159233,MT0020656
28000045001,1160182,MS0020087
28000111001,1160201,MS0042340
28000335001,1160266,MS0024821
17002039001,505721,IL0078000
48001272001,1065466,TX0116661
08000034003,1066837,CO0024147
08000178001,1066972,CO0020834
08000249001,1067038,CO0039900
08000270001,1067059,CO0030635
09001010001,1071895,CT0100404
34001138001,1073328,NJ0027961
34007229001,1073882,NJ0026301
34008041001,1073899,NJ0021369
12000076001,1078203,FL0040436
39002919001,1081051,OH0025313
39004431001,1081179,OH0026051
39007973001,1081570,OH0136221
26000164001,1088401,MI0047520
26000461001,1088521,MIG580271
26000549001,1088588,MI0020184
26003122001,1088907,MI0043982
25000179001,1092461,MA0101257
54000106001,1094693,WVG550149
54002207001,1094949,WV0027642
54002393003,1094964,WV0105171
54004302001,1095222,WV0084212
33000033001,1100929,NHG580099
01000009002,1101836,AL0056626
01000032001,1101860,AL0024678
01000085003,1101919,AL0056855
01000115001,1101949,AL0058122
01000201001,1102041,AL0024724
01000213001,1102051,AL0049557
01000230001,1102061,AL0022641
01000262001,1102092,AL0022608
01000335001,1102151,AL0023256
05000008001,1104866,AR0033723
05000129001,1104962,AR0051101
05000282003,1105109,AR0038466
05000326001,1105149,AR0034037
05000354001,1105169,AR0034720
05000443001,1105233,AR0039357
05000759001,1105547,AR0021504
13000130001,1109132,GA0026212
17000053001,1113341,ILG580209
17000391001,1113658,ILG580200
17003917001,1114186,ILG580211
17005107001,1114203,ILG580021
17005406001,1114225,IL0028126
17007131001,1114304,IL0066087
17007403002,1114333,ILG580164
17009504001,1114425,IL0021776
18000050001,1120091,IN0022314
18000827001,1120222,IN0035696
18001052001,1120245,IN0023884
18002100001,1120269,IN0032875
18002130001,1120272,IN0025666
18004791001,1120413,IN0020451
18004836001,1120421,IN0062685
18005179001,1120467,IN0022951
18005353001,1120486,IN0031135
19000228001,1123646,IA0035271
19000458001,1123850,IA0047333
22000320001,1168191,LA0038709
22000525001,1168204,LA0041262
22000795001,1168232,LA0038610
22001185001,1168264,LA0047236
22003113001,1168371,LA0040193
22003191001,1168445,LAG560199
49000042001,1170397,UT0020915
49000042001,1170397,UTL020915
40000117001,1172530,OK0030996
40000176001,1172563,OK0037401
40000453001,1172697,OKG580021
40000766001,1172856,OK0033618
06002034002,1175292,CA0005240
06002047001,1175307,CA0037699
06003008001,1175377,CA0048828
53001385001,1180955,WA0037427
48002002001,1183106,TX0113875
48004122001,1183431,TX0047295
48004219002,1183473,TX0042668
48005062001,1183613,TX0057169
48005101001,1183649,TX0054071
48007012002,1183782,TX0032743
48007039076,1183846,TX0065307
48007039091,1183856,TX0088153
48007049001,1183870,TX0022250
48007052001,1183873,TX0026972
55003910001,1206563,WI0025178
55004560001,1206638,WI0060801
55004770001,1206660,WI0021881
55005183001,1206720,WI0021792
55005300002,1206733,WI0020001
55009806002,1206966,WI0001759
24000012001,1214175,MD0021831
24000057001,1214324,MD0060585
24000092001,1214423,MD0055352
36001015002,1220263,NY0080667
36003009002,1220333,NY0097896
36003144001,1220592,NY0031208
36003169004,1220633,NY0026701
36004020001,1220714,NY0241075
36004047001,1220746,NY0021555
36005017001,1220832,NY0022969
42001236001,1227189,PA0027235
48005066001,1227881,TX0023710
48007034001,1227909,TX0020613
55001120001,1229158,WI0021008
55004540001,1229237,WI0021521
55004580001,1229239,WI0021857
31000950001,1230204,NE0031381
20000467001,1230885,KS0081035
36005049001,1232132,NY0248720
36006128001,1232150,NY0020249
28001360001,1233756,MS0023744
19000933001,1234692,IA0033367
47001315001,1235076,TN0065358
41000250001,1238063,OR0029301
30000096001,1238244,MT0021270
53000776002,1238903,WA0029181
36008227001,2825582,NY0246999
33000100003,2830006,NH0100960
17001025001,2892264,IL0050296
26003214001,2905242,MI0020362
16000122001,2967982,ID0025747
48003024001,2971022,TX0023914
53000111001,3209245,WA0045489
29001148051,3223314,MO0119393
21000739001,3405730,KY0034428
08209000130,3500282,CO0021547
05000049001,3501246,AR0034282
22003094002,3507264,LAG570357
24000052002,3515937,MD0067628
16000103001,1128644,ID0021024
16000125001,1128663,ID0024384
20000116001,1130125,KS0022250
20000133001,1130144,KS0116807
20000861001,1130417,KS0047481
20001512001,1130633,KS0048062
20002001001,1130688,KS0098761
29001023019,1133284,MO0086126
29001023500,1133292,MO0034509
29001056001,1133336,MO0048178
29001064001,1133345,MO0108880
29001114001,1133395,MO0052141
29001128001,1133408,MO0023205
29001203001,1133537,MO0055425
29001237037,1133603,MO0101885
29001515001,1133619,MO0094927
29002194001,1133726,MO0025828
29002273001,1133759,MO0095028
29004026001,1134051,MO0103241
29004055001,1134073,MO0103021
29004073001,1134089,MO0101636
21000161001,1139603,KY0021121
21000275001,1139698,KY0024881
21000306001,1139719,KY0024287
21000314001,1139725,KY0024058
21000385001,1139775,KY0103217
08000134001,1066935,CO0040673
08000190001,1066983,CO0023124
09000800001,1071870,CT0100315
34006284001,1073832,NJ0069167
39000012001,1080434,OH0058327
39000241001,1080663,OH0020656
39000266001,1080682,OH0020940
39001869001,1080965,OH0021768
39002163001,1080988,OH0020974
39004466001,1081181,OH0029289
39005138001,1081262,OH0026492
39005222001,1081271,OH0022641
39005419006,1081286,OH0026590
39008072006,1081583,OH0027677
39008561001,1081645,OH0027936
39009065001,1081698,OH0031003
26000411001,1088499,MI0022926
26002003001,1088689,MI0022322
26003031001,1088843,MIG580057
26003053001,1088860,MI0021474
26003084001,1088887,MIG580217
26003137001,1088924,MIG570218
50000085001,1094135,VT0100722
01000023002,1101852,AL0073580
01000168001,1102000,AL0022349
01000291001,1102118,AL0058343
01000305001,1102129,AL0057029
05000016001,1104881,AR0020087
05000270001,1105096,AR0034347
05000361001,1105176,AR0049247
05000425001,1105214,AR0020036
05000541001,1105341,AR0050741
05000585001,1105385,AR0021474
13000211003,1109246,GA0033235
13000842001,1109665,GA0021024
17000006001,1113299,IL0049140
17000031001,1113322,ILG580146
17000074001,1113363,IL0076813
17000162001,1113442,IL0028746
17000347001,1113616,IL0027201
17000421001,1113691,ILG582013
17000601002,1113880,IL0024465
17005806001,1114260,ILG580189
17005912001,1114277,IL0028860
17007604001,1114360,IL0021229
17007805001,1114381,ILG580116
17009402001,1114416,IL0063878
18000077001,1120107,IN0040479
18000113001,1120124,IN0024457
18000351001,1120168,IN0021211
18003220001,1120298,IN0021156
18004552001,1120378,IN0042650
18005013001,1120447,IN0040631
18005334001,1120484,IN0020052
18005471001,1120497,IN0039306
19000045001,1123492,IA0020796
19000240001,1123657,IA0034371
19000256001,1123673,IA0042773
19000533001,1123921,IA0047937
19000544001,1123931,IA0048348
19000559001,1123944,IA0076724
06004022002,1175509,CA0104451
06005099001,1175619,CA0079391
06008020001,1175973,CA8000383
06009011001,1176042,CA0107395
53000800001,1180850,WA0022659
53001215001,1180920,WA0045471
53001445001,1180961,WA0023281
53001600001,1180976,WA0022667
48001148001,1182951,TX0117544
48004026002,1183344,TX0047848
48004218001,1183471,TX0021792
48005006001,1183566,TX0101800
48005074001,1183623,TX0052876
48006012001,1183684,TX0071650
48007095001,1183917,TX0111767
48007162001,1183971,TX0081337
48007306001,1184060,TX0071510
48007722001,1184236,TX0046701
48008174001,1184454,TX0116742
48009070001,1184497,TX0023426
51000212001,1192830,VA0086681
51000228001,1192852,VA0021253
51000240001,1192866,VA0077259
51000300007,1192930,VA0027979
42000054001,1195393,PA0026247
47000475001,1166046,TN0064882
47000845001,1166121,TN0058181
22000140001,1168177,LA0053716
22003034001,1168312,LA0042552
22003056001,1168328,LAG570172
49000140001,1170487,UTL020974
40000196001,1172580,OKG580012
06008016003,1175969,CA8000316
46000010001,1179117,SD0023698
46000098001,1179197,SD0020044
46000273001,1179228,SD0021661
53000960001,1180876,WA0044962
53001935001,1181015,WA0022446
48005041001,1183597,TX0053503
48005098001,1183647,TX0021105
48007088001,1183911,TX0020991
48007211001,1184004,TX0090476
48007652001,1184196,TX0062049
48008203001,1184463,TX0096768
51000319001,1192955,VA0025143
42004081002,1196300,PA0027022
55001770001,1206251,WI0024040
55001990001,1206272,WI0024139
55002215001,1206298,WI0049689
55004370001,1206629,WI0028100
55004850001,1206668,WI0026000
55005261001,1206727,WI0060330
55009620001,1206897,WI0029289
55009740001,1206940,WI0028461
24000013002,1214177,MD0024953
24000016001,1214184,MD0021750
24000067016,1214371,MD0023604
36003070001,1220475,NY0020478
36006007001,1220937,NY0020486
36006009001,1220939,NY0022403
36006056001,1220977,NY0206768
20000481001,1230886,KS0047511
27000301001,1231506,MN0024597
17009505001,1232767,ILG580159
19000771001,1234681,IA0047996
19001058001,1234698,IA0063398
21000368001,1235524,KY0022152
40000094001,1236860,OK0029190
41000085001,1238051,OR0043991
10000023008,1066479,DE0021539
08000179001,1066973,CO0021261
08000264001,1067053,CO0040355
04002703001,1069672,AZ0021415
34006271001,1073830,NJ0027545
12000080001,1078211,FL0035980
12000234001,1078376,FL0027880
39000050001,1080474,OH0050750
39000072002,1080498,OH0119075
39000116001,1080538,OH0142441
39000237001,1080659,OH0137855
48007105001,1183926,TX0023825
48007126001,1183941,TX0087157
48007707001,1184228,TX0075221
48007828001,1184290,TX0102512
48007847001,1184301,TX0071528
48008029001,1184375,TX0047945
48009516001,1184517,TX0111872
51000130001,1192710,VA0078484
56000021001,1194790,WY0020257
42001006001,1195504,PA0027197
42002017001,1195788,PA0026921
42005174001,1196666,PA0020788
42005428001,1196925,PA0037044
55001560001,1206227,WI0023914
55003656001,1206528,WI0025062
55009502001,1206860,WI0030759
24000013001,1214176,MD0056545
24000023001,1214243,MD0020443
24000098001,1214428,MD0020575
36003111001,1220544,NY0109029
36003133002,1220577,NY0259829
36005029001,1220843,NY0021733
36008048005,1221248,NY0162663
36008061002,1221261,NY0107255
36008160001,1221306,NY0160814
36009031001,1221355,NY0027162
48001114001,1227764,TX0024112
48003071001,1227813,TX0022730
48003089001,1227819,TX0053295
48005020002,1227871,TX0021784
48007198001,1227918,TX0102385
55001570001,1229169,WI0021253
31000610001,1230191,NE0021253
31001885001,1230240,NE0031828
20001611001,1230951,KS0089133
27000353001,1231509,MN0024228
17001812001,1232731,IL0027481
18004695001,1234209,IN0024791
18005253001,1234218,IN0040789
19000362001,1234659,IA0036471
19000877001,1234688,IA0058190
47001130001,1235069,TN0025054
51000047001,1235955,VA0022225
51000276001,1235989,VA0020991
37008901001,1236396,NC0020443
40000727001,1236893,OK0027782
22003091001,1237423,LA0078816
05000321001,1237652,AR0034011
05000322001,1237653,AR0022004
26000018001,1239207,MIG580064
38000001001,1239314,ND0023434
01000319001,1239404,AL0022586
01000345001,1239405,AL0070726
22001020001,2955042,LA0032379
19000765001,1124118,IA0039896
19000779001,1124128,IA0062553
19000815001,1124160,IA0032743
19000818001,1124163,IA0033758
19000890001,1124230,IA0042986
19001007001,1124286,IA0027383
16000013001,1128560,ID0028355
16000039001,1128585,ID0020800
16000172001,1128698,ID0026913
16000258001,1128776,ID0026310
20000159001,1130165,KS0097349
20000474001,1130290,KS0046485
20000740001,1130391,KS0091197
20000937001,1130448,KS0090417
20000990001,1130472,KS0097373
20001113001,1130508,KS0092819
20001247001,1130566,KS0098221
29001029001,1133304,MO0089109
29001053001,1133333,MO0112925
29001156001,1133481,MO0028843
29001230001,1133561,MO0108995
29001237024,1133591,MO0083542
29001239002,1133609,MO0093599
29002028002,1133645,MO0100200
29002111001,1133689,MO0044202
29003241001,1133938,MO0027812
29003431001,1133956,MO0104256
21000554001,1139841,KY0094056
35000018001,1145019,NM0028835
31000433001,1145827,NE0023817
31000955001,1145889,NE0046311
31002030001,1146025,NE0029220
27000002001,1147886,MN0049786
27002202001,1148260,MN0024244
27005905001,1148368,MN0023809
27009803001,1148578,MN0052272
38000105001,1151355,NDG322152
38000162001,1151407,NDG321962
38000270001,1151510,NDG122101
37007408003,1153608,NC0029572
45000260001,1157152,SC0046060
41000067001,1164329,OR0023876
47000015001,1165963,TN0024988
47000055002,1165970,TN0067539
47000756001,1166102,TN0059790
47000870001,1166125,TN0020613
47001455001,1166219,TN0062120
22000145001,1168179,LA0032344
22003097001,1168358,LA0079057
40000191001,1172577,OK0028274
40000733001,1172844,OK0036064
06005146001,1175666,CA0081558
06008006006,1175954,CA8000188
46000085001,1179187,SD0022322
53000695001,1180832,WA0037788
53000755001,1180842,WA0021148
53001610001,1180978,WA0020605
48000004002,1182788,TX0022811
48000105001,1182799,TX0025801
48001113001,1182917,TX0057614
48003041001,1183207,TX0047163
48003289001,1183314,TX0034509
48004086001,1183395,TX0055212
48004217001,1183470,TX0025097
48004273001,1183494,TX0055735
48005042001,1183598,TX0071803
48005081001,1183631,TX0100021
48007047001,1183865,TX0027260
48007099001,1183921,TX0022756
48007300001,1184049,TX0020460
48007620001,1184179,TX0074896
48007923001,1184341,TX0092967
48009039001,1184488,TX0054623
54004005001,1095168,WV0028151
01000128002,1101960,AL0054313
01000158001,1101990,AL0055867
01000241002,1102070,AL0054631
01000303001,1102127,AL0059455
01000400003,1102208,AL0060445
01000401001,1102209,AL0063657
05000178001,1105009,AR0037974
05000343001,1105160,AR0035661
05000499001,1105284,AR0040886
05000548001,1105348,AR0021881
05000659001,1105457,AR0043834
05000671001,1105469,AR0036315
13000123001,1109125,GA0035980
13000532001,1109331,GA0023493
13000623002,1109435,GA0024732
13000704001,1109527,GA0048178
13000845001,1109667,GA0001601
17000490005,1113766,IL0028398
17000602001,1113881,ILG580106
17000689001,1113954,IL0034495
17001105001,1114041,ILG580130
55002140001,1206288,WI0036790
55002950001,1206403,WI0020311
55003206001,1206456,WI0035963
55004840001,1206666,WI0021946
55005460001,1206749,WI0022497
55009634001,1206902,WI0030805
24000061004,1214338,MD0023370
36002001014,1220318,NY0026221
36003038001,1220399,NY0022721
36003067001,1220472,NY0023680
36003134001,1220578,NY0109886
36006043005,1220968,NY0121070
36008007001,1221206,NY0023639
36009114001,1221464,NY0026336
48004143001,1227849,TX0047724
48005003001,1227867,TX0117498
31002490001,1230269,NE0045365
20000786001,1230907,KS0082996
20001900001,1230954,KS0027839
27000001026,1231484,MN0045845
36007099001,1232156,NY0028363
17000632001,1232725,IL0022543
29004061001,1233297,MO0093891
47000025001,1235028,TN0021539
47001145001,1235070,TN0021865
30000154001,1238253,MT0031488
06005061001,1238816,CA0082660
54000603001,1239019,WV0023159
54002605001,1239026,WV0032531
54005012001,1239031,WV0024562
33000049001,2868530,NH0100111
40000646001,3136768,OK0040410
39000114003,3372671,OH0124371
21000579001,3403754,KYP000063
17002008001,3490575,IL0076732
26000470003,3500340,MIG960017
26000441002,3500485,MIG580063
22001430001,1168280,LA0043982
40000115001,1172526,OK0026026
40000492001,1172724,OK0020711
40000495001,1172726,OK0029050
40000599001,1172781,OK0028533
40000650001,1172804,OK0034347
06002033001,1175290,CA0037575
06003053001,1175421,CA0047899
06007019001,1175928,CA0105007
46000105001,1179203,SD0023574
53000420001,1180796,WA0024490
53000560001,1180807,WA0020915
53000776001,1180844,WA0029581
53000795001,1180849,WA0024660
53001730001,1180997,WA0051276
53002125001,1181036,WA0022365
53002445001,1181070,WA0024627
48000005001,1182793,TX0025186
48001008001,1182878,TX0047198
48003066001,1183222,TX0054020
48003114001,1183259,TX0072338
48004089001,1183398,TX0033294
48004150001,1183457,TX0055361
48004354010,1183525,TX0022241
39000260001,1080677,OH0088382
39000329001,1080739,OH0023931
39000351001,1080761,OH0053694
39000361003,1080773,OH0107735
39002044001,1080979,OH0029327
39002282001,1080994,OH0024953
39002775001,1081032,OH0053198
39002969021,1081075,OH0043508
39004613002,1081199,OH0026182
39004823001,1081239,OH0141771
39005445003,1081289,OH0021229
39005698001,1081313,OH0026671
39005810001,1081321,OH0026697
39007530001,1081536,OH0041548
26000356001,1088488,MIG580396
26000464001,1088526,MIG580325
26000480001,1088543,MIG580263
26000488001,1088551,MI0021024
26000569001,1088601,MI0023825
26002132001,1088791,MI0021741
26002152001,1088804,MI0023540
26003098001,1088895,MIG580334
54001030002,1094781,WV0084425
54001301001,1094806,WV0024881
54000509001,1094833,WV0023108
54002606001,1094997,WV0022039
54003045001,1095081,WV0083071
33000092001,1100979,NH0100668
01000065001,1101897,AL0023311
01000224001,1102056,AL0053643
01000326001,1102143,AL0071901
01000334001,1102150,AL0056278
01000338001,1102153,AL0060534
01000361001,1102171,AL0049549
05000002002,1104853,AR0021750
05000005001,1104862,AR0020010
05000019001,1104887,AR0043397
05000086001,1104923,AR0021211
05000103001,1104939,AR0051179
05000143001,1104975,AR0033472
05000328001,1105151,AR0021687
05000401001,1105192,AR0021776
05000428001,1105217,AR0046604
05000620001,1105421,AR0035637
13000758001,1109583,GA0025691
17000063002,1113351,IL0068365
17000073001,1113362,IL0021784
17000107001,1113389,IL0023086
17000136001,1113409,IL0020958
17000595001,1113873,ILG580276
17000595002,1113874,ILG580070
17000629001,1113903,IL0031356
17000664001,1113932,IL0021067
17003711001,1114160,IL0028231
17003818001,1114175,IL0024830
17005007001,1114193,ILG580049
18000225001,1120143,IN0032191
18000876001,1120227,IN0022420
18001011001,1120243,IN0020419
18002190001,1120276,IN0024473
18004312001,1120353,IN0020133
19000238001,1123655,IA0023736
19000353001,1123753,IA0031411
19000667001,1124039,IA0058831
19001043001,1124322,IA0058491
19001086001,1124356,IA0063908
20000455001,1130274,KS0046469
20000731001,1130386,KS0030546
20000996001,1130477,KS0083887
29001023018,1133283,MO0101362
29001058002,1133339,MO0040827
29001111001,1133392,MO0117722
29001196002,1133531,MO0030970
29001198001,1133532,MO0028886
29003000001,1133888,MO0025801
29003080001,1133910,MO0128571
04001316001,3210288,AZ0020559
39000114002,3372588,OH0102041
36004145002,3481859,NY0263133
36004011001,3482350,NY0031291
08209000074,3500226,CO0021113
29001009002,3505940,MO0044300
18120000014,3525038,IN0062391
18120000052,3525139,IN0062936
39009630008,386434,OH0119679
29003859001,1134019,MO0047317
29004107001,1134116,MO0128708
29004119001,1134129,MO0023621
29004123002,1134135,MO0050687
21000159001,1139601,KY0021237
21000330001,1139736,KY0020877
23000064001,1142499,MEU508086
23000146001,1142583,ME0101851
44000006001,1144288,RI0100013
35000128001,1145120,NM0020150
27000139001,1148009,MN0022501
38000184001,1151427,NDG122209
37000101002,1153089,NC0023868
37003614001,1153375,NC0020052
45000614007,1157241,SC0041211
30000030001,1159099,MT0020702
30000067001,1159130,MTG589007
28000630001,1160337,MS0027774
41000055001,1164317,OR0023574
41000130001,1164379,OR0023388
47000205001,1165998,TN0022993
47000230001,1166003,TN0064670
47001165001,1166179,TN0067547
47009037501,1166286,TN0060186
22001335001,1168274,LA0032948
22003284001,1168488,LA0038423
40000076001,1172494,OK0021610
40000116001,1172529,OK0022535
40000457001,1172701,OK0028282
53000385001,1180794,WA0023132
53001420001,1180958,WA0020923
53002635001,1181100,WA0038377
48000114001,1182805,TX0027618
48001125003,1182929,TX0057801
48001209001,1182989,TX0020401
48003115001,1183260,TX0055492
48003119001,1183263,TX0027685
48004102001,1183409,TX0023396
48005054001,1183607,TX0024180
48005086001,1183636,TX0063096
48005116001,1183657,TX0083011
48006009007,1183681,TX0024201
48007023002,1183798,TX0023671
48007499001,1184105,TX0056952
48007643001,1184191,TX0034428
48007695001,1184221,TX0058548
48007851001,1184306,TX0022071
48007871001,1184319,TX0055166
48007878001,1184326,TX0046710
48008075001,1184416,TX0022594
51000028001,1192619,VA0021113
51000038001,1192630,VA0062880
51000257011,1192881,VA0090417
20000849001,1130414,KS0026158
20000915001,1130430,KS0031135
29001037001,1133318,MO0039721
29001188001,1133512,MO0085383
29001232001,1133563,MO0095222
29001233001,1133564,MO0104809
29002031001,1133647,MO0050601
29002201001,1133727,MO0101109
29002243001,1133748,MO0094935
29002253001,1133750,MO0052663
29002365001,1133805,MO0108162
29002513001,1133882,MO0039675
29004013001,1134042,MO0106399
29004090001,1134100,MO0095109
21000258001,1139683,KY0025909
23000022001,1142455,ME0101532
23000059001,1142496,ME0101524
35000048001,1145059,NM0029629
31000385001,1145816,NE0113638
31002145001,1146036,NE0027332
27000098001,1147977,MN0023990
27000296001,1148128,MN0020290
27001409001,1148214,MN0020028
27009225001,1148470,MN0051292
36007194001,1221174,NY0020664
36007216001,1221182,NY0029262
36008004001,1221203,NY0026514
36009025001,1221351,NY0023574
36009044001,1221363,NY0204081
36009064001,1221380,NY0021857
42005126001,1227224,PA0024732
48009001001,1227950,TX0132560
55004480002,1229235,WI0030252
31001351001,1230217,NE0112992
20000440001,1230882,KS0046434
20000708001,1230896,KS0046388
36004048001,1232123,NY0029271
19000170001,1234645,IA0041980
19000191001,1234646,IA0076074
19001049001,1234696,IA0056791
47001195001,1235071,TN0078191
47001295001,1235075,TN0024180
51000144001,1235971,VA0024970
39003080001,1237821,OH0020141
54001205001,1239022,WV0021792
01000234001,1239402,AL0050211
17005019001,2824001,IL0021601
48006020004,2887746,TX0116572
22009903001,3032413,LA0109576
54002505004,3040448,WV0081612
39000632005,3314570,OH0107956
39005855005,3367501,OH0079162
35200900505,3515317,NM0029165
17000693003,3520356,IL0074373
18120000043,3525120,IN0062367
18120000051,3525138,IN0049832
08201200057,3529636,CO0023485
01201200005,3540236,AL0081124
49000031001,1170388,UT0023663
40000019001,1172439,OK0027049
40000021001,1172441,OK0027367
40000582001,1172772,OK0027511
06001070001,1175229,CA0022870
06004003001,1175458,CA0055221
06005088002,1175609,CA0079235
06007005001,1175911,CA7000009
46000441001,1179309,SD0023639
53000350001,1180790,WA0020621
53000470001,1180802,WA0023582
53001005001,1180894,WA0037052
53002110001,1181034,WA0044792
48001046001,1182901,TX0066133
36006052001,1220974,NY0033511
48001119002,1182921,TX0093106
48001201001,1182977,TX0033367
48001237001,1183016,TX0105104
48005243001,1183665,TX0027944
48006043002,1183706,TX0092801
48007524001,1184121,TX0021237
48007651002,1184195,TX0076481
48008015003,1184359,TX0052639
51000162002,1192733,VA0060194
51000262003,1192889,VA0088111
51000292002,1192915,VA0031763
42002118001,1195887,PA0027081
55000310001,1206062,WI0020605
55003800001,1206549,WI0021431
55004070001,1206583,WI0029017
55004760001,1206657,WI0020559
55004820001,1206664,WI0022349
55009861001,1206980,WI0060232
24000072001,1214385,MD0020231
36002001009,1220313,NY0026182
36004081001,1220776,NY0240770
36005121001,1220914,NY0239844
36006069001,1220983,NY0021377
36006155001,1221035,NY0110116
36007156001,1221148,NY0020532
36008018001,1221212,NY0032328
36009107001,1221449,NY0027766
42006017001,1227237,PA0027120
48006052001,1227898,TX0053422
20000191001,1230863,KS0099571
20001523001,1230943,KS0095486
27007606001,1231553,MN0022659
29004040001,1233291,MO0041076
19000123001,1234638,IA0024554
19000287001,1234651,IA0035076
19000288001,1234652,IA0044032
19000580001,1234667,IA0026034
47000840001,1235055,TN0065501
21000365001,1235522,KY0028118
51000063001,1235962,VA0026468
37002901003,1236368,NC0055786
37008106001,1236394,NC0025984
40000752001,1236895,OK0029157
45000302001,1238536,SC0046892
17000663001,2810822,IL0074985
36004013001,2825900,NY0261360
47001035001,2926484,TN0058238
27000021112,3102668,MN0064882
36007182001,1221165,NY0245062
36009113001,1221463,NY0027979
36009143003,1221483,NY0105104
42006023001,1227239,PA0023124
55001280001,1229163,WI0023744
31000785001,1230197,NE0046175
31002200001,1230254,NE0023876
20000107001,1230852,KS0049760
27008903001,1231559,MN0020460
29004057001,1233296,MO0022349
28000225001,1233726,MS0020311
18000252001,1234176,IN0022462
39005201001,1237824,OH0026522
20000960001,2918782,KS0085201
20000755001,2919151,KS0095290
05000005002,3060868,AR0050288
48071123001,3148212,TX0092606
39006770016,3202310,OH0038709
27044000298,433161,MN0064190
08000023001,1066828,CO0030449
08000160001,1066953,CO0033791
04002117001,1069589,AZ0025208
34004013001,1073696,NJ0035343
12000050001,1078169,FL0021903
39000278001,1080693,OH0058157
39000602001,1080825,OH0024066
39001302001,1080895,OH0022047
39001792001,1080961,OH0024732
39004808002,1081229,OH0037249
39005089001,1081260,OH0053601
39005362001,1081279,OH0026573
39008106001,1081603,OH0020524
39008955001,1081689,OH0142018
26000131001,1088374,MIG580176
26000357001,1088489,MI0020524
26000449001,1088508,MI0054810
26000912001,1088644,MI0020087
26002179001,1088819,MIG580376
26003114001,1088905,MIG580214
26003127001,1088914,MIG640212
26004007001,1089026,MI0021181
25000238001,1092523,MA0100196
54000202001,1094700,WV0023167
54000301001,1094709,WV0086525
54000701001,1094751,WV0041181
54001592002,1094835,WV0105848
54003310003,1095104,WVG551301
01000029001,1101858,AL0024341
01000128003,1101961,AL0021407
01000188003,1102020,AL0064025
01000235003,1102066,AL0023701
01000336001,1102152,AL0070980
05000006001,1104863,AR0037907
05000094001,1104930,AR0022292
05000316001,1105142,AR0020117
05000601001,1105401,AR0041092
05000661001,1105459,AR0034835
05000677001,1105474,AR0050636
13000126001,1109128,GA0026000
13000605001,1109414,GA0038822
13000785001,1109608,GA0026042
34001156001,1073334,NJ0020427
12000116004,1078264,FL0041637
39000056001,1080480,OH0029271
39000058001,1080482,OH0128007
39000132001,1080556,OH0039152
39000217001,1080639,OH0023884
39000220001,1080642,OH0023370
39000328001,1080738,OH0095079
39000632003,1080833,OH0059307
39001610001,1080918,OH0024465
39001792002,1080962,OH0024741
39002628001,1081022,OH0025071
39002969017,1081072,OH0028835
39005803001,1081320,OH0053635
39008701001,1081660,OH0023400
26000108001,1088358,MI0023299
26000251001,1088439,MI0042978
26002047001,1088737,MIG570221
26003074001,1088880,MI0021296
38000056001,1151309,NDG323027
38000086001,1151338,NDG321768
38000118001,1151365,ND0021211
38000286001,1151526,NDG321571
37000102001,1153090,NC0021211
37001504001,1153210,NC0087645
37003107001,1153325,NC0036668
37008401001,1153702,NC0024244
45000206001,1157099,SC0046841
41000072001,1164334,OR0032352
41000081001,1164342,OR0027499
47000570001,1166062,TN0062294
22000890001,1168240,LA0038741
22003130001,1168398,LAG560113
22003131002,1168401,LA0038539
22003238001,1168472,LA0079545
22003398001,1168564,LA0020401
40000046001,1172468,OK0021636
40000100901,1172510,OK0028584
40000579001,1172769,OK0032476
40000728001,1172843,OK0030694
06002072001,1175334,CA0038067
06005161001,1175679,CA0079430
06005204001,1175707,CA0078441
06005347001,1175782,CA0080161
06005681001,1175845,CA0077828
53000053001,1180745,WA0020818
53000410001,1180795,WA0020575
48000005004,1182795,TX0025216
48002031001,1183125,TX0023973
48003076002,1183228,TX0075850
48003093001,1183242,TX0074683
48003123001,1183267,TX0106551
48004104001,1183410,TX0052949
48004374001,1183541,TX0047414
48005137001,1183661,TX0056251
48006024002,1183697,TX0023728
48006074001,1183728,TX0118991
48007021002,1183794,TX0024490
48007069001,1183897,TX0022543
48007479001,1184094,TX0126977
48007599001,1184167,TX0058963
48007883001,1184328,TX0079707
48008028004,1184374,TX0088170
48008045002,1184393,TX0024082
48008066001,1184407,TX0087751
48008080001,1184420,TX0026042
51000070001,1192656,VA0026247
51001400045,1193061,VA0089583
19000499001,1123890,IA0027430
19001012001,1124291,IA0032344
16000084001,1128634,ID0021288
20000439001,1130261,KS0026182
20000925001,1130437,KS0046728
20001416001,1130622,KS0097730
20001613001,1130668,KS0098850
20002000001,1130687,KS0081515
29001024005,1133295,MO0101567
29001026001,1133297,MO0049522
29002002001,1133622,MO0032174
29002051001,1133658,MO0126331
29002087001,1133674,MO0104906
29002193001,1133724,MO0108081
29003351001,1133946,MO0118010
29003436001,1133959,MO0129682
29004037001,1134061,MO0085910
29004037002,1134062,MO0085928
29004122001,1134132,MO0055751
29004143001,1134157,MO0055981
21000029001,1139496,KY0039756
21000086002,1139552,KY0074969
21000086002,1139552,KY0044351
21000086002,1139552,KY0074977
21000086002,1139552,KY0054780
08000174001,1066968,CO0043745
08000233001,1067023,COG589062
09000490001,1071822,CT0100200
09000950001,1071887,CT0100382
34002066001,1073517,NJ0025356
34006236001,1073827,NJ0020532
34006417001,1073842,NJ0022021
34007154001,1073877,NJ0021709
34008322001,1073924,NJ0020184
34009411001,1073960,NJ0027057
12000100001,1078244,FL0026867
39000165001,1080590,OH0028045
39000188001,1080610,OH0023892
39005635001,1081311,OH0020036
39006475001,1081454,OH0021326
39007840001,1081564,OH0022071
39007945001,1081569,OH0020249
26000166001,1088403,MIG580081
26000458001,1088512,MI0022977
26000634001,1088614,MI0024287
26003049001,1088856,MI0023001
26003069001,1088875,MI0022136
50000013001,1094063,VT0100064
50000053001,1094104,VT0100781
50000059001,1094109,VT0100617
50000065001,1094116,VT0100609
54003804001,1095151,WV0024473
54004503001,1095243,WVG550745
33000042001,1100938,NH0100781
01000006004,1101832,AL0055417
01000048001,1101877,AL0055409
01000050001,1101882,AL0065480
01000235001,1102065,AL0023680
02000102002,1104785,AK0022951
05000077001,1104915,AR0034029
05000114001,1104948,AR0051055
05000117001,1104951,AR0042609
05000259001,1105087,AR0023850
05000349001,1105164,AR0043125
05000518001,1105318,AR0037613
05000641001,1105441,AR0022411
13000003002,1108927,GA0024546
13000175001,1109183,GA0025704
13000208007,1109241,GA0031721
13000222001,1109277,GA0037796
13000400001,1109290,GA0024082
13000660001,1109479,GA0031828
17000067001,1113355,IL0026085
17000153001,1113429,IL0030775
17000418001,1113687,IL0032689
17000604001,1113883,ILG580071
17001103001,1114039,ILG580127
17005614001,1114243,ILG580174
17007707001,1114371,IL0024937
17009314001,1114414,IL0023051
18000154001,1120134,IN0020061
18000604001,1120201,IN0024821
18000710001,1120212,IN0024562
18004655001,1120389,IN0049794
19000056001,1123502,IA0076911
19000056001,1123502,IA0076929
19000074001,1123515,IA0021971
19000138001,1123567,IA0027979
19000150001,1123576,IA0070734
19000178001,1123601,IA0034355
19000209001,1123629,IA0060232
55009891001,1206985,WI0026930
55009937001,1207005,WI0032531
24000044001,1214287,MD0020524
36001015007,1220268,NY0065447
36003028006,1220387,NY0035637
36003047001,1220411,NY0149411
36004012001,1220705,NY0021806
36006085001,1220999,NY0030864
36008046001,1221245,NY0025968
48005090002,1227884,TX0025445
55001870001,1229176,WI0022284
55003590001,1229213,WI0020681
55003970001,1229223,WI0025194
55004960001,1229246,WI0021148
55005020001,1229248,WI0022675
20000914001,1230914,KS0081230
27003412001,1231528,MN0020834
17009401001,1232764,ILG580056
29002431001,1233256,MO0094854
19001046001,1234695,IA0041904
47001380001,1235079,TN0024961
51000318001,1235996,VA0025160
40000203001,1236866,OK0022888
46000086001,1237155,SD0021750
08209000046,3500198,CO0020311
08209000127,3500279,CO0020532
05000500001,3501360,AR0050148
19001302001,3503000,IA0072699
18002170002,3515277,IN0024902
54003880204,3519356,WV0082937
17000605002,3522759,ILG580039
18120000015,3525039,IN0063584
08201200039,3528976,CO0037044
54000212001,3537896,WVG551294
55000602001,3542658,WI0026701
48001006002,412040,TX0128937
18000008010,417729,IN0056049
27044000102,432665,MN0050130
08192000000,462150,CO0041599
08000326001,1067109,COG589026
08000500055,1067192,CO0043010
04000701001,1069369,AZ0020249
09001250002,1071923,CT0101052
09001430001,1071948,CT0100579
09001510001,1071956,CT0100625
34001159001,1073336,NJ0025330
34001347001,1073435,NJ0024970
34004011001,1073695,NJ0021717
12000138001,1078296,FL0038407
39000191001,1080613,OH0045373
39000448001,1080811,OH0024007
39000682001,1080840,OH0058211
39002702001,1081028,OH0025135
39005051002,1081256,OH0045748
19000579001,1123961,IA0036935
19001017001,1124296,IA0021075
19001097001,1124365,IA0032310
20000975001,1130465,KS0047554
20001146001,1130529,KS0099309
20001520001,1130638,KS0045985
20001529001,1130643,KS0081116
20001616001,1130670,KS0097276
29001010002,1133241,MO0023256
29001237036,1133602,MO0092002
29002046004,1133657,MO0026336
29002063001,1133667,MO0093505
29002064001,1133668,MO0097527
29002126001,1133703,MO0022918
29002281001,1133762,MO0057444
29004045001,1134067,MO0041203
29004051101,1134070,MO0132241
29004126001,1134139,MO0117951
21000080001,1139544,KY0057193
21000316001,1139727,KY0027413
31000387001,1145818,NE0042048
31000710001,1145858,NE0039802
31003009001,1146093,NE0112127
27000176001,1148042,MN0024422
27000209001,1148070,MN0023965
27000246001,1148101,MN0024741
50000074001,1094125,VT0100455
54001033001,1094786,WV0034991
54001707001,1094844,WV0084301
54002038002,1094914,WV0037486
54002422001,1094979,WV0100285
54002810001,1095039,WV0105988
54004804001,1095267,WV0021814
33000038001,1100934,NH0100706
01000045001,1101874,AL0048593
01000067002,1101900,AL0022659
01000168005,1102003,AL0054658
01000244001,1102074,AL0067181
01000254001,1102083,AL0064386
01000367001,1102176,AL0024376
01000414001,1102223,AL0056022
05000081001,1104918,AR0050989
05000127001,1104960,AR0033839
05000136001,1104969,AR0048551
05000226001,1105054,AR0022071
05000279001,1105106,AR0041688
05000400001,1105191,AR0021261
13000040006,1109020,GA0047911
13000087001,1109090,GA0032514
13000399001,1109288,GA0020079
13000671001,1109493,GA0023132
13000690001,1109511,GA0024767
17000437001,1113707,IL0021539
17000648001,1113918,IL0027944
17001001001,1114029,IL0050458
17001502001,1114096,IL0023574
17003717001,1114165,ILG580163
17003916001,1114185,IL0054496
17007101001,1114291,ILG580165
17007203001,1114308,IL0022772
17007702001,1114366,ILG580044
17009931001,1114458,IL0023221
18000030001,1120081,IN0024503
18004394001,1120360,IN0024775
19000002001,1123451,IA0023558
19000097001,1123535,IA0057151
19000180001,1123603,IA0028983
19000196001,1123617,IA0062367
19000470001,1123861,IA0036528
19000477001,1123868,IA0057487
19000522001,1123912,IA0058572
19000587001,1123968,IA0059587
19000602001,1123983,IA0021041
19000778001,1124127,IA0032409
19000791001,1124139,IA0032328
19000822001,1124167,IA0033464
19000928001,1124263,IA0058483
19000930001,1124264,IA0076449
19001028001,1124307,IA0042749
19001030001,1124309,IA0035866
16000006001,1128553,ID0022853
20000163001,1130169,KS0098418
20000165001,1130171,KS0098132
20000199001,1130195,KS0095338
20000444001,1130263,KS0081591
20000619001,1130353,KS0095231
20000630001,1130357,KS0024678
20000747001,1130396,KS0081396
20000802001,1130403,KS0081442
20000902001,1130419,KS0045918
20000908001,1130425,KS0047244
29001036003,1133317,MO0026379
29001091002,1133371,MO0091375
29002335001,1133788,MO0088536
29002375002,1133814,MO0023213
41000182001,1238058,OR0022551
30000137001,1238250,MT0020028
53000230001,1238897,WA0020613
01000380002,1239406,AL0027987
17000154003,2823269,IL0075957
05000058002,3106484,AR0039608
39008920015,3123498,OH0045926
27088000001,3319050,MN0025241
54003904001,3395578,WV0024597
37003613001,3480095,NC0025861
36007006002,3491061,NY0233200
21000187001,1139625,KY0104728
21000576001,1139859,KY0102601
23000001003,1142427,ME0102121
23000122001,1142561,ME0102318
31000975001,1145894,NE0023931
31003045001,1146129,NE0113077
27000001012,1147882,MN0029955
27000055001,1147944,MN0030147
27000145001,1148014,MN0020338
27000196001,1148058,MN0025208
27001605001,1148224,MN0022811
27006401001,1148380,MN0024678
27007104001,1148394,MN0051101
27007409001,1148416,MN0023311
27008902001,1148446,MN0024562
27009614001,1148569,MN0021831
38000017001,1151271,NDG321415
38000176001,1151421,NDG223663
38000222001,1151462,NDG321491
38000230001,1151470,NDG322560
37000001001,1153087,NC0020290
37002601001,1153296,NC0023957
37003616001,1153377,NC0020036
37006503001,1153560,NC0023256
37009807001,1153816,NC0057606
47000365001,1166031,TN0020508
47000760002,1166104,TN0023574
47001375001,1166206,TN0021261
47001555001,1166234,TN0025089
22001310001,1168272,LA0067083
22001465001,1168284,LA0055328
22003125001,1168393,LA0086771
22003306001,1168508,LA0065340
22003413001,1168577,LAG560107
22003414001,1168578,LA0043648
49000010001,1170367,UT0023205
49000010001,1170367,UTL023205
49000011001,1170368,UT0020966
40000080001,1172497,OK0027693
06003028001,1175395,CA0048151
46000034001,1179138,SD0021831
46000088001,1179188,SD0022021
53000260001,1180774,WA0020851
53000935001,1180868,WA0022390
48001147001,1182950,TX0068764
48001210001,1182990,TX0020419
48001403001,1183075,TX0025852
48003047001,1183211,TX0033316
48003062001,1183220,TX0025470
48003074001,1183225,TX0054348
48004079001,1183390,TX0027227
48005023001,1183582,TX0026557
26003110001,3058188,MIG580312
34002539002,3106631,NJ0026891
39008330008,3177029,OH0091642
08000117101,3419083,CO0031755
08209000031,3500183,COG589116
48001743001,3505860,TX0124737
48000004008,3507562,TX0025011
39010331001,3518396,OH0079120
08000218001,1067010,CO0021687
34008503001,1073935,NJ0029831
12000199001,1078355,FL0021512
39000369001,1080782,OH0021105
39002842001,1081045,OH0025283
39003171001,1081086,OH0025372
39004991001,1081251,OH0020516
39006510001,1081456,OH0026972
39008477001,1081641,OH0027910
26000469001,1088531,MI0021113
26003052001,1088859,MI0020532
26003163001,1088937,MIG580004
25000003001,1092309,MA0100510
25000074001,1092372,MA0101818
25000245001,1092529,MA0101702
54001304001,1094808,WV0040525
54001495001,1094825,WV0081850
54002510001,1094993,WV0020125
54003799001,1095147,WV0024490
54004101001,1095179,WV0023183
54004111001,1095193,WV0024422
33000081001,1100971,NHG581141
33000089001,1100977,NH0100455
01000058001,1101892,AL0054640
01000114001,1101948,AL0020672
05000034001,1104904,AR0022284
05000254001,1105082,AR0033791
05000377001,1105188,AR0042196
05000619001,1105419,AR0035602
05000722001,1105517,AR0035653
13000051001,1109040,GA0020516
13000096001,1109099,GA0037249
13000120001,1109122,GA0050181
13000781001,1109605,GA0046442
17000018001,1113311,ILG580253
17000042001,1113333,ILG580191
17000061002,1113348,IL0021377
17000150001,1113425,IL0029611
17000438001,1113709,IL0028916
17000616001,1113891,IL0046302
17000640001,1113910,IL0020818
17001218001,1114062,ILG580123
17003001001,1114123,IL0023825
17003601001,1114157,IL0028151
17007711001,1114374,ILG580136
18000015001,1120067,IN0022497
18000201001,1120142,IN0039314
18000801001,1120215,IN0022896
18000851002,1120226,IN0032956
18004274001,1120349,IN0020214
18004612001,1120382,IN0040215
18005073001,1120452,IN0040274
18005133001,1120461,IN0020656
18005431001,1120494,IN0020397
19000169002,1123593,IA0023604
19000237001,1123654,IA0035335
19000303001,1123711,IA0044849
19000387001,1123783,IA0072435
19000476001,1123867,IA0061492
19000486001,1123876,IA0056847
19000520001,1123910,IA0023370
51000010001,1192592,VA0026387
51000142001,1192719,VA0020257
51000219003,1192837,VA0076350
42007555001,1197281,PA0062219
55000980001,1206138,WI0021598
55003990001,1206568,WI0021415
55005010002,1206700,WI0036021
55009717001,1206935,WI0036374
36003028004,1220385,NY0037117
36003081001,1220501,NY0110353
36004072001,1220773,NY0023655
38000107001,1151356,NDG321423
38000123001,1151370,NDG320664
38000220001,1151460,NDG126298
38000274001,1151514,NDG325224
37007901001,1153661,NC0025071
37009002010,1153752,NC0085359
30000017001,1159089,MT0021474
30000026001,1159096,MTG580003
30000192001,1159230,MT0022373
41000046001,1164308,OR0020745
41000114001,1164366,OR0027294
41000257001,1164469,OR0028550
47000150002,1165983,TN0077917
47000880001,1166126,TN0023591
47001490001,1166226,TN0020443
47003013001,1166265,TN0024473
22000230001,1168184,LA0082210
22000810002,1168235,LA0038288
22003096001,1168357,LA0020125
22003147001,1168409,LA0020133
22003309001,1168511,LA0038628
49000038001,1170393,UT0024970
49000038001,1170393,UTL024970
49000041001,1170396,UT0020834
49000041001,1170396,UTL020834
40000040001,1172463,OK0028932
40000089001,1172502,OKG580068
40000311001,1172607,OK0028576
40000743001,1172850,OK0029009
06002038001,1175296,CA0038024
06003050001,1175418,CA0048127
53002625501,1181097,WA0030317
48001027001,1182895,TX0022985
48001111001,1182915,TX0057622
48001402001,1183074,TX0027456
48005082001,1183632,TX0088081
48006035001,1183702,TX0111589
48007650001,1184194,TX0033243
48007820001,1184286,TX0078263
51000183001,1192784,VA0020184
51000358001,1193001,VA0062669
42001296001,1195751,PA0021075
55000600001,1206090,WI0023418
55002200001,1206296,WI0020231
55002530001,1206352,WI0031194
55003510001,1206506,WI0022870
55003855001,1206555,WI0029670
55004440002,1206634,WI0020290
55004720002,1206652,WI0020478
55004970001,1206697,WI0021920
18120000013,3525037,IN0061964
21000382009,3541458,KY0054674
13000999033,3541711,GA0038423
39009630009,386435,OH0079375
48000017017,401848,TX0124478
18120000008,3524864,IN0060526
08201200019,3527116,COX632004
55013263001,404034,WI0060879
51000860001,492756,VA0075191
08000043001,1066847,CO0020150
08000400001,1067147,CO0040681
34001093001,1073318,NJ0022349
34007382001,1073890,NJ0021610
12000516001,1078450,FL0040983
39000059001,1080483,OH0048526
39000094001,1080518,OH0036196
39000112001,1080534,OH0096733
39000258001,1080675,OH0134171
39000275001,1080690,OH0047902
39000361001,1080772,OH0020915
39002660001,1081026,OH0020770
39002737001,1081030,OH0025143
39002863001,1081046,OH0025291
39003129001,1081085,OH0020869
39003283001,1081096,OH0025429
39004809001,1081237,OH0091847
39005754001,1081316,OH0020044
39006671001,1081469,OH0027057
26000334001,1088472,MI0024392
29003390001,1133951,MO0049662
29004146001,1134159,MO0115321
21000067001,1139533,KY0025291
21000087001,1139553,KY0091731
21000390001,1139778,KY0024279
23000021001,1142454,ME0100021
31000388001,1145819,NE0024279
31001135001,1145912,NE0049115
31002665001,1146085,NE0023957
27000021001,1147913,MN0050628
27000144001,1148013,MN0020630
27001607001,1148226,MNG580181
27001614001,1148232,MN0020796
27001904001,1148244,MN0024384
38000007001,1151262,ND0022349
38000032001,1151285,NDG321393
38000292001,1151532,NDG321318
37003502001,1153355,NC0042269
18120000011,3524869,IN0060704
39007010001,3529496,OH0137880
29001239104,3536836,MO0129763
29002214006,3536980,MO0111554
39002370007,3538758,OH0142191
21000063003,3540936,KY0108740
21000159002,372437,KY0104027
21000274002,372484,KY0090590
08000012001,1066819,CO0021571
08000035001,1066838,CO0041530
08000225001,1067015,CO0048830
08000320001,1067103,CO0047198
08000322001,1067105,CO0020010
12000208001,1078360,FL0028126
12000322001,1078416,FL0020559
39001904001,1080967,OH0135097
39002128001,1080983,OH0024899
39003244001,1081091,OH0025381
39005670001,1081312,OH0020541
39007090001,1081508,OH0138649
39007847001,1081565,OH0020087
26000589001,1088609,MI0024384
26003014001,1088830,MIG580322
25000040001,1092343,MA0100781
25000107001,1092404,MA0100617
54001401001,1094819,WVG551350
54003102001,1095086,WV0024368
54005501001,1095325,WV0027138
33000095001,1100982,NH0100765
01000264001,1102094,AL0020940
01000316001,1102137,AL0050768
05000223001,1105051,AR0033987
05000359002,1105174,AR0039047
13000031002,1109001,GA0026816
13000129001,1109131,GA0038661
13000732001,1109557,GA0050202
17000286001,1113559,IL0026310
17000325001,1113593,IL0058998
17000432001,1113702,IL0037818
17000627001,1113901,IL0023141
17003201001,1114131,ILG580269
17009905001,1114444,ILG580008
18000019001,1120072,IN0031071
18000055001,1120094,IN0040681
55000039001,1206033,WI0036552
55000690001,1206099,WI0021903
55002110001,1206283,WI0024201
55004365001,1206628,WI0031127
55004430001,1206633,WI0028924
55009719001,1206937,WI0028061
24000005003,1214160,MD0021512
24000042001,1214278,MD0021865
36003006002,1220326,NY0060976
36003016001,1220350,NY0165891
36004038002,1220738,NY0020141
36004102002,1220789,NY0268852
36005046001,1220860,NY0094366
36009082002,1221409,NY0022543
48009025001,1227951,TX0066010
55000040001,1229125,WI0021199
55004730001,1229243,WI0025593
31001894001,1230241,NE0043699
20000739001,1230904,KS0093891
20000917001,1230915,KS0031445
36005054001,1232134,NY0021547
36009130001,1232194,NY0022985
17000170001,1232699,IL0028649
17009703001,1232769,IL0030121
29002464001,1233260,MO0096229
18002220001,1234190,IN0025658
48004096001,1183404,TX0106291
48004205001,1183460,TX0022632
48004215002,1183468,TX0022314
48004256001,1183488,TX0026689
48004362002,1183533,TX0084557
48005006006,1183568,TX0099287
48006007001,1183677,TX0026476
48006009003,1183678,TX0047511
48007039065,1183841,TX0057347
48007043001,1183863,TX0022799
48007168001,1183976,TX0079618
48007495001,1184102,TX0074632
48007573001,1184150,TX0074322
48008037002,1184384,TX0024422
51000069001,1192653,VA0069337
51000139001,1192717,VA0024058
51000257008,1192879,VA0025291
51000292003,1192916,VA0076805
51000339001,1192992,VA0080837
42004252001,1196408,PA0208639
42007560001,1197286,PA0070041
55000520001,1206083,WI0021041
55000720001,1206109,WI0032051
55001240001,1206162,WI0031445
55001600001,1206231,WI0023949
55002460001,1206329,WI0060500
55002940001,1206401,WI0036731
55003240002,1206461,WI0020265
55003580001,1206512,WI0022233
55004210001,1206598,WI0028428
55008674001,1206837,WI0029599
24000089001,1214404,MD0022764
36003034001,1220392,NY0022144
36003035001,1220397,NY0022152
36003072006,1220483,NY0031828
36003091001,1220513,NY0026051
36003148001,1220599,NY0109924
36003169001,1220630,NY0026719
36004060001,1220758,NY0023591
36007215002,1221181,NY0025798
36009127001,1221480,NY0021849
48001008002,1227754,TX0053830
48003290001,1227830,TX0053627
31001046001,1230206,NE0045080
31002290001,1230260,NE0029343
31002570001,1230270,NE0043311
20000936001,1230917,KS0097896
17000179001,1232700,IL0024911
17005555080,1232746,IL0022331
29003509001,1233276,MO0092975
18004453001,1234204,IN0020222
19000699001,1234677,IA0047864
47001120001,1235067,TN0061727
39003003001,1237820,OH0021300
39004370001,1237823,OH0050881
41000145001,1238055,OR0022730
06007011001,1238829,CA0104370
26000711001,1239216,MI0021571
36006020001,2811600,NY0258059
54002508001,1094991,WV0020141
33000064001,1100954,NH0100102
01000350001,1102163,AL0024180
05000003004,1104857,AR0038288
05000014001,1104879,AR0033359
05000304001,1105131,AR0022403
05000491001,1105275,AR0046477
13000003001,1108926,GA0024538
13000153001,1109158,GA0037206
13000683001,1109503,GA0049450
13000692001,1109513,GA0021032
17000524001,1113801,ILL031933
17000524001,1113801,IL0031933
17000657002,1113926,IL0034282
17001504001,1114097,ILG580007
17001605001,1114101,IL0021679
17001606001,1114102,IL0022390
17001729001,1114106,IL0063088
17007713001,1114376,ILG580248
17007807001,1114382,ILG580100
10000023007,1066478,DEL021555
10000023007,1066478,DE0021555
08000025001,1066830,CO0026646
08000091001,1066893,CO0021164
08000309001,1067092,CO0020877
04001341001,1069469,AZ0022357
09000520001,1071826,CT0100218
09000840005,1071876,CT0101656
09001340001,1071934,CT0101214
34002241001,1073540,NJ0029475
34008107002,1073904,NJ0035483
12000195001,1078353,FL0040495
39000120001,1080544,OH0131059
39000166001,1080591,OH0021776
39000251001,1080668,OH0035882
39000317001,1080728,OH0135755
39000427001,1080810,OH0023990
39000910001,1080849,OH0020851
39001631001,1080925,OH0021547
39002868001,1081047,OH0044512
39004697001,1081219,OH0029408
39005131001,1081261,OH0058408
39005761001,1081317,OH0026689
39006006001,1081425,OH0020117
39006104001,1081429,OH0023582
39006762001,1081475,OH0021725
39007371001,1081521,OH0021415
26000032001,1088330,MI0022799
26000718001,1088625,MI0022829
26002013001,1088718,MI0022152
25000019001,1092322,MA0102695
50000062001,1094112,VT0100951
50000066001,1094117,VT0100340
50000084001,1094133,VT0101044
54004504001,1095244,WVG551202
54004601001,1095252,WV0105406
54004807001,1095269,WV0024554
01000055004,1101889,AL0044067
01000073001,1101905,AL0057193
01000296001,1102122,AL0020532
05000565001,1105365,AR0033855
13000543001,1109342,GA0023710
13000715003,1109540,GA0047171
13000742001,1109567,GA0046370
13000865001,1109690,GA0049476
17000011001,1113304,IL0062634
17000093001,1113377,IL0020079
17000615001,1113890,IL0021661
17000622001,1113897,ILG580226
17001505001,1114098,ILG580027
39006770014,3202229,OH0038539
29004048001,3476930,MO0120570
37008313001,3487030,NC0021661
08209000090,3500242,CO0041840
54002107001,3511336,WV0101257
29001019009,3522576,MO0058629
18120000007,3524863,IN0060411
08201200020,3527216,COG588105
39004205003,3529457,OH0039080
08201200097,3531137,COG588055
30000036001,1159104,MTG580016
30000093001,1159153,MT0021458
30000132001,1159184,MTG580012
41000103001,1164359,OR0020541
47000140001,1165980,TN0022616
22000195001,1168182,LA0020150
22003072002,1168337,LA0032794
22003157001,1168417,LA0033286
22003221001,1168456,LA0044041
40000009002,1172427,OK0031798
40000180001,1172572,OK0028118
40000302001,1172602,OK0028126
40000617001,1172790,OK0035611
06001079001,1175232,CA0022888
53000335001,1180789,WA0029513
48001117001,1182918,TX0127337
48001146001,1182949,TX0024546
48002058001,1183140,TX0024325
48002141001,1183164,TX0035505
48003011003,1183176,TX0067873
48003056001,1183215,TX0023892
48003081001,1183231,TX0020516
48003083001,1183234,TX0021806
48005002001,1183563,TX0022969
48005056001,1183609,TX0032654
48005080002,1183630,TX0070688
48006044001,1183707,TX0060801
48007006001,1183775,TX0034436
48007056001,1183876,TX0023841
48007136001,1183950,TX0073393
48007208001,1184001,TX0086011
48007773001,1184264,TX0076651
51000013013,1192597,VA0090531
51000059001,1192649,VA0062642
51000299002,1192923,VA0022845
42005124001,1196621,PA0026981
55000380001,1206069,WI0023345
55000708001,1206102,WI0023469
55001930001,1206267,WI0029963
55003110001,1206447,WI0024791
55004920001,1206676,WI0060526
55009631001,1206901,WI0036846
55009669001,1206917,WI0035874
36001010006,1220251,NY0026859
36001013001,1220260,NY0026778
36006026001,1220956,NY0021393
36006060001,1220978,NY0020125
36007075001,1221090,NY0021423
36009090001,1221437,NY0027693
48008023001,1227937,TX0022675
48008036001,1227938,TX0054631
55002070001,1229182,WI0020192
55002220001,1229184,WI0024279
31001610001,1230233,NE0024333
27000138001,1231493,MN0025101
17000035001,1113326,IL0027839
17000323003,1113591,IL0046213
17000598001,1113877,IL0020605
17001311001,1114075,ILG580111
17003915001,1114184,ILG580195
17005809001,1114262,IL0026301
18001493001,1120248,IN0021385
18005131001,1120460,IN0021814
18005811001,1120513,IN0020974
19000004001,1123453,IA0041921
19000063001,1123508,IA0027855
19000201001,1123621,IA0064823
19000297001,1123707,IA0074047
19000339001,1123742,IA0066346
19000421001,1123815,IA0059196
19000426001,1123820,IA0043541
19000446001,1123839,IA0027448
19000531001,1123919,IA0057207
19000655001,1124028,IA0058611
19000722001,1124086,IA0036030
19000903001,1124240,IA0078719
19001035001,1124314,IA0028916
16000028001,1128575,ID0025569
16000117001,1128657,ID0020231
20000174001,1130178,KS0049743
20000422001,1130243,KS0097951
20000452001,1130272,KS0046442
20000463001,1130280,KS0020974
20000703001,1130365,KS0080055
20000923001,1130435,KS0022632
19000536001,1234664,IA0059463
47000090001,1235031,TN0021121
47000815001,1235054,TN0064394
51000054001,1235957,VA0063843
51000090001,1235966,VA0022985
51000129003,1235969,VA0064424
51000222001,1235983,VA0064599
41000027001,1238043,OR0020451
10000023004,2888364,DE0050547
36004135001,2896302,NY0262854
02000500032,3106490,AK0021393
49490099005,3155168,UT0020052
08209000039,3500191,COG588013
39010051101,3514500,OH0135585
18120000025,3525061,IN0061778
18120000038,3525096,IN0060437
24000033002,3538736,MDG913232
13000999027,3540116,GA0020788
05000039001,387333,AR0048151
42007558001,1197284,PA0063312
55000006001,1206000,WI0029718
55002410001,1206318,WI0021733
55003060001,1206427,WI0022381
55003620001,1206518,WI0025038
55005400001,1206742,WI0025844
55009942001,1207007,WI0035718
24000007001,1214170,MD0022578
24000008001,1214171,MD0022527
24000054003,1214313,MD0051497
24000074001,1214387,MD0020362
36003010001,1220340,NY0026093
36005020001,1220836,NY0036706
36005060001,1220871,NY0256471
36006065001,1220981,NY0030341
36007026001,1221070,NY0262552
36007195001,1221175,NY0020257
36008055001,1221254,NY0024651
36009109001,1221458,NY0027057
48003080001,1227816,TX0022667
48007062001,1227912,TX0068845
48007700001,1227933,TX0072567
55004911001,1229245,WI0031526
31001896001,1230242,NE0023949
20001139001,1230927,KS0091367
01000002001,1239395,AL0059714
12000102007,3016402,FL0030210
39000278002,3297931,OH0036765
06002054001,3486530,CA0038768
08209000067,3500219,COG588039
29003509002,3501881,MO0094200
05000801001,3501953,AR0043486
35200900006,3504440,NM0020133
22003231003,3505540,LAG570304
18120000035,3525071,IN0023973
35201200026,3540037,NM0024996
21002017001,372674,KY0104078
17000234004,440547,IL0021881
08000204001,1066995,CO0040142
29003703001,1133993,MO0135453
21000260001,1139685,KY0066605
23000020002,1142452,ME0102466
23000061001,1142498,ME0100951
44000014001,1144296,RI0100188
31003002001,1146089,NE0043249
27002603001,1148265,MN0020974
27005617001,1148356,MN0024040
27007413001,1148419,MN0024112
27009203001,1148459,MNG580098
38000147001,1151393,NDG321610
38000152001,1151398,ND0020681
38000188001,1151431,NDG321253
38000215001,1151456,NDG320362
38000310001,1151547,NDG320885
38000319001,1151555,NDG321920
37003002002,1153319,NC0021491
37004101002,1153399,NC0024210
37008401101,1153703,NC0074756
30000001001,1159077,MT0020044
28000250001,1160239,MS0026964
51000010100,3539737,VA0027901
01201200004,3540156,AL0076317
21000237002,372481,KY0082007
39007030004,385395,OH0078913
40000493001,394457,OKG580050
37009002011,416259,NC0085812
48006022001,417949,TX0055123
08000001001,1066809,CO0026735
08000229001,1067019,CO0040975
09001350001,1071935,CT0101087
09001480001,1071953,CT0100617
34001349001,1073437,NJ0024465
34007021001,1073856,NJ0023507
34007291001,1073886,NJ0021326
39000154001,1080579,OH0048194
39000161002,1080586,OH0122084
39000252001,1080669,OH0022098
39000576001,1080821,OH0024058
39001199017,1080887,OH0049522
39001660014,1080938,OH0048089
39002591001,1081019,OH0031062
39004389001,1081178,OH0020826
39004620002,1081201,OH0020419
39004844001,1081242,OH0020842
39005733001,1081315,OH0020346
39006611005,1081465,OH0036242
39007810001,1081562,OH0105198
39008428001,1081637,OH0027880
39009170001,1081720,OH0028185
26000715001,1088623,MI0024023
26002042001,1088734,MIG580252
26003029001,1088841,MIG580129
26003070001,1088876,MI0023205
25000175001,1092457,MA0100030
50000007001,1094058,VT0100013
54002206001,1094948,WV0020176
54003902001,1095154,WV0025101
54004114001,1095194,WVG551444
39008708001,1081661,OH0023353
39009031001,1081694,OH0022519
26000581001,1088606,MI0020273
26004030001,1089049,MIG580006
25000163001,1092445,MA0100153
25000172001,1092454,MA0100013
50000068001,1094119,VT0100820
50000072001,1094123,VT0100374
54001905001,1094886,WV0024775
54002305001,1094954,WV0033821
54002704001,1095008,WVG640100
54002704001,1095008,WV0028134
54002803001,1095031,WV0024392
33000041001,1100937,NHG580242
33000054001,1100945,NH0100170
01000009001,1101835,AL0020303
01000057001,1101891,AL0020842
01000083002,1101915,AL0025852
01000132001,1101966,AL0061158
01000168003,1102001,AL0022357
01000307001,1102131,AL0050113
01000418003,1102225,AL0059358
05000200001,1105030,AR0034304
05000239001,1105066,AR0021822
05000302001,1105129,AR0021580
05000710001,1105506,AR0037991
20000981001,1130467,KS0031178
20001519001,1130637,KS0045969
20001901001,1130686,KS0047473
29001083001,1133364,MO0036218
29002171001,1133714,MO0091146
29002452001,1133847,MO0117161
29002495001,1133870,MO0022926
29003004001,1133890,MO0130281
29004058001,1134075,MO0126888
29004059101,1134077,MO0122866
23000042001,1142476,ME0101443
23000107001,1142546,ME0101087
23000129001,1142567,ME0102016
23000171001,1142604,ME0102130
35000004001,1145008,NM0028011
35000042001,1145053,NM0029149
31000225001,1145791,NE0127663
31000431001,1145825,NE0021521
31001145001,1145913,NE0038946
31002655001,1146084,NE0043320
27000171001,1148036,MN0020206
27000175003,1148041,MN0040835
27000344001,1148165,MN0050954
27005701001,1148358,MN0040754
27007014001,1148387,MN0020770
27009807001,1148581,MNG580162
38000170001,1151415,NDG321989
38000175001,1151420,NDG322012
38000251001,1151491,NDG122586
38000260001,1151500,NDG320087
38000342001,1151578,ND0020559
38000360001,1151596,NDG322276
38000363001,1151599,NDG120397
37001402001,1153196,NC0021890
37001702001,1153222,NC0040011
37001903001,1153239,NC0020354
37005602002,1153489,NC0021229
37007501001,1153613,NC0021601
37009701001,1153795,NC0020761
45009015001,1157278,SC0040771
28000170001,1160220,MS0042307
47000085001,1165977,TN0066800
47000275001,1166015,TN0057461
47000385001,1166034,TN0022667
47000395001,1166037,TN0062286
22000745001,1168229,LA0047031
22003001001,1168285,LA0038598
22003357001,1168541,LA0020095
29003481001,1133973,MO0041173
29004018001,1134046,MO0124419
29004095001,1134105,MO0102679
29004153002,1134165,MO0041149
21000350001,1139752,KY0050512
23000071001,1142508,ME0100641
31000255001,1145800,NE0040916
31001047001,1145902,NE0042056
31001463001,1145956,NE0025461
31001633001,1145973,NE0112208
31001755001,1145992,NE0033421
31003029001,1146113,NE0113158
27000035001,1147928,MN0030066
27000313001,1148137,MN0023451
27001613001,1148231,MN0021849
27001708001,1148237,MNG580185
27007608001,1148426,MN0052752
38000038001,1151291,NDG322951
38000085001,1151337,NDG225453
38000340001,1151576,NDG321385
38000361001,1151597,NDG320044
37000409001,1153108,NC0041408
37001206003,1153181,NC0041696
37001801001,1153224,NC0020401
37006001008,1153514,NC0036277
19000336001,1234656,IA0062529
47000610001,1235046,TN0062065
47001365001,1235077,TN0061166
51000055001,1235958,VA0020524
51000166001,1235977,VA0025437
37003101001,1236369,NC0021903
22000655001,1237409,LA0044075
05000109001,1237645,AR0034321
01000088001,1239398,AL0023418
17001101001,2832260,IL0043061
18004135001,2908422,IN0058416
20000744002,2919162,KS0095516
18005552001,2941288,IN0056391
39002969031,3098848,OH0089788
23000058001,3212188,ME0100447
31002080001,3346292,NE0132195
39005855002,3367250,OH0078760
39005855004,3367450,OH0079154
08000116901,3418767,CO0041416
08209000016,3500167,CO0137005
24000022004,3509877,MD0024023
17002056001,3510776,ILG580202
18120000006,3524861,IN0059200
08201200066,3530196,COG588070
39002370005,3538756,OH0142212
39008374002,384711,OH0039128
39000223004,385153,OH0123153
47000963002,398824,TN0080985
48005077001,1183626,TX0128856
48005119001,1183659,TX0107875
48007039012,1183827,TX0063053
48007058001,1183879,TX0126837
48007083001,1183906,TX0020311
48007170001,1183978,TX0086185
48007185001,1183987,TX0089184
48008186001,1184457,TX0075779
48009044001,1184490,TX0022942
51000176003,1192774,VA0062219
51000206001,1192822,VA0060712
51000238001,1192864,VA0066630
51000279001,1192904,VA0025151
42004077001,1196294,PA0028461
42004079001,1196295,PA0216941
29004067001,1233299,MO0044954
18000110001,1120121,IN0023621
18001055001,1120246,IN0031178
18004662001,1120393,IN0040177
18005290001,1120477,IN0051446
19000405001,1123799,IA0036510
19000406001,1123800,IA0027669
19000463001,1123855,IA0056910
19000670001,1124042,IA0062961
19000759001,1124113,IA0041785
19000782001,1124131,IA0069477
19000829001,1124175,IA0041858
19000844001,1124189,IA0068683
19000881001,1124221,IA0035891
19001021001,1124300,IA0023515
19001083001,1124354,IA0059765
16000019001,1128566,ID0025585
16000040001,1128586,ID0022713
16000113001,1128653,ID0020389
16000151001,1128679,ID0020176
20000423001,1130244,KS0047465
20000424001,1130245,KS0030635
20000810002,1130407,KS0096440
20000932001,1130444,KS0025682
29001034001,1133312,MO0051608
29001117001,1133398,MO0054585
29001130001,1133410,MO0022098
29002152001,1133709,MO0096091
29002411001,1133832,MO0103764
29003242001,1133939,MO0098663
21000188001,1139626,KY0072044
21000236001,1139665,KY0095257
23000066001,1142501,ME0100595
32000011001,1144647,NV0020133
31000365001,1145812,NE0021229
31000620001,1145847,NE0034304
31001542001,1145967,NE0112976
27000006001,1147898,MN0022462
27000015001,1147908,MN0029904
27000165001,1148030,MN0020508
27003606001,1148303,MN0020427
38000049001,1151302,NDG122756
38000083001,1151335,NDG321466
38000174001,1151419,NDG321270
38000187001,1151430,ND0022039
37002001001,1153246,NC0020800
37002408001,1153277,NC0021920
37002506001,1153292,NC0021253
37002808001,1153307,NC0079057
37004702001,1153444,NC0026514
45000258001,1157150,SC0025259
28000150001,1160216,MS0024147
28000615001,1160334,MS0024295
41000053001,1164313,OR0026361
47000690002,1166084,TN0026174
47001505001,1166229,TN0021695
22003062001,1168332,LA0034614
22003068001,1168335,LA0020630
22003108001,1168367,LA0064963
22003124002,1168392,LAG560105
49000018001,1170375,UT0021741
49000018001,1170375,UTL021741
49000129001,1170477,UT0020427
49000129001,1170477,UTL020427
40000032001,1172453,OK0031763
40000038001,1172459,OKG580057
40000198001,1172582,OK0021890
06001027001,1175195,CA0023060
25000038001,1092341,MA0101621
54001030001,1094780,WV0084425
19000891001,1124231,IA0047961
19001067001,1124341,IA0050741
20000280001,1130210,KS0085529
20000420001,1130241,KS0081523
20001218001,1130548,KS0116882
20001220001,1130550,KS0093998
20001527001,1130642,KS0027162
20001530001,1130644,KS0025658
29001103001,1133384,MO0092932
29003240001,1133937,MO0027600
29004008001,1134035,MO0047058
29004011001,1134040,MO0135461
21000078001,1139543,KY0025241
21000387001,1139776,KY0044181
35000088001,1145098,NM0027731
31000635001,1145850,NE0051624
31000750001,1145862,NE0114952
31001090001,1145907,NE0024210
27000019001,1147911,MN0030112
27000054001,1147943,MN0025259
27000158001,1148024,MN0053279
27000240001,1148096,MN0042331
13000193001,1109203,GA0021857
13000784001,1109607,GA0020834
13000827001,1109651,GA0021806
17000077001,1113366,IL0022608
17003911001,1114180,IL0023477
17005105001,1114202,IL0020176
17005316001,1114216,IL0032671
17009916001,1114451,ILG580125
18000002001,1120057,IN0021318
18000400001,1120181,IN0023540
18000707001,1120210,IN0020087
18000878001,1120229,IN0020788
18001492001,1120247,IN0020877
18004234001,1120343,IN0031976
18005112001,1120459,IN0023329
18005214001,1120470,IN0024449
18005812001,1120514,IN0030571
19000175001,1123598,IA0023523
19000182001,1123605,IA0020788
19000223001,1123641,IA0023302
19000248001,1123665,IA0042871
19000439001,1123833,IA0020818
19000502001,1123893,IA0027685
19000538001,1123925,IA0062987
19000638001,1124011,IA0036064
19000675001,1124046,IA0073881
19000694001,1124060,IA0072443
19000792001,1124140,IA0056952
19000850001,1124195,IA0074471
19000894001,1124233,IA0042650
19001053001,1124329,IA0047741
19001095001,1124363,IA0070114
19001099001,1124366,IA0073326
16000016001,1128563,ID0023817
16000034001,1128581,ID0021211
16000082001,1128632,ID0022501
20000120001,1130129,KS0094226
20000150001,1130158,KS0022454
20000212001,1130201,KS0092142
20000442001,1130262,KS0085707
20000701001,1130363,KS0095737
20000722001,1130380,KS0024821
20000945001,1130453,KS0021393
20001310001,1130579,KS0022527
20001703001,1130677,KS0095508
29001079001,1133360,MO0107719
29001218001,1133550,MO0104248
29001236001,1133567,MO0053708
29002333001,1133786,MO0120081
29002402002,1133827,MO0099287
29004054001,1134072,MO0116246
21000001002,1139469,KY0021504
21000342001,1139746,KY0065889
23000038001,1142472,ME0101702
23000127001,1142565,ME0100871
44000031001,1144312,RI0100072
31000222001,1145789,NE0023922
31000485001,1145834,NE0031747
31001425001,1145948,NE0036820
27000286001,1148119,MN0023094
27000342001,1148163,MN0030848
27005405001,1148339,MN0020044
38000089001,1151341,NDG320206
37004102003,1153401,NC0047384
55009522001,1206867,WI0032123
24000065001,1214356,MD0020656
24000076001,1214389,MD0024562
36005011001,1220827,NY0021831
36005072001,1220882,NY0026484
36006047001,1220970,NY0027014
36008097001,1221284,NY0029726
36008287001,1221340,NY0160407
36009030001,1221354,NY0104795
36009082011,1221415,NY0022136
36009119001,1221474,NY0029963
55000280001,1229136,WI0026891
55001810001,1229174,WI0020800
31001960001,1230248,NE0042331
31002445001,1230264,NE0027910
31002620001,1230272,NE0023965
20000732001,1230901,KS0097535
20000733001,1230902,KS0047503
27003906001,1231536,MN0023973
17008602001,1232762,IL0027570
18000250001,1234175,IN0022292
18004132001,1234196,IN0040941
19000943001,1234694,IA0032646
21000064001,1235485,KY0020621
37002201001,1236365,NC0026697
37007809001,1236388,NC0027103
39000084001,1237810,OH0023833
39008757001,1237834,OH0028037
41000121001,1238052,OR0023639
06005234001,1238821,CA0084476
37007503001,1153615,NC0028975
37009002002,1153747,NC0069841
30000127001,1159179,MT0021555
30000130001,1159182,MT0022705
28000180001,1160222,MS0024805
41000106001,1164361,OR0028339
41000210001,1164431,OR0029203
47000690001,1166083,TN0026166
47000805003,1166116,TN0024341
47000940002,1166136,TN0020711
47003023001,1166270,TN0026263
22000715001,1168225,LA0036340
22003103001,1168363,LAG560101
22003122001,1168379,LA0117030
22003386001,1168557,LAG560106
49000050001,1170405,UTL025542
49000050001,1170405,UT0025542
49000238001,1170577,UT0020192
40000086001,1172500,OK0032573
40000099001,1172509,OK0026816
40000111001,1172520,OK0026085
40000313001,1172609,OK0030449
40000447001,1172692,OKG580002
40000643001,1172801,OK0020338
40000751001,1172853,OK0020346
06002011001,1175272,CA0037788
06002064001,1175324,CA0037826
06002127001,1175359,CA0038121
06003036001,1175401,CA0047961
06004007001,1175462,CA0056294
06007018001,1175927,CA0105023
06008085001,1176028,CA8000188
53000215001,1180772,WA0021113
53000925001,1180867,WA0020940
53001000001,1180892,WA0020346
53001280001,1180936,WA0037087
53001485001,1180963,WA0024023
53001585001,1180974,WA0024066
48001023001,1182891,TX0107867
48002056001,1183139,TX0075906
48004078005,1183389,TX0047210
48005096001,1183646,TX0054399
48007128001,1183942,TX0087271
48007175001,1183982,TX0084425
48007304001,1184058,TX0072591
48007444001,1184081,TX0056481
48007826003,1184289,TX0093564
48007854001,1184309,TX0032514
48008028001,1184372,TX0067881
48008031001,1184377,TX0026034
48008044001,1184391,TX0057509
51000005001,1192587,VA0021199
51000175001,1192769,VA0024040
51001400050,1193065,VA0089397
56000071001,1194827,WY0020273
26002057001,1088741,MI0020583
26005000001,1089060,MI0057529
25000147001,1092430,MA0100145
54001012001,1094766,WV0082261
54004202001,1095207,WV0020028
01000021001,1101849,AL0049603
05000078001,1104916,AR0041297
05000222001,1105050,AR0035751
05000306001,1105133,AR0021563
05000338001,1105156,AR0033715
05000696001,1105492,AR0037419
05000764001,1105552,AR0034738
13000012004,1108948,GA0039012
13000195009,1109213,GA0034584
13000196001,1109214,GA0024678
13000546001,1109345,GA0025887
13000635001,1109447,GA0021377
13000663001,1109482,GA0048011
13000670001,1109491,GA0032204
13000793001,1109616,GA0020893
17000112001,1113394,IL0031500
17000160001,1113439,IL0021849
17000234001,1113509,IL0021873
17000267001,1113542,IL0031852
17000379001,1113645,ILG580167
17001120001,1114048,ILG580245
17001312002,1114076,IL0030015
17001417001,1114093,IL0030031
17007213001,1114318,ILG580156
42005050001,1196527,PA0026841
55001441001,1206197,WI0029050
55004000001,1206570,WI0021661
55004060001,1206579,WI0020044
55009842001,1206974,WI0036251
36001004001,1220241,NY0026620
36002001007,1220311,NY0027073
36003046002,1220410,NY0022586
36003102001,1220529,NY0099368
36003169005,1220634,NY0026697
36004017001,1220709,NY0260819
36004101001,1220786,NY0026565
36005033001,1220847,NY0023329
36005036001,1220850,NY0020397
36007002001,1221048,NY0024414
36008143001,1221298,NY0023990
36009198001,1221489,NY0258270
48000131001,1227743,TX0053066
48004234001,1227859,TX0024911
48005126001,1227892,TX0072508
48005258001,1227895,TX0071021
55003650001,1229214,WI0032077
20000607001,1230889,KS0022403
20000748001,1230906,KS0022705
20001617001,1230953,KS0051926
27009301001,1231562,MN0022187
36003056001,1232111,NY0026310
36008119001,1232174,NY0160971
36009052001,1232185,NY0027570
17001604001,1232729,IL0029076
21000292001,1235514,KY0033847
37000702001,1236357,NC0020648
40000414001,1236873,OK0031011
22000005001,1237404,LA0039748
41000026001,1238042,OR0020591
24000300014,1238388,MD0058661
54004602001,1239030,WV0021822
48001124002,2844665,TX0116394
01200100003,2868352,AL0026913
51001400077,3109090,VA0089443
55000500000,3364331,WI0032026
39000088002,3364791,OH0055221
39000223002,3383455,OH0115711
08209000008,3500159,COG588016
18000331001,1120167,IN0055085
18000802001,1120216,IN0061506
18004254001,1120346,IN0020460
18004853001,1120424,IN0020541
18005351001,1120485,IN0021512
19000305001,1123714,IA0061841
19000440001,1123834,IA0038466
19000706001,1124071,IA0042994
19000721001,1124085,IA0033219
16000147001,1128675,ID0020249
20000148001,1130156,KS0036188
20000743001,1130394,KS0116653
20000934001,1130446,KS0028533
20000947001,1130454,KS0080861
29000893002,1133222,MO0033910
29002030001,1133646,MO0125369
29002211002,1133733,MO0114910
29003236001,1133934,MO0103322
29003479003,1133971,MO0109762
29003742001,1134007,MO0054623
29003781001,1134016,MO0054569
29004123001,1134134,MO0080667
29004135001,1134148,MO0039624
21000103001,1139567,KY0098027
39003908001,1081145,OH0136191
39004725001,1081222,OH0021466
39004977001,1081249,OH0136271
39006433001,1081452,OH0020273
39007343001,1081520,OH0020028
39007644001,1081547,OH0027405
26000238001,1088437,MI0020397
26000908001,1088643,MI0022497
26003060001,1088868,MI0020494
25000049001,1092352,MA0101311
25000062001,1092363,MA0100005
25000212001,1092497,MA0100137
50000050001,1094100,VT0100676
54000702001,1094752,WV0101702
54001601001,1094837,WV0020150
54002004001,1094896,WV0038776
54002012001,1094902,WV0023175
54002038001,1094913,WV0037486
54002302001,1094953,WV0038351
54002315001,1094959,WV0024678
54002919001,1095049,WV0105643
01000016001,1101844,AL0049867
01000046001,1101875,AL0043168
01000160001,1101991,AL0050903
01000197007,1102030,AL0022926
01000197011,1102033,AL0022934
02000109001,1104793,AK0021555
05000023003,1104893,AR0043389
05000221001,1105049,AR0035939
05000300001,1105127,AR0021709
05000386001,1105190,AR0049603
05000535001,1105335,AR0041548
13000163002,1109169,GA0024236
13000616001,1109426,GA0046388
13000847001,1109671,GA0031101
17000014001,1113306,ILG580161
17000083001,1113370,IL0027804
17000101001,1113384,IL0031453
17000232001,1113507,IL0021181
17000374001,1113642,ILG580012
17000490001,1113763,IL0031844
17000712001,1113985,IL0022586
17005710001,1114248,IL0042391
17007315001,1114330,ILG580166
17007514001,1114349,IL0031160
18000073001,1120103,IN0039772
18004373001,1120355,IN0023124
18005071001,1120450,IN0022721
18005771001,1120510,IN0022535
19000041001,1123489,IA0024457
19000194001,1123615,IA0035238
19000290001,1123701,IA0060313
19000398001,1123793,IA0020991
19000599001,1123981,IA0071064
19000618001,1123996,IA0040231
19000622001,1123999,IA0034282
19000686001,1124053,IA0082554
19000698001,1124065,IA0033456
19000705001,1124070,IA0057011
19000752001,1124108,IA0043672
19000814001,1124159,IA0035254
19000889001,1124229,IA0033065
19001047001,1124325,IA0058530
19001059001,1124333,IA0029009
19001071001,1124345,IA0020826
16000086001,1128636,ID0020397
16000135001,1128668,ID0023728
20000122001,1130131,KS0022365
20000179001,1130182,KS0081108
20000478001,1130293,KS0096873
20000508001,1130332,KS0080292
20000921001,1130433,KS0051675
29001011003,1133245,MO0049531
29001023005,1133281,MO0127949
29001026002,1133298,MO0103039
29001062001,1133343,MO0023191
29002192001,1133723,MO0054089
29002472001,1133860,MO0031658
29002512001,1133881,MO0040118
29003669001,1133992,MO0129674
48007022002,2870720,TX0096881
33000083001,2871365,NH0100234
48001288006,2882386,TX0021253
18004862002,2942364,IN0060917
39007420007,2982666,OH0036501
37009507002,3055829,NC0069761
48022012001,3173948,TX0075809
16000051001,3302894,ID0024503
39001199018,3328550,OH0123145
39000351005,3369036,OH0053490
36003098001,3479111,NY0105198
08209000078,3500230,CO0020443
53000525001,1238900,WA0021130
39000061003,3383290,OH0115240
08209000043,3500195,COG589012
54001207002,3504240,WV0101524
32000200807,3507994,NV0020150
39000161023,3524576,OH0142883
18120000019,3525043,IN0058289
24000090034,3537556,MD0023922
21000284001,372475,KY0026115
12000102012,476512,FL0039721
48007012005,1065730,TX0116581
08000059001,1066861,COG589102
17003303001,1114138,ILG582017
17009104001,1114400,IL0022179
17009917001,1114452,ILG580117
18000040001,1120086,IN0021431
18000153001,1120133,IN0022578
18003190001,1120296,IN0020681
18004391001,1120358,IN0040363
18004864001,1120431,IN0045802
19000048001,1123495,IA0035203
19000060001,1123505,IA0041246
19000274001,1123688,IA0062791
19000370001,1123768,IA0070564
19000411001,1123806,IA0027961
19000422001,1123816,IA0069124
19000427001,1123821,IA0076635
19000472001,1123863,IA0027995
19000515101,1123905,IA0073580
19000529001,1123918,IA0024481
19000567001,1123949,IA0023418
19000718001,1124082,IA0036099
19001024001,1124303,IA0072176
19001073001,1124347,IA0036170
16000004001,1128549,ID0021270
20000102001,1130114,KS0051641
20000746001,1130395,KS0047490
20001509001,1130630,KS0050733
20001522001,1130640,KS0116963
29001020001,1133269,MO0050652
29001088001,1133368,MO0104027
29001159001,1133484,MO0107883
17009016001,1114399,ILG580256
17009614001,1114434,IL0021717
17009911001,1114447,ILG580128
18004051001,1120319,IN0021253
18004272001,1120347,IN0039985
18004457001,1120365,IN0024716
18004751001,1120409,IN0024406
18004860001,1120429,IN0021172
19000012001,1123461,IA0024431
19000016001,1123465,IA0054046
19000319001,1123726,IA0025925
19000321001,1123727,IA0036081
19000340001,1123743,IA0062901
19000341001,1123744,IA0041912
19000346001,1123748,IA0040291
19000410001,1123805,IA0023442
19000412001,1123807,IA0021024
19000468001,1123860,IA0021296
19000471001,1123862,IA0036536
19000537001,1123924,IA0038610
19000542001,1123929,IA0057169
19000598001,1123980,IA0023434
19000687001,1124054,IA0035921
19000719001,1124083,IA0040266
19000758001,1124112,IA0061239
19000799001,1124147,IA0042951
19000854001,1124199,IA0076996
16000044001,1128590,ID0025101
16000063001,1128613,ID0020842
16000112001,1128652,ID0021202
29001008001,1133235,MO0089681
29001129001,1133409,MO0111708
29002497001,1133873,MO0023108
29003055001,1133908,MO0050598
29003510001,1133977,MO0056987
29003746001,1134013,MO0127604
29004038001,1134063,MO0093491
29004062001,1134079,MO0130052
29004593000,1134173,MO0109941
21000014002,1139479,KY0073377
21000060001,1139527,KY0052264
21000251001,1139676,KY0027685
21000254001,1139679,KY0091561
21000256001,1139681,KY0021245
23000158001,1142591,ME0100765
31000560001,1145842,NE0031640
31000730001,1145860,NE0129500
31000815001,1145868,NE0039811
31001980001,1146020,NE0021121
31002190001,1146041,NE0023787
27000201001,1148063,MN0021881
38000148001,1151394,NDG321750
38000245001,1151485,NDG321563
38000246001,1151486,NDG321547
38000247001,1151487,NDG223710
38000271001,1151511,ND0022519
38000281001,1151521,NDG122829
38000346001,1151582,NDG321831
38000356001,1151592,NDG323001
37002401001,1153270,NC0021865
37003905001,1153391,NC0026824
37004004001,1153396,NC0061492
37005301003,1153477,NC0024147
37007001001,1153591,NC0025011
30000174001,1159216,MT0021733
27000352001,1231508,MN0020567
36009005001,1232180,NY0031844
17000317001,1232712,ILG582012
17000606001,1232721,ILG580227
29002482001,1233262,MO0025259
29004158001,1233308,MO0103365
28000860001,1233744,MS0020699
40000370001,1236871,OKG580013
40000772001,1236897,OK0026972
41000224001,1238062,OR0020494
36001015009,2881308,NY0076988
48000017008,2884683,TX0025577
20001144001,2919025,KS0092151
18001005003,2924604,IN0047058
51001400067,3107388,VA0091146
21000221001,1139653,KY0073091
21000273001,1139696,KY0104043
23000025001,1142458,ME0100064
23000070001,1142507,ME0100625
23000120001,1142559,ME0101982
31000890001,1145875,NE0024384
31001785001,1145995,NE0049069
27000193001,1148055,MN0021784
38000006001,1151261,ND0023175
38000334001,1151570,NDG320907
38000350001,1151586,ND0025631
37001803001,1153229,NC0036196
37009101001,1153755,NC0020559
45000080001,1157011,SC0034584
28001225001,1160478,MS0025453
41000112001,1164365,OR0020354
41000226001,1164442,OR0022471
22000255001,1168185,LA0102440
22000360001,1168194,LA0055085
22003044001,1168320,LAG560095
22003114001,1168372,LA0038440
22003214001,1168452,LA0046809
40000035001,1172456,OK0032514
40000738001,1172848,OK0027154
06005244001,1175730,CA0081230
06007025001,1175933,CA0104493
53000326001,1180787,WA0020958
48001228001,1183008,TX0048038
48002025001,1183121,TX0111341
48003006001,1183170,TX0069191
48004003001,1183320,TX0026808
48004370001,1183539,TX0025755
48005016001,1183578,TX0032484
48005107001,1183653,TX0020036
48007008001,1183777,TX0046621
48007123001,1183938,TX0085383
48008033002,1184380,TX0022764
51000225003,1192849,VA0092134
51000257006,1192877,VA0022322
42000010001,1195351,PA0036978
42003041001,1196016,PA0024902
42004001001,1196224,PA0026034
55000300001,1206061,WI0031224
55009672001,1206919,WI0022802
24000063001,1214339,MD0021679
24000300290,1214510,MD0023477
36002001002,1220306,NY0026191
36006142001,1221032,NY0099091
36007056001,1221084,NY0024228
42004063002,1227216,PA0032557
42006099001,1227240,PA0020541
42004711101,468837,PA0020567
08000011001,1066818,CO0023850
08000176001,1066970,CO0023841
08000310001,1067093,CO0021695
08000317001,1067100,CO0048160
08000337001,1067123,COG589030
34001082001,1073312,NJ0021016
34001324001,1073421,NJ0108898
34005118001,1073746,NJ0022250
12000155001,1078316,FL0021466
39000091001,1080515,OH0127809
39000298001,1080712,OH0078271
39000312001,1080724,OH0130249
39004592001,1081190,OH0026093
39004711001,1081220,OH0053341
17001127001,1114051,IL0023523
17003608001,1114158,IL0040070
17007716001,1114378,ILG580218
18000054001,1120093,IN0042366
18003150001,1120291,IN0021008
19000001001,1123450,IA0035297
19000215001,1123634,IA0071943
19000231001,1123649,IA0080691
19000605001,1123985,IA0021989
19000642001,1124015,IA0057134
19000696001,1124063,IA0063347
19000715001,1124079,IA0044440
19000821001,1124166,IA0061603
19000824001,1124169,IA0035882
19001102001,1124368,IA0062073
16000007001,1128554,ID0021261
16000038001,1128584,ID0025852
20000143001,1130153,KS0116815
20000167001,1130172,KS0024619
20000435001,1130257,KS0024686
20001538001,1130650,KS0089746
29001023002,1133278,MO0025151
29001189004,1133516,MO0099252
29002056001,1133663,MO0094951
29002378001,1133816,MO0055158
29002497002,1133874,MO0023116
29004041001,1134064,MO0084972
29004071001,1134087,MO0135674
21000066001,1139532,KY0104540
21000118001,1139584,KY0022799
21000167001,1139608,KY0021172
21000259001,1139684,KY0092436
21000264001,1139690,KY0020419
21000285001,1139705,KY0034444
21000297001,1139713,KY0104400
23000136001,1142574,ME0100498
35000040001,1145051,NM0030295
31000900001,1145876,NE0042374
31001065001,1145904,NE0027359
31001370002,1145943,NE0021644
31002565001,1146076,NE0113212
27000168001,1148034,MN0021083
38000023001,1151276,NDG221326
38000164001,1151409,NDG322250
38000331001,1151567,NDG120141
38000348001,1151584,NDG122608
37002303001,1153254,NC0071943
37002601002,1153297,NC0050105
30000125001,1159177,MT0020494
30000147001,1159195,MTG580035
28000310003,1160257,MS0041874
41000057001,1164320,OR0031356
41000163001,1164404,OR0020770
41000307001,1164497,OR0020290
47000705001,1166088,TN0024813
47001465001,1166220,TN0023469
22000425001,1168196,LA0081124
22000800001,1168233,LA0039730
22001190001,1168265,LA0036323
22003152001,1168413,LAG560186
22003224001,1168464,LA0044059
24000057500,1214333,MD0067202
24000078001,1214390,MD0024317
36001009001,1220246,NY0023523
36003072008,1220485,NY0029017
36005024001,1220840,NY0024830
36005043001,1220857,NY0029173
42004031001,1227213,PA0023531
48003055001,1227808,TX0026867
48004203001,1227851,TX0027171
55004990001,1229247,WI0022471
55005350001,1229252,WI0032140
31002060001,1230251,NE0046281
27001118001,1231514,MN0023141
27009708001,1231568,MN0024210
29004050001,1233294,MO0107182
19000935001,1234693,IA0032808
22003179001,1237429,LAG570349
05000138001,1237647,AR0033979
06005279001,1238822,CA0077747
29002413001,1133833,MO0102083
29003549001,1133980,MO0114359
29003707001,1133996,MO0113026
29003866001,1134024,MO0099007
21000271001,1139694,KY0021067
21000272001,1139695,KY0028312
21000280001,1139702,KY0021270
21000392001,1139780,KY0055271
23000003001,1142433,ME0100633
23000069002,1142506,ME0102059
23000076001,1142514,ME0101915
31002360001,1146054,NE0023809
27000237001,1148093,MN0022870
27000314001,1148138,MN0056481
27005104001,1148326,MN0021687
27005501001,1148342,MN0053562
27009403001,1148481,MN0022195
27009502001,1148491,MN0023795
38000033001,1151286,NDG120290
38000150001,1151396,NDG323639
38000201001,1151444,NDG323060
38000290001,1151530,NDG322438
37006202001,1153528,NC0021504
37007807001,1153637,NC0027120
37007902001,1153664,NC0024881
37009203003,1153765,NC0065102
37009601001,1153786,NC0023949
41000187001,1164419,OR0020478
41000249001,1164463,OR0022420
47000075001,1165975,TN0063932
22000050001,1168169,LA0038504
22000285001,1168189,LA0041254
22003226001,1168465,LA0044032
40000613001,1172787,OKG580065
40000814001,1172885,OK0028339
06001010005,1175180,CA0024449
06005249003,1175735,CA0078671
46000399001,1179275,SD0021962
53000720001,1180838,WA0024040
48001125001,1182927,TX0025461
48003082001,1183233,TX0052841
48003120001,1183264,TX0032379
48007161001,1183970,TX0081264
48007165001,1183973,TX0085332
48007852001,1184307,TX0069469
51000061001,1192650,VA0026441
51000080004,1192669,VA0060844
51000171004,1192751,VA0065552
51000257013,1192883,VA0062481
54004402001,1095233,WV0020095
54004502001,1095242,WV0024732
33000022001,1100916,NH0100145
33000055001,1100946,NH0100650
01000078001,1101909,AL0058947
01000197004,1102028,AL0023027
01000255002,1102084,AL0063797
01000272001,1102100,AL0021113
01000421001,1102228,AL0049921
05000195001,1105025,AR0021482
05000489001,1105273,AR0039381
05000544001,1105344,AR0022152
05000571001,1105371,AR0041815
05000716001,1105512,AR0039659
05000757001,1105545,AR0022322
13000167001,1109173,GA0025895
13000558002,1109357,GA0024074
17000097001,1113380,IL0020974
17000302001,1113571,IL0039411
17001902001,1114115,IL0032832
17003401001,1114143,IL0065188
17005005001,1114190,ILG580237
17009420001,1114422,ILG580192
17009901001,1114441,IL0023639
18000075001,1120105,IN0023825
49000078001,3216290,UT0024601
05000726002,3237768,AR0048747
08000120002,3418788,CO0021571
54001720002,3514798,WV0081001
39000161005,3516396,OH0140392
12000245005,3527536,FL0040207
48004354017,3534356,TX0123901
21000736002,3539656,KY0056561
21000736003,3539678,KY0102971
55003555001,3541776,WI0036536
42000072002,395137,PA0058742
45041603004,400151,SC0048348
55003650003,403651,WI0049816
37009002005,416249,NC0069523
12000126022,484560,FL0039829
08000278001,1067066,COG589065
08000291001,1067079,CO0031844
04002115001,1069586,AZ0021199
12000056007,1078177,FL0028061
39000014001,1080436,OH0023825
39000085001,1080509,OH0023531
39000301001,1080714,OH0054488
39000388001,1080801,OH0022446
39001225001,1080890,OH0024295
22003359001,1168542,LA0033031
22003418001,1168582,LAG570126
49000132001,1170480,UT0021814
49000132001,1170480,UTL021814
49000147001,1170493,UT0025224
40000064001,1172484,OKG580024
40000093001,1172505,OKG380024
40000375001,1172650,OK0032255
53000080001,1180749,WA0023744
53000820001,1180854,WA0024074
48001294001,1183043,TX0023477
48003031001,1183194,TX0020451
48003044001,1183209,TX0052990
48003087001,1183237,TX0117722
48005067001,1183616,TX0022578
48007027001,1183804,TX0047309
48007039017,1183828,TX0063029
48007200001,1183994,TX0046833
51000026001,1192618,VA0026808
51000127001,1192706,VA0021326
51000160001,1192729,VA0089206
42003002001,1195983,PA0026077
39008374004,1081628,OH0039144
26000063001,1088348,MI0020796
26000463001,1088525,MI0020591
26000466001,1088529,MIG610369
26001002001,1088658,MI0022284
26002119001,1088784,MIG580285
26002120001,1088785,MIG580314
26002125001,1088789,MI0055514
25000067001,1092368,MA0100455
25000070001,1092369,MA0100595
50000004001,1094054,VT0100889
54000102001,1094689,WV0040843
54001015001,1094770,WV0021776
54001022001,1094778,WV0044041
54002608001,1094999,WV0086886
05000003002,1104855,AR0020303
05000116001,1104950,AR0021873
05000185001,1105016,AR0021466
05000770001,1105557,AR0044954
13000399002,1109289,GA0030121
13000667001,1109486,GA0023931
17000408001,1113677,ILG580141
17001418001,1114094,IL0020184
17001815001,1114114,IL0029319
17003816001,1114173,IL0031429
17005326001,1114223,IL0020206
17005910001,1114275,ILG580023
17007503001,1114339,IL0030155
18000086001,1120110,IN0032867
18004712001,1120402,IN0022683
18004831001,1120417,IN0039276
18005174001,1120466,IN0024023
19000113001,1123547,IA0027405
19000214001,1123633,IA0035181
19000390001,1123786,IA0021954
19000462001,1123854,IA0025950
19000900001,1124238,IA0047953
19000904001,1124241,IA0069167
19000909001,1124246,IA0036994
19000915001,1124252,IA0075353
19000934001,1124267,IA0034291
16000070001,1128620,ID0020354
16000130001,1128665,ID0020028
16000191001,1128715,ID0022012
20000729001,1130384,KS0022675
20000916001,1130431,KS0027898
20001316001,1130585,KS0038491
29001030002,1133306,MO0125598
29001068001,1133350,MO0110817
29001070001,1133352,MO0096920
29001237021,1133588,MO0098442
29002107001,1133685,MO0129755
29002405001,1133829,MO0030805
29004091001,1134101,MO0022985
21000160001,1139602,KY0025747
23000056001,1142491,ME0100803
23000097001,1142536,ME0100200
23000175001,1142608,ME0100986
35000028001,1145037,NM0023311
31000625001,1145848,NE0049131
31000680001,1145854,NE0024295
31001815001,1145998,NE0040045
31002300001,1146052,NE0047287
27000001002,1147878,MN0029882
38000047001,1151300,NDG320915
38000051001,1151304,ND0020371
38000129001,1151376,NDG322993
38000165001,1151410,NDG320711
38000264001,1151504,NDG120150
37003601002,1153360,NC0020184
37006102001,1153523,NC0021423
08000075001,1066879,CO0026247
08000380001,1067146,COX035891
09000410001,1071814,CT0101761
09000930003,1071886,CT0100366
09001650001,1071970,CT0101591
39000011001,1080433,OH0050784
39000121001,1080545,OH0136115
39001834001,1080964,OH0024767
39004382001,1081177,OH0021652
39005558001,1081297,OH0026662
27000251001,1148105,MN0049794
27000360001,1148177,MN0020826
27001902001,1148243,MNG580023
27009302001,1148472,MN0021016
38000058001,1151311,NDG221911
38000140001,1151387,NDG321873
38000296001,1151536,NDG320869
30000003001,1159079,MT0020184
28000480001,1160302,MS0020818
41000042001,1164304,OR0020559
47000225001,1166002,TN0024937
47001450001,1166218,TN0062201
22000490001,1168200,LA0038822
22000940001,1168243,LA0095222
22003347001,1168534,LA0046051
22003384001,1168556,LA0038393
49000002001,1170360,UT0022365
49000002001,1170360,UTL022365
49000029001,1170386,UT0020249
49000146002,1170492,UT0024414
40000324001,1172618,OK0029084
40000406001,1172666,OK0037788
40000675001,1172820,OK0028622
40000744001,1172851,OK0029181
06002008001,1175269,CA0037621
46000467001,1179326,SD0023655
53000155001,1180761,WA0032182
53000835001,1180857,WA0022586
53001790001,1181002,WA0044822
48001009001,1182879,TX0026751
48001223001,1183004,TX0024147
48001249001,1183026,TX0054101
48003033002,1183197,TX0046981
48003041002,1183208,TX0093262
48006017001,1183688,TX0024171
48007039003,1183822,TX0034924
48007040001,1183858,TX0100331
48007048003,1183868,TX0047881
48007402001,1184063,TX0020621
48007556001,1184140,TX0076856
48007654001,1184198,TX0021211
51000089001,1192676,VA0029254
42000072001,1195410,PA0026166
42001073002,1195573,PA0043885
42005086001,1196585,PA0095087
55003360001,1206481,WI0020061
55003610001,1206516,WI0025020
55005380001,1206739,WI0021938
19000788001,1124136,IA0032662
19000842001,1124187,IA0036609
35000000016,493879,NM0029041
08000118001,1066918,CO0022730
08000223001,1067013,CO0048437
08000269001,1067058,COG589007
09000570001,1071832,CT0100234
09000740001,1071863,CT0100803
34001053001,1073306,NJ0024953
12000135001,1078291,FLA147222
12000302001,1078409,FL0040061
39000133001,1080557,OH0095435
39001666002,1080951,OH0024651
39002969018,1081073,OH0043494
39003369001,1081108,OH0025453
18000228001,1120146,IN0021423
18004053001,1120321,IN0039349
18004172001,1120334,IN0020354
18004538001,1120376,IN0036978
18004835001,1120420,IN0023795
18004917001,1120439,IN0024848
19000143001,1123571,IA0022268
19000202001,1123622,IA0048003
19000212001,1123632,IA0072745
19000389001,1123785,IA0041254
19000570001,1123952,IA0026654
19000604001,1123984,IA0026611
19000672001,1124044,IA0043869
19000697001,1124064,IA0033073
19000701001,1124067,IA0033227
19000776001,1124126,IA0042935
19000902001,1124239,IA0036625
19001014001,1124293,IA0032492
16000186001,1128710,ID0021997
16000259001,1128777,ID0027693
20000142001,1130152,KS0090921
20000605001,1130346,KS0048399
20000840001,1130410,KS0047546
20000911001,1130427,KS0089664
20001107001,1130503,KS0094145
29001063001,1133344,MO0055352
29001078001,1133359,MO0095907
29001097001,1133376,MO0105627
29002313001,1133778,MO0025305
29002331001,1133784,MO0114928
29002366001,1133806,MO0124702
29003585001,1133982,MO0099431
29003730001,1134006,MO0118192
21000190001,1139627,KY0104931
21000253001,1139678,KY0026379
23000029002,1142463,ME0102431
31000079001,1145762,NE0051489
31000250001,1145799,NE0112887
31000720001,1145859,NE0024341
31001048001,1145903,NE0021661
27000231001,1148089,MN0023329
27007907001,1148436,MN0020923
27009212001,1148463,MN0022128
38000154001,1151399,NDG123159
38000327001,1151563,NDG123043
38000366001,1151602,NDG220303
37004207001,1153413,NC0023337
37007812001,1153640,NC0025577
30000079001,1159141,MT0020371
30000091001,1159151,MT0022551
28000990001,1160414,MS0021008
41000274001,1164482,OR0020664
41000286001,1164492,OR0020877
47000246001,1166007,TN0021253
47000735001,1166095,TN0028789
47000760001,1166103,TN0023582
47000850001,1166122,TN0025101
47000890001,1166127,TN0025020
47000975001,1166144,TN0025372
47001080001,1166162,TN0024155
22000675004,1168220,LA0066800
22000950001,1168244,LA0120201
28000285001,1160252,MS0039560
47000180001,1165990,TN0062014
47000795001,1166112,TN0020494
47000940001,1166135,TN0020729
47000955001,1166140,TN0021067
22000620001,1168216,LA0043605
22001045001,1168256,LA0075329
22001195001,1168266,LA0032999
22003015001,1168297,LA0043931
22003354001,1168539,LA0038431
40000018001,1172438,OK0027715
40000334001,1172626,OK0021911
40000688001,1172826,OK0028924
06001015001,1175184,CA0024490
06001041001,1175206,CA0022756
06002012001,1175273,CA0037834
06002025001,1175283,CA0037648
06003068001,1175436,CA0048089
06005243001,1175729,CA0078981
42005242003,1196737,PA0046906
55000680001,1206098,WI0020443
55000700001,1206100,WI0022136
55001470001,1206215,WI0023850
55005110001,1206713,WI0025739
55009711001,1206931,WI0031968
24000095001,1214425,MD0051721
36003012001,1220346,NY0025429
36003055001,1220419,NY0034436
36007086001,1221094,NY0021466
36007089001,1221095,NY0244287
36008066001,1221264,NY0021873
36008070001,1221267,NY0029289
36008086001,1221277,NY0023612
48003096001,1227821,TX0026662
55000090001,1229128,WI0023183
55001030001,1229156,WI0022039
55003010001,1229203,WI0020150
31001711001,1230237,NE0048046
20000214001,1230868,KS0095745
20001108001,1230922,KS0085693
20001331001,1230934,KS0091758
36006033001,1232140,NY0031461
36007176001,1232159,NY0214370
29002389001,1233254,MO0040177
18000061001,1234172,IN0023183
18004153001,1234199,IN0022942
47000600001,1235045,TN0020621
05000203001,1237649,AR0021971
30000062001,1238241,MT0020311
24000026001,1238371,MD0020681
24000300086,1238389,MD0020605
48004354012,2808161,TX0123561
44000260011,2835100,RI0100056
36003151002,2867840,NY0101885
02000102001,2961902,AK0023213
34001112003,3106582,NJ0027669
45000614036,3159951,SC0047309
39004888002,3280870,OH0121088
55004050001,1206577,WI0031569
55005240001,1206724,WI0020923
24000300032,1214447,MD0020982
36001021001,1220294,NY0020061
36003141001,1220586,NY0109061
36003166001,1220626,NY0065706
36005008002,1220819,NY0183636
36006030002,1220958,NY0215791
36007227001,1221190,NY0026638
36008170001,1221309,NY0024007
36009050001,1221371,NY0026409
48003126001,1227827,TX0054429
48004094001,1227847,TX0024503
48004207001,1227852,TX0023213
48006053001,1227899,TX0024368
55009596001,1229258,WI0030881
20001417001,1230937,KS0098655
36003054001,1232110,NY0026433
36006116002,1232147,NY0023337
36009133001,1232195,NY0021504
39005978001,1081330,OH0026735
39006611002,1081462,OH0036234
39008371001,1081625,OH0094684
39008374003,1081627,OH0070815
26000079001,1088355,MIG580388
26002019001,1088728,MI0044423
26002050001,1088738,MI0021695
26004032001,1089051,MIG580067
25000028001,1092331,MA0100765
54000101001,1094688,WV0029289
54002018001,1094906,WV0050610
54002022001,1094907,WV0029530
54003909001,1095158,WV0027481
01000074001,1101906,AL0055841
01000140001,1101974,AL0023205
01000256001,1102085,AL0050261
01000300001,1102125,AL0020150
05000307002,1105134,AR0033430
05000366001,1105181,AR0046272
05000466001,1105255,AR0039675
05000580001,1105380,AR0034584
05000707001,1105504,AR0041742
13000602001,1109411,GA0023957
13000608001,1109417,GA0037427
13000613001,1109423,GA0026115
13000621001,1109432,GA0031933
17000098001,1113381,IL0023108
17000184001,1113461,IL0060569
17000233001,1113508,IL0024813
17000246001,1113526,IL0025291
17000406001,1113676,IL0025208
17001805001,1114109,ILG580032
17001813001,1114112,IL0028169
17003313001,1114141,IL0025143
17009915001,1114450,ILG582002
18000006001,1120061,IN0036951
18000063001,1120099,IN0032972
18001006001,1120240,IN0035521
18003120001,1120289,IN0022446
18004155001,1120332,IN0020141
18004171001,1120333,IN0021644
18004591001,1120381,IN0021300
18005031001,1120448,IN0039934
15000003010,1123270,HI0020877
19000133001,1123561,IA0036633
19000149001,1123575,IA0031216
19000457001,1123849,IA0035963
19000546001,1123933,IA0023451
19000592001,1123973,IA0047970
19000716001,1124080,IA0047775
19000949001,1124280,IA0041262
16000109001,1128649,ID0022004
16000163001,1128691,ID0023027
20000134001,1130145,KS0100111
20000189001,1130190,KS0027880
20000742001,1130393,KS0031283
20000954001,1130459,KS0097560
20001536001,1130648,KS0021890
20001537001,1130649,KS0081264
20001557001,1130658,KS0086207
29001055001,1133335,MO0030821
29001098001,1133377,MO0106275
29002006001,1133626,MO0107042
29002211007,1133737,MO0109177
29002293001,1133767,MO0021423
29003867001,1134026,MO0090654
29004051001,1134069,MO0125601
29004064002,1134082,MO0022071
21000074001,1139539,KY0024317
21000075001,1139540,KY0026701
21000232001,1139661,KY0027456
21000242001,1139670,KY0020931
21000295001,1139711,KY0021024
21000304001,1139718,KY0025925
23000094001,1142533,ME0100901
35200900304,3514117,NM0020303
01000312001,3520376,AL0055255
17002068001,3521236,IL0068764
18120000002,3524856,IN0061310
29002211006,3530636,MO0115401
29001239105,3536857,MO0131300
35201200021,3539636,NN0021016
24000022002,3508035,MD0022641
39000118004,3514280,OH0142085
54000215001,3537956,WVG550858
21000086002,1139552,KY0074951
55000000181,3610554,WI0061093
21000382002,490899,KY0106143
08000046001,1066850,CO0020737
08000078001,1066882,CO0046574
08000116001,1066917,CO0020478
09000150001,1071783,CT0100056
09000360001,1071808,CT0101745
09000510001,1071824,CT0101044
09000641002,1071842,CT0100994
09001260001,1071924,CT0100714
09001330001,1071933,CT0100978
09001370001,1071938,CT0100544
09001390001,1071943,CT0100552
34002519001,1073601,NJ0026387
34004230001,1073718,NJ0025160
34009496001,1073962,NJ0053350
12000015001,1078130,FL0020427
12000197001,1078354,FL0169978
39003486001,1081117,OH0020923
39004243001,1081159,OH0026018
39007560001,1081541,OH0027383
39007707001,1081551,OH0027430
39009149001,1081718,OH0028177
26000148001,1088387,MI0027898
17000664002,410534,IL0066257
27044000112,422338,MN0066371
29001237048,460549,MO0053376
35000000018,493901,NM0022101
10000018001,1066466,DE0021512
08000157002,1066951,COG650086
46000006001,1179114,SD0022101
53000575001,1180808,WA0023159
53000745001,1180841,WA0022497
53000982002,1180882,WA0039624
53002010001,1181022,WA0038075
48000130001,1182816,TX0024058
48001123001,1182925,TX0057592
48001207001,1182987,TX0025682
48001216001,1182995,TX0110337
48003097001,1183244,TX0020303
48003122001,1183266,TX0056189
48004209001,1183463,TX0075442
48004362001,1183532,TX0047686
48005079001,1183628,TX0057011
48005108001,1183654,TX0023558
48005262001,1183668,TX0053538
48006047002,1183710,TX0025895
48007081001,1183905,TX0020079
48007694001,1184220,TX0023515
48008030001,1184376,TX0023094
48009518001,1184519,TX0085588
51000073001,1192659,VA0076830
51000094001,1192678,VA0061859
51000133001,1192711,VA0026239
51000226001,1192851,VA0062812
51000275001,1192900,VA0088161
42000068001,1195405,PA0026603
42003071001,1196045,PA0023744
42004111001,1196336,PA0110469
55000719001,1206108,WI0021601
55002750001,1206378,WI0060488
55003770001,1206546,WI0036048
55005230001,1206723,WI0020389
24000010001,1214173,MD0020672
24000105001,1214431,MD0020486
36001006001,1220243,NY0026999
36003169009,1220638,NY0026786
36004001001,1220689,NY0031534
36004066001,1220766,NY0022772
36005003001,1220813,NY0255971
36005021001,1220837,NY0020222
36005092001,1220897,NY0255726
36006118001,1221027,NY0257613
36007033001,1221075,NY0025241
36007186001,1221168,NY0036749
36008087001,1221278,NY0029475
36009002001,1221342,NY0022357
36009155001,1221487,NY0100242
48006139001,1227905,TX0075701
55000460001,1229141,WI0021229
55000580001,1229143,WI0023400
55001200001,1229160,WI0020788
55001440001,1229166,WI0022004
55002350001,1229190,WI0028070
31000020001,1230163,NE0026573
31001415001,1230220,NE0042668
08000284001,1067072,CO0044849
08000352001,1067133,CO0035769
08000405001,1067150,COG650036
09000540001,1071828,CT0100226
12000060001,1078182,FL0026603
12000092001,1078222,FL0020541
12000119001,1078267,FL0027839
12000214001,1078363,FL0023922
39000021001,1080443,OH0020583
39000319001,1080730,OH0041840
39004025001,1081149,OH0025917
39006559001,1081460,OH0021008
39009072001,1081699,OH0028134
26000229001,1088430,MI0048577
26000235001,1088434,MI0020192
26000459001,1088519,MI0020389
26000717001,1088624,MI0024066
26002032001,1088729,MI0057676
26002059001,1088743,MI0020036
26003065001,1088872,MI0020265
17000052001,1232695,IL0030384
17000344001,1232714,IL0027685
17007117001,1232753,IL0024457
18001051001,1234183,IN0062553
18003020001,1234191,IN0021270
19000146001,1234641,IA0059005
19000657001,1234673,IA0032531
47000045001,1235030,TN0078603
47001215001,1235072,TN0020672
47001460001,1235082,TN0064777
21000312001,1235518,KY0028355
21000389001,1235527,KY0066541
54001703001,1239023,WV0023302
26003160001,1239224,MIG580011
01000770001,1239407,AL0074616
39001227001,2806230,OH0041378
36006093001,2811843,NY0030732
25000060001,2946483,MA0101630
29002212005,3061088,MO0126241
22009079036,3189789,LAG560122
08209000050,3500202,CO0024007
08209000062,3500214,COX038156
35200900001,3501840,NM0026395
50000012008,3507720,VT0100463
18080000025,3520484,IN0109592
17002077001,3527077,IL0021636
29002214009,3536983,MO0113395
29002214015,3537398,MO0126691
54000216001,3537957,WVG550914
13000999020,3538416,GA0039047
08112000000,418681,CO0042030
30000182001,1159223,MTG589006
41000129001,1164378,OR0029050
41000305001,1164496,OR0022616
22000420001,1168195,LA0064378
22001385001,1168278,LA0020061
22003042002,1168319,LA0053261
22009051011,1168638,LA0042048
40000049001,1172470,OK0028185
40000441001,1172688,OKG580035
40000456001,1172700,OK0021865
40000705002,1172833,OK0028347
06001009001,1175176,CA0023043
06005367001,1175794,CA0084239
53000150001,1180760,WA0020834
53000977004,1180879,WA0045373
53001280003,1180938,WA0037214
48007118001,1183935,TX0091979
48007135001,1183949,TX0020206
48007189001,1183991,TX0062235
51000424001,463916,VA0091588
10000011001,1066439,DE0020338
08000016001,1066822,CO0040533
08000037001,1066840,CO0047627
08000084001,1066888,CO0040339
08000216001,1067008,CO0024082
04001903002,1069550,AZ0024937
09000250001,1071796,CT0100081
09000591001,1071836,CT0101184
09000880001,1071881,CT0100641
09000920001,1071885,CT0100331
34002100002,1073524,NJ0035319
34003080001,1073642,NJ0024520
34003503001,1073667,NJ0022918
34007032001,1073861,NJ0024759
34008050001,1073900,NJ0020915
12000001001,1078092,FL0031771
12000303001,1078410,FL0042315
39000045001,1080468,OH0050130
39000268001,1080684,OH0048259
39000362001,1080774,OH0025321
39000770001,1080844,OH0020648
39001660009,1080934,OH0049361
39001673001,1080956,OH0024678
39003045001,1081081,OH0029122
39003815001,1081133,OH0025852
39005051001,1081255,OH0026395
39006125001,1081430,OH0026778
39006770002,1081478,OH0090131
39007413001,1081523,OH0027332
26000138001,1088379,MI0053317
26000479001,1088542,MIG580344
26000932001,1088652,MI0027383
26003017001,1088831,MIG570076
26004004001,1088991,MI0043800
25000002001,1092308,MA0100552
25000078001,1092375,MA0101788
50000043001,1094093,VT0100196
54002716001,1095017,WV0023094
54002717001,1095018,WV0024864
01000071001,1101903,AL0023582
01000075001,1101907,AL0070661
01000123001,1101954,AL0064394
01000190001,1102021,AL0021491
01000270001,1102099,AL0047503
01000276002,1102105,AL0031925
01000325001,1102142,AL0057592
02000125001,1104805,AK0021547
05000071001,1104909,AR0021431
05000199001,1105029,AR0022195
05000305001,1105132,AR0046566
05000335001,1105154,AR0036536
05000484002,1105268,AR0034142
05000516001,1105316,AR0022128
13000095001,1109098,GA0020915
13000181001,1109189,GA0025607
13000211002,1109245,GA0020222
13000597001,1109405,GA0047139
13000610001,1109420,GA0050105
13000645001,1109463,GA0037974
13000745001,1109570,GA0036919
48000120001,1227741,TX0053961
48007423001,1227920,TX0056707
55000250001,1229134,WI0023272
55000750001,1229147,WI0022926
55001230001,1229161,WI0020354
55002960001,1229202,WI0024678
31001945001,1230247,NE0029157
20000734001,1230903,KS0080152
20000944001,1230919,KS0051691
27005407001,1231542,MN0024449
27005514001,1231545,MN0047287
27008403001,1231558,MN0040631
36007063001,1232155,NY0030597
17000103001,1232696,IL0021016
17007201001,1232755,IL0026701
29004009001,1233289,MO0120111
19000222001,1234648,IA0070742
37009402001,1236401,NC0020028
40000095001,1236861,OK0022756
40000550001,1236881,OKG580048
41000079001,1238049,OR0026212
41000168001,1238057,OR0020052
24000018002,1238370,MD0021725
36001015020,2885362,NY0226688
25000073001,2990804,MA0100633
04000000002,3014025,AZ0023116
04000000002,3014025,AZ0015879
13000062008,3387534,GA0038326
21000056004,3413413,KY0107239
29003210101,3476951,MO0126101
18120000017,3525041,IN0063258
13000999024,3539598,GA0038709
48001151004,411058,TX0114855
35000000022,494026,NM0030520
08000049001,1066853,COG588058
08000266001,1067055,CO0046370
08000290001,1067078,CO0041432
09000331001,1071805,CT0100307
12000045001,1078160,FL0033251
39000038001,1080460,OH0047783
39000381001,1080794,OH0021334
39002969009,1081066,OH0028916
39005033001,1081254,OH0022209
39005187001,1081269,OH0021423
39006770001,1081477,OH0038768
39007290001,1081515,OH0102016
39007672001,1081548,OH0027421
39008072027,1081600,OH0033901
39008197001,1081608,OH0027723
26000013001,1088324,MIG580260
26000173001,1088409,MIG580324
26000359004,1088490,MI0055697
26000436001,1088503,MIG580065
26002147001,1088800,MI0042501
19000272002,3518857,IA0069469
08201200095,3531096,CO0044211
12000172022,3532478,FL0044253
29000895001,3534337,MO0090841
29002214003,3536977,MO0108251
26000220000,3538116,MI0057679
50000041001,391380,VT0100188
39000395001,433267,OH0132691
26003132001,1088919,MIG580216
26003133001,1088920,MIG580218
26004005011,1089009,MI0021156
26004005011,1089009,MI0036072
26004022001,1089044,MIG570217
25000262001,1092543,MA0101567
50000042001,1094092,VT0100684
54000505001,1094737,WV0084182
54000513001,1094741,WV0026832
54001501001,1094826,WV0021768
02000106002,1104789,AK0022543
05000336001,1105155,AR0034363
05000603001,1105403,AR0035840
05000685001,1105482,AR0034657
13000022001,1108973,GA0026158
13000098001,1109101,GA0033529
13000537001,1109335,GA0021008
17000016001,1113309,IL0029165
17000410001,1113679,ILG580149
18000004001,1120059,IN0024589
18000301001,1120160,IN0060461
18000458001,1120191,IN0040223
18000506001,1120195,IN0025631
18002040001,1120264,IN0032336
18003350001,1120311,IN0020842
18004052001,1120320,IN0021075
18004753001,1120411,IN0040495
18005354001,1120487,IN0020001
19000057001,1123503,IA0057762
19000129001,1123559,IA0027197
19000308001,1123716,IA0028991
19000455001,1123847,IA0062162
19000475001,1123866,IA0026620
19000485001,1123875,IA0025909
19000591001,1123972,IA0023574
19000806001,1124154,IA0084018
19000825001,1124170,IA0080985
19000837001,1124182,IA0033774
19000893001,1124232,IA0043001
19001034001,1124313,IA0072991
16000142001,1128672,ID0020061
16000171001,1128697,ID0020010
20000479001,1130294,KS0083372
20001206001,1130537,KS0095567
20001511001,1130632,KS0116947
29001011002,1133244,MO0024929
29001011009,1133250,MO0048313
29001094001,1133374,MO0096679
29001229005,1133560,MO0106844
29002404001,1133828,MO0112704
29003039001,1133895,MO0126292
29004069001,1134086,MO0050296
21000073001,1139538,KY0020940
21000114004,1139577,KY0025810
21000173001,1139614,KY0090719
21000245001,1139672,KY0026093
21000377001,1139767,KY0022926
23000049001,1142484,ME0100307
23000060001,1142497,ME0100471
23000126001,1142564,ME0100285
35000034001,1145048,NM0024163
31000235001,1145797,NE0046094
31000665001,1145853,NE0045136
31001030001,1145900,NE0047376
31002085001,1146032,NE0046299
27000151001,1148018,MN0021857
42000094002,1195428,PA0026671
42004004001,1196228,PA0110361
55001460001,1206209,WI0020397
55002210001,1206297,WI0022896
55003190001,1206454,WI0022306
55004420001,1206632,WI0022071
24000041001,1214277,MD0020427
24000066001,1214363,MD0020001
36003112001,1220545,NY0030252
36003143002,1220589,NY0145564
36005010004,1220823,NY0255751
36005055001,1220866,NY0131555
36005057001,1220868,NY0024929
36005148001,1220921,NY0030066
36006002001,1220932,NY0024554
36006049001,1220972,NY0025984
36006101001,1221018,NY0033561
48007460001,1184087,TX0078891
48007516001,1184117,TX0046779
48008057001,1184402,TX0102032
48009045001,1184491,TX0021555
51000020003,1192609,VA0020940
51000165001,1192737,VA0020346
51000224001,1192847,VA0061549
42001075001,1195575,PA0070351
42002221001,1195934,PA0021814
42005002001,1196445,PA0023701
55001140001,1206154,WI0032522
55002810001,1206386,WI0024601
55002840001,1206392,WI0026182
55003170001,1206453,WI0024821
55004860001,1206669,WI0020966
55004890001,1206672,WI0026590
55009718001,1206936,WI0022837
55009947001,1207012,WI0031691
24000048025,1214302,MD0025089
24000050001,1214308,MD0020257
24000090030,1214417,MD0020796
36003053003,1220416,NY0247782
36007009001,1221054,NY0029211
36008065001,1221263,NY0024678
36009008001,1221344,NY0269573
36009116001,1221468,NY0026280
48003072001,1227814,TX0057045
48005039001,1227876,TX0025020
48007518001,1227925,TX0026255
55000050001,1229126,WI0020745
55004160001,1229227,WI0028835
31002217001,1230256,NE0031763
27008215001,1231556,MN0021776
28001110001,1233751,MS0020958
47001445001,1235081,TN0078271
39006167001,1237827,OH0052604
24000031001,1238374,MD0021598
48000004007,2827220,TX0104957
26000058001,2870812,MI0023400
06008010005,3486593,CA8000409
39001953001,1080972,OH0020664
39002969027,1081077,OH0028894
39003451001,1081115,OH0021440
39003906001,1081138,OH0025887
39006734001,1081474,OH0027065
39008897001,1081678,OH0021857
26000440001,1088504,MI0035637
26003103002,1088900,MI0020061
26003130001,1088917,MIG580368
25000037001,1092339,MA0100986
50000008001,1094059,VT0100021
54000208002,1094703,WV0082759
54002011001,1094901,WV0021784
54002708001,1095013,WV0082627
54003031001,1095067,WV0100323
01000186001,1102019,AL0024171
01000209001,1102048,AL0068551
01000240001,1102069,AL0022594
05000001008,1104851,AR0021806
05000241001,1105069,AR0040096
05000353001,1105168,AR0021628
05000484001,1105267,AR0034169
13000062005,1109060,GA0020427
13000187001,1109197,GA0050211
13000209001,1109242,GA0024112
13000565001,1109364,GA0020923
54002035001,3060308,WV0035068
13000000849,3614175,GA0038741
48002076001,1183151,TX0118087
13000000866,3614314,GAJ020240
48000017007,1067567,TXR1523IF
48005272001,1183671,TXR15764V
05000000090,3613420,AR0045047
21000086002,1139552,KY0078298
13000006016,1108936,GAJ020036
13000006016,1108936,GAR154326
48001231001,1183010,TX0104205
48001719602,3375716,TX0098914
51000000217,3613665,VA0088978
39000288009,3542464,OH0150622
13000000841,3613874,GAJ040033
05000000111,3614037,AR0038121
54003412001,1095121,WVG413218
02000183001,1216395,AKG573028
55009779001,1206949,WI0060089
39000000161,3609169,OH0021458
20001114001,1230923,KS0096610
13000999034,3542241,GAJ020039
54000208022,3407016,WVG640112
48004222001,1183474,TX0132144
20001025001,1130492,KS0095222
48001211003,2913205,TXR1503CQ
48006009006,1183680,TX0133833
48151251001,2882440,TXS001202
39000000160,3609008,OH0140147
48001203011,419881,TX0047066
05000000088,3613402,AR0050571
17002059001,3519257,ILG870787
55009905001,1206994,WI0031992
17000430002,3502543,ILG580099
48008043001,1184390,TX0138258
05000000084,3613300,AR0050431
20001103001,1130499,KS0087426
02000366001,1104827,AK0053813
02000184001,1216396,AKG573027
55000000194,3610583,WI0028142
48005229001,2807320,TX0137456
39008100001,3529477,OH0030643
20000132001,1130140,KS0100790
51000000218,3613666,VA0061310
48001186001,2958243,TX0140988
48003134001,3164008,TX0133761
48071109001,3123868,TX0126004
13000652001,1109471,GAJ020157
48071103001,3124290,TX0101915
53001305001,1180943,WA0052337
55000950001,1206134,WI0060283
02000176001,1216392,AKG573021
55009644001,1206905,WI0036641
55000000179,3610551,WI0060887
48001640001,3150353,TX0098647
39000000152,3608991,OH0148890
55000000335,3613327,WIG011947
13000000695,3611645,GAJ020023
48071120001,3150332,TX0093726
39000000158,3609006,OH0144941
48003138001,1183274,TX0128945
39000000273,3613780,OH0059102
13000000696,3611646,GAJ020181
55002180001,1206293,WI0049824
13000088001,1109091,GA0038351
20001137001,1130526,KS0099317
39000000151,3608990,OH0145017
20001327001,1130596,KS0100081
13000733001,1109558,GAJ020267
48000143001,1227744,TX0143006
05000000089,3613416,AR0050784
02000400001,1216486,AKG573043
17000663002,3543016,IL0074985
48006127001,3130210,TX0129313
13000579001,1109387,GA0039144
20001117002,1130510,KS0100820
55000000193,3610567,WI0036889
13000000853,3614198,GA0048224
48009507001,1184509,TX0023795
48071253001,3151008,TX0097373
13000000651,3611309,GAJ020244
18080000016,3517377,IN0023302
46000885001,1179424,SDG827715
55005450001,1229254,WI0060097
01000000184,3613928,AL0075701
39000000162,3609436,OH0119261
54000000280,3613999,WV0020141
17009965001,3489930,IL0032522
48001269001,1183037,TX0112763
48003299001,1183317,TX0092649
13000618002,1109428,GA0047236
55000001671,2911022,WI0036064
48002067001,1183146,TXR1539II
02000200001,1216397,AKG573040
46000564001,1179410,SDG821881
35000000177,3613531,NM0031178
48007508001,1184112,TX0085588
20000715001,1230898,KS0098744
20000927001,1130439,KS0093068
48006186001,1227908,TX0071145
54000000287,3614248,WVR111923
48007728001,1184240,TX0026697
48071124001,3139722,TX0093475
24000025001,1214244,MD0020401
24000000036,3613506,MD0063207
48000000423,3613866,TX0077801
55001290082,1206168,WI0061069
39000000157,3609005,OH0144886
24000000058,3613884,MD3406U02
24000063014,3511456,MD0863T92
48009033001,1184485,TX0021296
13000748001,1109573,GAJ020219
13000649001,1109467,GAJ020114
39000000153,3608992,OH0145157
53001660001,1180986,WA0020281
47001140001,1166174,TN0027618
13000999005,3532796,GAJ020176
51000209001,473847,VA0092860
48007680001,1184210,TX0074870
46000023001,1179128,SDG820494
55004765001,1206659,WI0022845
13000000618,3610955,GA0038903
05000000113,3614040,AR0040860
39001995001,1080976,OH0140104
48001244001,3150368,TX0084085
13000000774,3612757,GAJ020164
48009517001,1184518,TX0096920
48071281001,3149419,TXR05EY21
13000672001,1109494,GAJ020050
21000092003,3522078,KY0107786
17002003001,3485851,IL0050300
48071262001,3153131,TX0090824
48008042001,1184389,TX0054232
55000000336,3613623,WI0028363
48003227001,1183291,TX0097969
13000000697,3611647,GA0050215
55009935001,1207003,WI0060844
23000137001,1142575,ME0102873
49000000142,3613415,UT0025852
48091258001,3060728,TX0098663
48001048001,3149313,TX0095451
48001643001,3149071,TX0116068
30300304001,3542066,MT0031712
55000000199,3610645,WI0060470
55002170001,1206292,WI0024236
17005603001,1114241,ILG582007
48001038001,3153697,TX0083496
48001018002,3119541,TX0098957
13000796001,1109619,GAJ020140
48071132001,3149415,TX0086690
48001688001,3149433,TX0116009
05000000108,3614026,AR0037541
48007912001,3124028,TX0129267
48007911001,1184340,TX0089249
48007690002,3149615,TX0075132
02000315001,1104820,AKG572001
53002440001,1181069,WA0022527
18001008001,1234182,IN0063673
55002375001,1206311,WI0060976
24000063013,3511556,MD3280T09
17002074001,3524756,IL0078816
35000000049,3607333,NM0024830
48001658001,3126189,TX0026344
48007826001,2953762,TX0093564
20000322003,1130222,KS0098825
48000116001,1182806,TXR05FC04
51000000142,3610907,VA0023418
48071265001,3126030,TX0099856
48008078001,1184419,TX0069809
48001065602,3345471,TX0128449
48006009004,1183679,TX0088137
48007842001,1184299,TX0111201
46000000102,3534996,SD0028615
48006183001,1227907,TX0103641
42000000221,3613974,PA0080039
24000086006,3512956,MD2273X04
48007209001,1184002,TX0097047
48007822001,1184287,TX0093220
39000000156,3609004,OH0144657
13000092001,1109095,GAJ040012
48001117003,3148190,TX0091316
48071208001,3148208,TX0088838
48092036001,2961542,TX0102857
13000549001,1109348,GAJ020088
36004083002,3483342,NY0107051
53001220000,408797,WA0093317
39000000155,3608994,OH0149578
48071269001,3153670,TX0111937
48001123002,3542396,TX0057592
48001635001,3149412,TX0104965
13000150001,1109155,GAJ020180
48006004002,1183675,TXR040134
02000370001,1104829,AKG573032
05000000093,3613576,AR0044172
24000000061,3613889,MD2710X01
24000000059,3613885,MD0065269
26000000015,3613161,MI0056171
13000000542,3609747,GAJ020006
48007776001,3149588,TX0105996
53000000022,3608121,WA0037141
55000770001,1206114,WI0020656
20001612001,1130667,KS0051713
48003105001,1227822,TX0116173
48000117001,1182807,TX0135526
53000000128,3613417,WA0037168
13000115001,1109118,GA0050246
48004320001,1183508,TX0117056
48007020002,1183792,TX0115177
48007412001,1184065,TX0047198
48007039078,1183848,TX0126209
48002030001,1183124,TX0118346
39006553002,482650,OH0144843
48004354013,2808230,TXG640014
48004058001,1183375,TX0123862
39000000159,3609007,OH0140139
48008038001,1184385,TX0128597
48007930001,3148188,TX0084484
48007924001,3149088,TX0093581
48001286001,3149428,TX0113107
13000000541,3609746,GAJ020230
13000000842,3613929,GAJ020142
13000000693,3611641,GA0033669
05000000109,3614027,AR0044016
48006167001,1183758,TX0100692
48001215001,1182994,TX0110337
