CWNS_ID,FACILITY_ID,Discharge_Type,Discharge_Pct,Discharges_To
48007616001,1184176,Discharge To Another Facility,100,48007599001
48007740001,1184248,Discharge To Another Facility,100,48007493001
48007800001,1184276,Discharge To Another Facility,100,48007848001
26002003006,1088693,Discharge To Another Facility,100,26002003001
26004004012,1088998,Discharge To Another Facility,100,26004004001
54002401001,1094966,Discharge To Another Facility,98,54002405001
06002085001,1175342,Discharge To Another Facility,100,06002015001
37006301001,1153534,Discharge To Another Facility,100,37006313001
37006904001,1153586,Discharge To Another Facility,100,37006903002
37009609001,1153791,Discharge To Another Facility,100,37009601001
41000028002,1164293,Discharge To Another Facility,100,41000031001
49000052001,1170407,Discharge To Another Facility,100,49000155001
49000131001,1170479,Discharge To Another Facility,100,49000130001
49000285001,1170616,Discharge To Another Facility,100,49000130001
49000321001,1170644,Discharge To Another Facility,10,49000042001
49000334001,1170657,Discharge To Another Facility,100,49000094001
06002122001,1175356,Discharge To Another Facility,100,06002125001
48004019001,1183335,Discharge To Another Facility,100,48004354012
48007025002,1183801,Discharge To Another Facility,100,48007025001
53000657001,1180825,Discharge To Another Facility,100,53000776002
53000683004,1180831,Discharge To Another Facility,100,53000190001
37009806001,3487853,Discharge To Another Facility,100,37009801002
17000234005,3509056,Discharge To Another Facility,50,17000234001
17000234005,3509056,Discharge To Another Facility,50,17000234004
41000000001,3515100,Discharge To Another Facility,100,41000067001
39005145007,3529476,Discharge To Another Facility,100,39001625005
17002031001,505091,Discharge To Another Facility,100,17000715001
10000013001,1066456,Discharge To Another Facility,100,10000011001
34001196001,1073358,Discharge To Another Facility,100,34001005001
34001215001,1073367,Discharge To Another Facility,100,34001082001
34001454001,1073489,Discharge To Another Facility,100,34001030001
34001455001,1073490,Discharge To Another Facility,100,34001082001
34002521001,1073603,Discharge To Another Facility,100,34002076001
34006171001,1073820,Discharge To Another Facility,100,34006012001
34006294001,1073834,Discharge To Another Facility,100,34006012001
12000042002,1078157,Discharge To Another Facility,67,12000037002
39000004001,1080426,Discharge To Another Facility,100,39001666001
39000059002,1080484,Discharge To Another Facility,100,39002933001
39003193001,1081088,Discharge To Another Facility,100,39001792001
26000222001,1088425,Discharge To Another Facility,100,26000214001
26000713001,1088621,Discharge To Another Facility,56,26000727002
26000713001,1088621,Discharge To Another Facility,44,26000700001
26001112002,1088684,Discharge To Another Facility,100,26001112001
26002003007,1088694,Discharge To Another Facility,100,26002003001
25000043001,1092346,Discharge To Another Facility,100,25000128001
25000052001,1092355,Discharge To Another Facility,100,25000035001
25000125001,1092419,Discharge To Another Facility,100,25000128001
25000227001,1092512,Discharge To Another Facility,100,25000074001
50000022001,1094073,Discharge To Another Facility,100,50000045001
33000005001,1100901,Discharge To Another Facility,100,33000100003
36004003001,1220693,Discharge To Another Facility,100,36004064001
36004096001,1220784,Discharge To Another Facility,100,36004025001
36006011001,1220941,Discharge To Another Facility,100,36006005001
36008076001,1221270,Discharge To Another Facility,100,36000000320
39004581301,2806485,Discharge To Another Facility,100,39001666002
39004581601,2806488,Discharge To Another Facility,100,39000084001
30300257001,2824642,Discharge To Another Facility,0,30000060001
20001904001,2919048,Discharge To Another Facility,100,20000404001
12000185001,2942442,Discharge To Another Facility,100,12000193001
41000051001,3508702,Discharge To Another Facility,100,41000045001
39009019003,3512703,Discharge To Another Facility,100,39009009001
51070000016,3514939,Discharge To Another Facility,0,51000013013
10000001045,3521298,Discharge To Another Facility,100,10000001002
08201200028,3528636,Discharge To Another Facility,100,08105000000
48001143002,428589,Discharge To Another Facility,100,48001143001
55001310010,434985,Discharge To Another Facility,100,55001310001
39008001004,1064161,Discharge To Another Facility,100,39005051002
08000093001,1066895,Discharge To Another Facility,100,08209000126
34001256001,1073388,Discharge To Another Facility,100,34001090001
34002510001,1073591,Discharge To Another Facility,100,34002114002
34003414001,1073657,Discharge To Another Facility,100,34003099001
34004336001,1073722,Discharge To Another Facility,100,34004013001
12000144001,1078302,Discharge To Another Facility,100,12000145001
39000142001,1080567,Discharge To Another Facility,71,39007169001
39000142001,1080567,Discharge To Another Facility,29,39006125001
39000263001,1080679,Discharge To Another Facility,100,39004650001
39000325001,1080735,Discharge To Another Facility,100,39000326001
26000313002,1088452,Discharge To Another Facility,100,26000313001
54005199001,1095291,Discharge To Another Facility,100,54003413001
01000100001,1101932,Discharge To Another Facility,100,01000276002
17000231001,1113506,Discharge To Another Facility,100,17000278001
17007903001,1114386,Discharge To Another Facility,100,17000136001
19001078001,1124352,Discharge To Another Facility,100,19000226001
48001364004,1183066,Discharge To Another Facility,100,48001117001
48002140001,1183163,Discharge To Another Facility,100,48001104003
48007026001,1183802,Discharge To Another Facility,100,48007064008
48007546001,1184136,Discharge To Another Facility,100,48007039024
48007583001,1184159,Discharge To Another Facility,100,48001684001
51000110001,1192695,Discharge To Another Facility,100,51000308005
55002047001,1206276,Discharge To Another Facility,50,55003100001
24000042014,1214281,Discharge To Another Facility,100,24000042001
36003097001,1220525,Discharge To Another Facility,100,36003095001
36005039001,1220853,Discharge To Another Facility,100,36005063001
36005076001,1220884,Discharge To Another Facility,100,36005063001
36007138001,1221126,Discharge To Another Facility,100,36007136001
36007142001,1221135,Discharge To Another Facility,100,36007136001
55000550001,1229142,Discharge To Another Facility,100,55005280002
18005152001,1234215,Discharge To Another Facility,100,18000250001
13000121001,1109123,Discharge To Another Facility,67,13000625001
17000138001,1113412,Discharge To Another Facility,100,17000136001
17000535001,1113812,Discharge To Another Facility,100,17000537001
29004025001,1134050,Discharge To Another Facility,100,29004026001
27000018001,1147910,Discharge To Another Facility,100,27000001001
27000105001,1147985,Discharge To Another Facility,100,27000001002
37009301001,1153778,Discharge To Another Facility,100,37009303001
39007763001,1081559,Discharge To Another Facility,100,39004347001
55001550001,1206226,Discharge To Another Facility,100,55001310001
55008401001,1206822,Discharge To Another Facility,100,55000708001
55009572003,1206880,Discharge To Another Facility,100,55002781001
24000036005,1214265,Discharge To Another Facility,100,24000039001
24000061002,1214337,Discharge To Another Facility,100,24000061001
36003006001,1220325,Discharge To Another Facility,100,36003002001
36003188001,1220671,Discharge To Another Facility,100,36003169009
36004005001,1220700,Discharge To Another Facility,100,36004064001
36009073001,1221391,Discharge To Another Facility,100,36009071001
37006305001,1236382,Discharge To Another Facility,100,37006313001
36009032001,2823325,Discharge To Another Facility,100,36009031001
36006046002,2869416,Discharge To Another Facility,100,36006049001
34001194001,3102048,Discharge To Another Facility,100,34001005001
39003326008,3263448,Discharge To Another Facility,100,39006699001
48004007002,1183323,Discharge To Another Facility,100,48004354016
48004278001,1183496,Discharge To Another Facility,100,48001132001
48007571001,1184148,Discharge To Another Facility,100,48007089001
48007765001,1184259,Discharge To Another Facility,100,48007766001
51000031001,1192622,Discharge To Another Facility,100,51000080004
55002990001,1206406,Discharge To Another Facility,45,55003100001
55003126001,1206449,Discharge To Another Facility,100,55004890001
55003705001,1206534,Discharge To Another Facility,100,55003500001
55005425001,1206746,Discharge To Another Facility,100,55010850003
24000132001,1214433,Discharge To Another Facility,100,24000096001
55002470001,1206331,Discharge To Another Facility,100,55004330001
55009543001,1206878,Discharge To Another Facility,100,55002781001
36003152001,1220604,Discharge To Another Facility,100,36003169007
36003163001,1220623,Discharge To Another Facility,100,36003169012
36007140004,1221131,Discharge To Another Facility,100,36007136006
36009073004,1221394,Discharge To Another Facility,100,36009082011
48004401001,2827921,Discharge To Another Facility,100,48000004007
54002501001,2985883,Discharge To Another Facility,100,54003508001
39002587011,2990565,Discharge To Another Facility,89,39007413001
39002587011,2990565,Discharge To Another Facility,11,39002587004
55003900003,3519617,Discharge To Another Facility,100,55003900001
17002078001,3527556,Discharge To Another Facility,100,17000422001
22003251011,3534316,Discharge To Another Facility,100,22003251001
23000163001,1142595,Discharge To Another Facility,100,23000060001
27000094001,1147974,Discharge To Another Facility,100,27000001002
27000192001,1148054,Discharge To Another Facility,100,27000001002
27009600005,1148494,Discharge To Another Facility,100,27000183001
37002604001,1153300,Discharge To Another Facility,100,37002601002
40000122001,1172534,Discharge To Another Facility,100,40000120001
40000168001,1172557,Discharge To Another Facility,100,40000166007
06006001001,1175854,Discharge To Another Facility,100,06008027001
39000064001,1080489,Discharge To Another Facility,100,39004907001
39000073001,1080499,Discharge To Another Facility,100,39008708001
39000104001,1080526,Discharge To Another Facility,100,39001792002
39000148001,1080573,Discharge To Another Facility,100,39001666002
39000204001,1080628,Discharge To Another Facility,100,39002969028
39006780001,1081489,Discharge To Another Facility,100,39005761001
29002108001,1133687,Discharge To Another Facility,100,29001010004
21000092002,1139557,Discharge To Another Facility,100,21000092001
32000011001,1144647,Discharge To Another Facility,0,32000200801
27000130001,1148004,Discharge To Another Facility,100,27000001001
37000809001,1153134,Discharge To Another Facility,100,37000812001
37004305001,1153426,Discharge To Another Facility,100,37004306001
41000022004,1164281,Discharge To Another Facility,100,41000022007
48000209001,1182860,Discharge To Another Facility,100,48000208001
48003132001,1183271,Discharge To Another Facility,100,48000017006
48004114001,1183423,Discharge To Another Facility,100,48004122001
48004249001,1183486,Discharge To Another Facility,100,48004354001
48004338001,1183515,Discharge To Another Facility,100,48004122001
51000109003,1192693,Discharge To Another Facility,100,51000308006
27000029001,1147922,Discharge To Another Facility,100,27000001001
27000048001,1147938,Discharge To Another Facility,100,27000001001
27000120001,1147996,Discharge To Another Facility,100,27000001001
27000153001,1148020,Discharge To Another Facility,100,27000152001
27000335001,1148157,Discharge To Another Facility,100,27000332001
37000406001,1153106,Discharge To Another Facility,100,37000409001
37001301001,1153186,Discharge To Another Facility,100,37001301002
37001806001,1153232,Discharge To Another Facility,50,37001805001
37006313002,1153541,Discharge To Another Facility,100,37006313001
47001486001,1166224,Discharge To Another Facility,100,47001035001
22000000067,3606665,Discharge To Another Facility,100,22000025001
13000000421,3607712,Discharge To Another Facility,50,13000625001
29001011020,1133254,Discharge To Another Facility,100,29001011008
06000000106,3607985,Discharge To Another Facility,100,06004009010
36000000360,3608013,Discharge To Another Facility,100,36003169008
06008015001,1175965,Discharge To Another Facility,55,06008016003
13000000432,3607973,Discharge To Another Facility,100,13000012001
06002036001,1175294,Discharge To Another Facility,0,06000000114
36000000382,3608138,Discharge To Another Facility,0,36006116002
29002413001,1133833,Discharge To Another Facility,0,29002414001
17000000047,3608417,Discharge To Another Facility,70,17000154001
31000000024,3608426,Discharge To Another Facility,100,31001825002
01000000142,3608654,Discharge To Another Facility,100,01000085007
13000195006,1109210,Discharge To Another Facility,43,13000195008
04001904008,3219791,Discharge To Another Facility,1,04001903020
19000028002,1123477,Discharge To Another Facility,100,19000226001
29000000273,3607876,Discharge To Another Facility,0,29004109001
13000000507,3609570,Discharge To Another Facility,50,13000753002
13000999016,3537096,Discharge To Another Facility,100,13000346001
13000000536,3609729,Discharge To Another Facility,82,13000222002
47000000017,3609365,Discharge To Another Facility,100,47001220001
13000000538,3609732,Discharge To Another Facility,34,13000840001
04001320005,3534396,Discharge To Another Facility,66,04000000140
36000000474,3610345,Discharge To Another Facility,100,36009050001
13000000578,3610524,Discharge To Another Facility,0,13000210001
27044000667,3500966,Discharge To Another Facility,100,27000183001
33000045001,2868491,Discharge To Another Facility,10,33000052001
06008010003,1175961,Discharge To Another Facility,18,06008010005
06008010003,1175961,Discharge To Another Facility,14,06008010006
37000000107,3610398,Discharge To Another Facility,50,37001806002
12000133008,3509120,Discharge To Another Facility,100,12000133009
18120000004,3524859,Discharge To Another Facility,0,18006011001
25000384001,1092565,Discharge To Another Facility,50,25000139001
39000000219,3612216,Discharge To Another Facility,0,39000127001
49000000008,3608997,Discharge To Another Facility,100,49000135001
13000057001,1109050,Discharge To Another Facility,4,13000000546
24000003008,1214138,Discharge To Another Facility,0,24000000022
24000003004,1214135,Discharge To Another Facility,0,24000000022
36000000046,3601310,Discharge To Another Facility,100,36008198002
29001036001,1133315,Discharge To Another Facility,0,29001036003
04000505031,3160948,Discharge To Another Facility,19,04001505001
06000000201,3609599,Discharge To Another Facility,100,06004009002
13000000552,3610183,Discharge To Another Facility,50,13000000591
13000000552,3610183,Discharge To Another Facility,6,13000000551
08000000211,3608847,Discharge To Another Facility,100,08000070001
13000000577,3610523,Discharge To Another Facility,57,13000555001
21000390001,1139778,Discharge To Another Facility,0,21000166001
39000000220,3612225,Discharge To Another Facility,0,39006349001
55005280003,1206730,Discharge To Another Facility,100,55005280002
26000000014,3612773,Discharge To Another Facility,100,26003058001
39000000241,3613061,Discharge To Another Facility,0,39000244001
13000000584,3610589,Discharge To Another Facility,53,13000003002
05000000062,3613102,Discharge To Another Facility,0,05000223001
48001535001,1183100,Discharge To Another Facility,100,48000000418
36000000289,3606884,Discharge To Another Facility,0,36007150001
36000000296,3606893,Discharge To Another Facility,100,36003126001
36000000297,3606894,Discharge To Another Facility,100,36006100001
36000000348,3607751,Discharge To Another Facility,0,36000000346
06009047001,1176085,Discharge To Another Facility,50,06009028001
29000000320,3608673,Discharge To Another Facility,100,29001025001
06008004001,1175948,Discharge To Another Facility,100,06000000105
36008048003,1232166,Discharge To Another Facility,100,36008276001
22000545005,3507520,Discharge To Another Facility,0,22003354001
29000000333,3609598,Discharge To Another Facility,0,29001003023
13000000557,3610197,Discharge To Another Facility,9,13000022003
04002103001,1069581,Discharge To Another Facility,13,04000000149
27044000669,3500982,Discharge To Another Facility,100,27006301004
27000302001,1148131,Discharge To Another Facility,100,27000286001
37000000120,3611045,Discharge To Another Facility,0,37007705001
13000000660,3611326,Discharge To Another Facility,78,13000138001
55007545001,1206799,Discharge To Another Facility,20,55009511002
55006200002,1206766,Discharge To Another Facility,20,55009511002
55009403001,1206856,Discharge To Another Facility,100,55005380001
18000000040,3608513,Discharge To Another Facility,100,18000454001
13000000540,3609744,Discharge To Another Facility,51,13000694002
08000177001,1066971,Discharge To Another Facility,100,08000178001
51000000159,3612814,Discharge To Another Facility,0,51000010001
51000000177,3612834,Discharge To Another Facility,0,51001400027
51000000200,3612868,Discharge To Another Facility,0,51000124001
53000000136,3614275,Discharge To Another Facility,100,53000776001
09000000104,3613203,Discharge To Another Facility,100,09000580001
04001341001,1069469,Discharge To Another Facility,0,04000000147
19000000025,3607435,Discharge To Another Facility,100,19000000024
37000000021,3608594,Discharge To Another Facility,100,37004306001
37000000116,3610801,Discharge To Another Facility,100,37001301002
33000161004,3611185,Discharge To Another Facility,100,33000161001
17000000104,3611352,Discharge To Another Facility,0,17000515001
55004235001,1206605,Discharge To Another Facility,50,55000000052
29001023019,1133284,Discharge To Another Facility,0,29001023005
55000000208,3612219,Discharge To Another Facility,100,55005170001
51000000189,3612853,Discharge To Another Facility,0,51000026001
51000000201,3612870,Discharge To Another Facility,0,51000124001
13000000830,3613256,Discharge To Another Facility,50,13000278001
20000000037,3614042,Discharge To Another Facility,0,20000223001
51000225005,1192850,Discharge To Another Facility,0,51000225001
34000000030,3614379,Discharge To Another Facility,0,34008357001
19000000130,3608533,Discharge To Another Facility,100,19000134001
13000000438,3607979,Discharge To Another Facility,100,13000012003
17000514001,1113791,Discharge To Another Facility,100,17000512003
17000515001,1113792,Discharge To Another Facility,25,17000512003
16000000072,3608087,Discharge To Another Facility,50,16000005001
32000000008,3606732,Discharge To Another Facility,100,32000016001
45000000087,3608679,Discharge To Another Facility,100,45000612001
13000000476,3608963,Discharge To Another Facility,2,13000000477
13000000504,3609538,Discharge To Another Facility,100,13000868001
08000000203,3608815,Discharge To Another Facility,100,08000000089
13000000521,3609703,Discharge To Another Facility,100,13000060001
13000000527,3609714,Discharge To Another Facility,100,13000000528
37000000106,3610288,Discharge To Another Facility,100,37005113001
13000000555,3610194,Discharge To Another Facility,25,13000016005
39000000171,3610446,Discharge To Another Facility,0,39008330003
39000000173,3610448,Discharge To Another Facility,0,39003059001
27000199001,1148061,Discharge To Another Facility,0,27000028001
12000102012,476512,Discharge To Another Facility,25,12000102014
36000000472,3610188,Discharge To Another Facility,100,36003129001
39000000176,3610719,Discharge To Another Facility,0,39000244001
13000000615,3610937,Discharge To Another Facility,52,13000000612
13000000615,3610937,Discharge To Another Facility,2,13000000617
13000000623,3611052,Discharge To Another Facility,25,13000655001
55003260001,1206466,Discharge To Another Facility,50,55000000052
55005220001,1206722,Discharge To Another Facility,50,55000000052
36000000292,3606889,Discharge To Another Facility,18,36000000293
01000000109,3607627,Discharge To Another Facility,5,01000165003
06000000112,3608022,Discharge To Another Facility,100,06004009009
13000000448,3608448,Discharge To Another Facility,28,13000040006
45000000076,3608025,Discharge To Another Facility,100,45000252001
29002355001,1133800,Discharge To Another Facility,0,29000893001
13000000566,3610372,Discharge To Another Facility,50,13000574002
13000000510,3609578,Discharge To Another Facility,100,13000210001
49000000020,3610932,Discharge To Another Facility,100,49000038001
12000174001,1078339,Discharge To Another Facility,49,12000156026
12000175002,1078341,Discharge To Another Facility,26,12000000096
13000000673,3611516,Discharge To Another Facility,0,13000000624
13000000694,3611644,Discharge To Another Facility,55,13000000695
55001796001,1229173,Discharge To Another Facility,50,55000000052
55003475001,1206495,Discharge To Another Facility,50,55000000052
21000019002,3540396,Discharge To Another Facility,0,21000025011
35000000054,3607354,Discharge To Another Facility,100,35000000016
12000000033,3608111,Discharge To Another Facility,0,12000192001
22000005001,1237404,Discharge To Another Facility,0,22000005003
55000000148,3610287,Discharge To Another Facility,100,55004550001
51000000167,3612823,Discharge To Another Facility,0,51000006001
51000000174,3612831,Discharge To Another Facility,0,51001400027
55002080002,1206281,Discharge To Another Facility,22,55003490001
34001245001,1073382,Discharge To Another Facility,0,34001132801
39000000209,3612028,Discharge To Another Facility,100,39001666002
55005271001,1206728,Discharge To Another Facility,50,55000000052
25000087001,1092384,Discharge To Another Facility,1,25000194001
21000166001,1139607,Discharge To Another Facility,0,21000207001
36000000588,3612084,Discharge To Another Facility,100,36005055001
55002990001,1206406,Discharge To Another Facility,4,55000708001
51000000187,3612851,Discharge To Another Facility,0,51000126001
13000000778,3612899,Discharge To Another Facility,75,13000000624
23000000043,3612897,Discharge To Another Facility,100,23000072001
13000000784,3612928,Discharge To Another Facility,53,13000999022
39000000240,3613044,Discharge To Another Facility,100,39000630001
39008072006,1081583,Discharge To Another Facility,0,39008072011
13000000822,3613151,Discharge To Another Facility,0,13000000660
47003130002,3613189,Discharge To Another Facility,100,47001275001
34001453001,1073488,Discharge To Another Facility,0,34001132801
13000000552,3610183,Discharge To Another Facility,33,13000000592
12000173001,1078338,Discharge To Another Facility,0,12000000103
17000000105,3611417,Discharge To Another Facility,100,17000667001
08000500042,1067180,Discharge To Another Facility,100,08000054003
39000000251,3613250,Discharge To Another Facility,0,39009240001
25000195001,1092479,Discharge To Another Facility,79,25000107001
05000736001,1105527,Discharge To Another Facility,100,05000012001
01000000107,3607535,Discharge To Another Facility,50,01000140001
29002498004,1133876,Discharge To Another Facility,0,29002497001
36000000381,3608137,Discharge To Another Facility,0,36008052101
36001015020,2885362,Discharge To Another Facility,0,36000000392
13000000441,3607983,Discharge To Another Facility,100,13000012004
04000000123,3608694,Discharge To Another Facility,4,04002117002
19000000134,3608550,Discharge To Another Facility,100,19000226001
54001493001,1094823,Discharge To Another Facility,0,54001495001
36001040001,1220303,Discharge To Another Facility,0,36000000469
13000000550,3610175,Discharge To Another Facility,100,13000129001
13000000557,3610197,Discharge To Another Facility,34,13000022001
33000023004,3611164,Discharge To Another Facility,100,33000023002
55001921001,1206266,Discharge To Another Facility,50,55000000052
12000000006,3606817,Discharge To Another Facility,100,12000017004
55009780002,1206951,Discharge To Another Facility,100,55009780001
30000008001,1159082,Discharge To Another Facility,0,30000000016
30000003001,1159079,Discharge To Another Facility,0,30000000016
13000000649,3611307,Discharge To Another Facility,90,13000053001
55002070002,1206280,Discharge To Another Facility,100,55004440002
08000500021,1067166,Discharge To Another Facility,100,08000098001
13000208001,1109238,Discharge To Another Facility,0,13000000626
13000000850,3614179,Discharge To Another Facility,49,13000697002
51000000135,3609218,Discharge To Another Facility,100,51000122001
13000000859,3614271,Discharge To Another Facility,100,13000579001
48004122001,1183431,Discharge To Another Facility,0,48004122011
06003061001,1175428,Discharge To Another Facility,0,06000000313
45000000080,3608520,Discharge To Another Facility,4,45000614030
18000000019,3606613,Discharge To Another Facility,100,18000351001
13000121001,1109123,Discharge To Another Facility,33,13000000421
06000000109,3608001,Discharge To Another Facility,100,06006009001
32000000019,3607715,Discharge To Another Facility,100,32000000017
36000000352,3607900,Discharge To Another Facility,100,36005031001
01000000118,3607942,Discharge To Another Facility,0,01000176001
06008022001,1175976,Discharge To Another Facility,4,06000000090
36000000358,3607998,Discharge To Another Facility,0,36006026001
37000000115,3610799,Discharge To Another Facility,100,37002307001
13000000444,3608079,Discharge To Another Facility,100,13000012004
29001237036,1133602,Discharge To Another Facility,0,29000000266
04001505030,3160729,Discharge To Another Facility,20,04002801029
18000000037,3608510,Discharge To Another Facility,0,18000105001
08112000000,418681,Discharge To Another Facility,0,08201200112
04000000130,3608983,Discharge To Another Facility,10,04001506002
13000000503,3609530,Discharge To Another Facility,100,13000781001
18000000063,3609540,Discharge To Another Facility,0,18000879001
19000000162,3609696,Discharge To Another Facility,0,19000362001
13000000565,3610362,Discharge To Another Facility,92,13000050001
13000000566,3610372,Discharge To Another Facility,50,13000574001
06000000214,3610513,Discharge To Another Facility,75,06005107001
27000313001,1148137,Discharge To Another Facility,0,27000045001
37000000130,3611208,Discharge To Another Facility,100,37009303001
37000000142,3611412,Discharge To Another Facility,0,37003002002
27000000176,3611506,Discharge To Another Facility,100,27000000175
55008940001,1206850,Discharge To Another Facility,20,55009511002
13000000686,3611550,Discharge To Another Facility,100,13000683001
39000000201,3611830,Discharge To Another Facility,100,39000144001
55009833001,1206972,Discharge To Another Facility,50,55000000052
55003756001,1206543,Discharge To Another Facility,100,55009511001
55009609010,448713,Discharge To Another Facility,100,55001730001
55009903001,1206992,Discharge To Another Facility,100,55013263001
23000001003,1142427,Discharge To Another Facility,0,23000000044
13000000422,3607781,Discharge To Another Facility,100,13000625001
36000000361,3608026,Discharge To Another Facility,100,36009123001
53001432001,1180960,Discharge To Another Facility,100,53000080001
36000000413,3608451,Discharge To Another Facility,100,36001010006
53000000035,3608139,Discharge To Another Facility,100,53002440001
18000000042,3608515,Discharge To Another Facility,100,18005831001
50000000017,3608698,Discharge To Another Facility,100,50000079001
13000000623,3611052,Discharge To Another Facility,25,13000999010
13000000623,3611052,Discharge To Another Facility,45,13000214005
13000000658,3611324,Discharge To Another Facility,17,13000167001
53000000112,3611607,Discharge To Another Facility,100,53000776001
13000000705,3611841,Discharge To Another Facility,31,13000031002
08000124101,3419035,Discharge To Another Facility,100,08000178001
18000000128,3612418,Discharge To Another Facility,100,18000876001
13000018001,1108969,Discharge To Another Facility,100,13000016010
23000001001,1142426,Discharge To Another Facility,0,23000000044
08000333001,1067121,Discharge To Another Facility,100,08000061001
46000895001,1179426,Discharge To Another Facility,100,19000798001
30300253001,2821970,Discharge To Another Facility,100,30000024001
05000366001,1105181,Discharge To Another Facility,0,05000544001
15000009007,3613924,Discharge To Another Facility,0,15000009003
36000000278,3606869,Discharge To Another Facility,100,36009055001
37009207001,1153769,Discharge To Another Facility,66,37000000013
32000000014,3606738,Discharge To Another Facility,0,32000039001
50000000015,3608696,Discharge To Another Facility,100,50000079001
32000000025,3608713,Discharge To Another Facility,100,32000032001
04000501002,1069360,Discharge To Another Facility,19,04000000135
13000000629,3611217,Discharge To Another Facility,55,13000575010
08000000097,3608534,Discharge To Another Facility,100,08000070001
13000000577,3610523,Discharge To Another Facility,34,13000999009
13000000720,3612124,Discharge To Another Facility,5,13000000719
49000082001,1170433,Discharge To Another Facility,7,49000130001
55000000246,3612711,Discharge To Another Facility,100,55003590001
24000003002,1214133,Discharge To Another Facility,0,24000000022
54000000022,3607568,Discharge To Another Facility,0,54003203001
06000000087,3607695,Discharge To Another Facility,100,06002120001
54000000027,3607792,Discharge To Another Facility,0,54002608001
36000000349,3607875,Discharge To Another Facility,100,36009050001
06004010005,1175495,Discharge To Another Facility,25,06004010004
16000070201,459497,Discharge To Another Facility,100,16000070001
55004380001,1229233,Discharge To Another Facility,50,55000000052
33000259002,3611580,Discharge To Another Facility,0,33000010001
22000010001,1168165,Discharge To Another Facility,0,22020121904
13000000720,3612124,Discharge To Another Facility,0,13000000717
13000000720,3612124,Discharge To Another Facility,1,13000000715
08000115001,1066916,Discharge To Another Facility,50,08000070001
51000000150,3612780,Discharge To Another Facility,100,51000319001
12000000144,3612807,Discharge To Another Facility,0,12000000055
24000054006,1238378,Discharge To Another Facility,0,24000054003
06000000104,3607926,Discharge To Another Facility,100,06002036001
41000020001,1164275,Discharge To Another Facility,25,41000022013
06009019002,1176051,Discharge To Another Facility,42,06009006001
06000000155,3608951,Discharge To Another Facility,100,06004009001
13000000558,3610218,Discharge To Another Facility,100,13000022028
56000199001,3526476,Discharge To Another Facility,0,56000007001
37000000133,3611255,Discharge To Another Facility,100,37003601002
27009408001,1148486,Discharge To Another Facility,0,27000000149
39000576001,1080821,Discharge To Another Facility,5,39001666002
12000000114,3611857,Discharge To Another Facility,35,12000045001
53000000114,3611664,Discharge To Another Facility,100,53000658001
48000003009,3070868,Discharge To Another Facility,100,48000130001
51001400089,3138209,Discharge To Another Facility,100,51000207010
36009098001,1221442,Discharge To Another Facility,100,36009071001
17000264001,2824048,Discharge To Another Facility,100,17000267001
39005601015,3027989,Discharge To Another Facility,100,39009240001
34001140001,3044128,Discharge To Another Facility,100,34001087001
09001050002,3161228,Discharge To Another Facility,100,09000950001
39008330017,3177488,Discharge To Another Facility,100,39005943001
36005120001,3484833,Discharge To Another Facility,100,36005022001
08209000068,3500220,Discharge To Another Facility,100,08000400001
36008092001,3501422,Discharge To Another Facility,100,36008276001
35201200003,3531856,Discharge To Another Facility,100,35200900302
17000670002,425458,Discharge To Another Facility,22,17000670003
10000200002,1066490,Discharge To Another Facility,100,10000019001
08000073001,1066876,Discharge To Another Facility,30,08000070001
08000073001,1066876,Discharge To Another Facility,70,08000500060
34001116001,1073322,Discharge To Another Facility,100,34001093001
34001204001,1073364,Discharge To Another Facility,100,34002065001
34001371001,1073441,Discharge To Another Facility,100,34001082001
34001408001,1073467,Discharge To Another Facility,100,34001030001
34003176001,1073646,Discharge To Another Facility,100,34002003001
34004461001,1073731,Discharge To Another Facility,0,34006012001
08000129001,1066929,Discharge To Another Facility,100,08000070001
09000790001,1071869,Discharge To Another Facility,100,09000420001
34001326001,1073423,Discharge To Another Facility,100,34001156001
34001345001,1073433,Discharge To Another Facility,100,34001005001
34003259001,1073649,Discharge To Another Facility,100,34003079002
34003504001,1073668,Discharge To Another Facility,100,34003080001
34003525001,1073689,Discharge To Another Facility,100,34003079002
34004013005,1073699,Discharge To Another Facility,100,34004013006
34004013007,1073701,Discharge To Another Facility,100,34004014001
34004120001,1073710,Discharge To Another Facility,100,34004001001
34004152001,1073714,Discharge To Another Facility,100,34004011001
34006469001,1073852,Discharge To Another Facility,100,34006271001
12000070001,1078194,Discharge To Another Facility,100,12000073003
39008855001,1081675,Discharge To Another Facility,100,39007169001
26000925005,1088650,Discharge To Another Facility,100,26000925001
26001018003,1088667,Discharge To Another Facility,100,26001018001
25000255001,1092539,Discharge To Another Facility,100,25000128001
54002601001,1094995,Discharge To Another Facility,100,54002605001
33000060001,1100950,Discharge To Another Facility,100,33000062001
19000481001,1123871,Discharge To Another Facility,100,19000961001
19000780001,1124129,Discharge To Another Facility,100,19000798001
19001089001,1124359,Discharge To Another Facility,100,19001090001
29001169001,1133492,Discharge To Another Facility,100,29001011001
29002236001,1133746,Discharge To Another Facility,100,29002237001
21000282001,1139703,Discharge To Another Facility,100,21000305001
23000154001,1142588,Discharge To Another Facility,100,23000005001
27000002002,1147887,Discharge To Another Facility,100,27000002001
27000008001,1147900,Discharge To Another Facility,100,27000001003
27000024001,1147916,Discharge To Another Facility,100,27000001012
27000112001,1147990,Discharge To Another Facility,100,27000001002
47000157001,1165986,Discharge To Another Facility,100,47001016001
47001416001,1166214,Discharge To Another Facility,100,47000475001
49000096001,1170448,Discharge To Another Facility,100,49000094001
49000259001,1170594,Discharge To Another Facility,100,49000097001
40000115002,1172527,Discharge To Another Facility,100,40000123014
05000720001,3534376,Discharge To Another Facility,100,05000008001
08201200116,3535656,Discharge To Another Facility,91,08000070001
08201200116,3535656,Discharge To Another Facility,9,08000071002
10000001047,3543056,Discharge To Another Facility,100,10000001002
39000365001,1080778,Discharge To Another Facility,100,39004480001
39008232001,1081611,Discharge To Another Facility,100,39001370004
26000108008,1088365,Discharge To Another Facility,100,26000108001
26000313010,1088460,Discharge To Another Facility,100,26000313001
26000907002,1088642,Discharge To Another Facility,100,26000907001
26001111004,1088681,Discharge To Another Facility,100,26001112001
26004005013,1089011,Discharge To Another Facility,100,26004005011
25000084001,1092381,Discharge To Another Facility,100,25000128001
50000086001,1094136,Discharge To Another Facility,100,50000025001
13000636001,1109448,Discharge To Another Facility,65,13000197001
21000030001,1139497,Discharge To Another Facility,50,21000056001
44000013001,1144295,Discharge To Another Facility,100,44000015001
44000014002,1144297,Discharge To Another Facility,100,44000024001
27000030001,1147923,Discharge To Another Facility,100,27000001002
27000039001,1147931,Discharge To Another Facility,100,27000001001
27000102002,1147982,Discharge To Another Facility,100,27000001001
27000111001,1147989,Discharge To Another Facility,100,27000001002
27007617001,1148431,Discharge To Another Facility,100,38000366001
38000013001,1151268,Discharge To Another Facility,100,38000008001
37001804001,1153230,Discharge To Another Facility,100,37001801004
37004402001,1153431,Discharge To Another Facility,100,37004401002
37005104001,1153466,Discharge To Another Facility,100,37005113001
37006005001,1153519,Discharge To Another Facility,100,37006001008
37006405001,1153552,Discharge To Another Facility,100,37009209001
37009805001,1153815,Discharge To Another Facility,100,37009807001
41000022009,1164285,Discharge To Another Facility,100,41000022005
49000082001,1170433,Discharge To Another Facility,93,49000018001
06005102002,1175625,Discharge To Another Facility,100,06005421001
06008016001,1175967,Discharge To Another Facility,100,06008016003
53000643001,1180824,Discharge To Another Facility,91,53000920001
53000643001,1180824,Discharge To Another Facility,9,53320000001
53002330001,1181057,Discharge To Another Facility,100,53002205001
48004115001,1183424,Discharge To Another Facility,100,48004122001
48006104001,1183733,Discharge To Another Facility,100,48006001001
48007221001,1184012,Discharge To Another Facility,100,48001151004
51000085002,1192672,Discharge To Another Facility,100,51000296003
51000095001,1192680,Discharge To Another Facility,100,51000074001
51000325002,1192974,Discharge To Another Facility,100,51000322006
55000007001,1206001,Discharge To Another Facility,100,55000367002
55002820001,1206387,Discharge To Another Facility,100,55002781001
17000318001,1113583,Discharge To Another Facility,100,17000312001
17000377001,1113643,Discharge To Another Facility,100,17000334001
17000544001,1113821,Discharge To Another Facility,100,17000537002
17007709001,1114373,Discharge To Another Facility,100,17007708001
18000111001,1120122,Discharge To Another Facility,100,18000105001
18000231001,1120149,Discharge To Another Facility,100,18000225001
29001237018,1133585,Discharge To Another Facility,100,29001003023
29002346001,1133794,Discharge To Another Facility,100,29002344001
29002367003,1133809,Discharge To Another Facility,100,29001074001
23000185001,1142612,Discharge To Another Facility,100,23000026001
44000005001,1144287,Discharge To Another Facility,100,44000028001
27000023001,1147915,Discharge To Another Facility,100,27000001001
37002311001,1153258,Discharge To Another Facility,100,37002301001
37003604001,1153363,Discharge To Another Facility,100,37003601002
37005003001,1153458,Discharge To Another Facility,50,37005004001
37006406001,1153553,Discharge To Another Facility,100,37003301001
37006911001,1153588,Discharge To Another Facility,100,37006903002
17000669001,1113936,Discharge To Another Facility,100,17000524001
18000711001,1120213,Discharge To Another Facility,100,18000702001
19000385001,1123781,Discharge To Another Facility,100,19000134001
19000562001,1123945,Discharge To Another Facility,100,19001083001
19000737001,1124096,Discharge To Another Facility,100,19000134001
29001155001,1133480,Discharge To Another Facility,100,29001011003
27000086001,1147969,Discharge To Another Facility,100,27000001001
45000298002,1157201,Discharge To Another Facility,100,45000298001
06006020001,1175875,Discharge To Another Facility,100,06006008001
48004051001,1183369,Discharge To Another Facility,100,48001132001
48007009001,1183778,Discharge To Another Facility,100,48007008001
48007039077,1183847,Discharge To Another Facility,100,48007064008
55002770001,1206380,Discharge To Another Facility,100,55002781001
55004170001,1206595,Discharge To Another Facility,100,55008641001
55005010010,1206701,Discharge To Another Facility,100,55009820001
36005059001,1220870,Discharge To Another Facility,100,36005031001
36005066002,1220876,Discharge To Another Facility,100,36005063001
55009642001,1206904,Discharge To Another Facility,100,55000540001
36003015001,1220349,Discharge To Another Facility,0,36003016001
36004094003,1220783,Discharge To Another Facility,100,36005063001
36004105002,1220797,Discharge To Another Facility,100,36004071001
36009118001,1221470,Discharge To Another Facility,100,36009107001
55004380001,1229233,Discharge To Another Facility,50,55003100001
36007137001,1232158,Discharge To Another Facility,100,36007136006
42003243001,3104946,Discharge To Another Facility,100,42003125002
48071166001,3119533,Discharge To Another Facility,100,48071018001
39004208004,3123588,Discharge To Another Facility,100,39002591001
34001061001,3146588,Discharge To Another Facility,100,34001093001
29004035003,3148048,Discharge To Another Facility,100,29004030001
48007931001,3148228,Discharge To Another Facility,100,48007158001
39002892004,3279756,Discharge To Another Facility,100,39000273001
36003085002,3478952,Discharge To Another Facility,100,36003087001
51070000014,3514937,Discharge To Another Facility,100,51000013013
17002076001,3526516,Discharge To Another Facility,100,17000136001
12000001009,3531676,Discharge To Another Facility,100,12000001001
17000657004,3532356,Discharge To Another Facility,39,17000657002
17000657004,3532356,Discharge To Another Facility,61,17000657001
24000030011,3534056,Discharge To Another Facility,100,24000031001
47000205002,3542461,Discharge To Another Facility,100,47000205001
47003012001,1166264,Discharge To Another Facility,100,47001016002
49000013001,1170370,Discharge To Another Facility,100,49000085001
49000022001,1170379,Discharge To Another Facility,50,32000047001
49000329001,1170652,Discharge To Another Facility,100,49000081001
06001030001,1175198,Discharge To Another Facility,100,06001045001
53000737001,1180840,Discharge To Another Facility,100,53001610001
53001245001,1180932,Discharge To Another Facility,100,53000982002
48004016003,1183333,Discharge To Another Facility,100,48004354001
48007477001,1184093,Discharge To Another Facility,100,48007475001
48007564001,1184143,Discharge To Another Facility,100,48007064003
48007683001,1184213,Discharge To Another Facility,100,48007769001
51000046001,1192638,Discharge To Another Facility,100,51000213001
40000500002,1172729,Discharge To Another Facility,0,40000501001
53001070001,1180902,Discharge To Another Facility,100,53000776001
53002135001,1181038,Discharge To Another Facility,100,53000365001
48007733001,1184243,Discharge To Another Facility,100,48007039025
48007876001,1184324,Discharge To Another Facility,100,48007875001
51000305001,1192940,Discharge To Another Facility,100,51000308004
42005348001,1196854,Discharge To Another Facility,100,42005016001
55001220001,1206161,Discharge To Another Facility,100,55003100001
55003002001,1206424,Discharge To Another Facility,50,55003100001
55009689001,1206924,Discharge To Another Facility,100,55009690002
55009786001,1206953,Discharge To Another Facility,100,55003190001
36009074002,1221397,Discharge To Another Facility,100,36009071001
36007221001,1221185,Discharge To Another Facility,100,36007227001
36009072001,1221390,Discharge To Another Facility,100,36009071001
48007801001,1227935,Discharge To Another Facility,100,48007853001
26000526001,1239212,Discharge To Another Facility,100,26000596001
37001018001,2893382,Discharge To Another Facility,100,37001017001
37006410001,2918182,Discharge To Another Facility,100,37003301001
23000187001,2986822,Discharge To Another Facility,100,23000038001
39005601018,3028068,Discharge To Another Facility,100,39009240001
53000622002,3081909,Discharge To Another Facility,100,53000776007
20001718001,3085588,Discharge To Another Facility,100,20000191001
39008330011,3177454,Discharge To Another Facility,100,39003059001
49000060005,3196449,Discharge To Another Facility,100,49000051001
41000006002,3342018,Discharge To Another Facility,100,41000017002
39004563005,3342390,Discharge To Another Facility,100,39004564001
39000081002,3361310,Discharge To Another Facility,100,39000041001
48001718601,3370870,Discharge To Another Facility,100,48007039084
06002158001,3484151,Discharge To Another Facility,100,06002046001
26002004003,3509856,Discharge To Another Facility,100,26002004001
51070000006,3513917,Discharge To Another Facility,100,51001400027
20000711002,3520876,Discharge To Another Facility,100,20000711001
17000623002,3525636,Discharge To Another Facility,67,17000623001
18120000056,3526416,Discharge To Another Facility,100,18003200001
48001123002,3542396,Discharge To Another Facility,50,48001121001
39005051008,422947,Discharge To Another Facility,100,39008561001
04000708001,1069378,Discharge To Another Facility,100,04000707001
34001339001,1073430,Discharge To Another Facility,100,34001005001
29001030100,1073806,Discharge To Another Facility,100,29001030002
12000323001,1078417,Discharge To Another Facility,100,12000193001
39008981001,1081691,Discharge To Another Facility,100,39004650001
39009600009,1081735,Discharge To Another Facility,100,39004370001
26000208001,1088413,Discharge To Another Facility,100,26000214001
26000313012,1088462,Discharge To Another Facility,100,26000313001
26000912002,1088645,Discharge To Another Facility,100,26000912001
26004005008,1089006,Discharge To Another Facility,100,26004005011
25000110001,1092407,Discharge To Another Facility,100,25000128001
25000385001,1092566,Discharge To Another Facility,100,25000025001
54002803003,1095033,Discharge To Another Facility,100,24000031001
54003004001,1095058,Discharge To Another Facility,100,54003045001
13000211001,1109244,Discharge To Another Facility,67,13000211003
17000416001,1113685,Discharge To Another Facility,100,17000407001
17000538001,1113817,Discharge To Another Facility,100,17000136001
17000685001,1113950,Discharge To Another Facility,100,17000512003
55001590090,1206230,Discharge To Another Facility,100,55001591000
55003605001,1206514,Discharge To Another Facility,100,55010850003
55004290001,1206613,Discharge To Another Facility,100,55005110001
55009971003,1207017,Discharge To Another Facility,100,55004730001
36005038001,1220852,Discharge To Another Facility,100,36005063001
36008168001,1221307,Discharge To Another Facility,100,36008049001
36009115001,1221465,Discharge To Another Facility,100,36009113001
19000397001,1234660,Discharge To Another Facility,100,19000894001
39008456001,2806730,Discharge To Another Facility,100,39008638001
48004283001,2827521,Discharge To Another Facility,100,48000004007
48000017001,2898285,Discharge To Another Facility,100,48000017010
18002250001,2911990,Discharge To Another Facility,100,18003300001
39005727001,2960102,Discharge To Another Facility,100,39006804001
01000000107,3607535,Discharge To Another Facility,50,01000140002
29002497002,1133874,Discharge To Another Facility,0,29002497001
36005069001,1220879,Discharge To Another Facility,100,36005046001
06000000124,3608283,Discharge To Another Facility,0,06000000132
18000000024,3606618,Discharge To Another Facility,100,18003160002
22000000074,3606756,Discharge To Another Facility,0,22000000075
49000321001,1170644,Discharge To Another Facility,90,49000155001
49000980001,3121969,Discharge To Another Facility,25,49000155001
29000000289,3607941,Discharge To Another Facility,0,29001009001
06008024001,1175978,Discharge To Another Facility,100,06000000105
08000000094,3608530,Discharge To Another Facility,100,08000070001
37005004001,1153459,Discharge To Another Facility,50,37005006001
29000000070,3607443,Discharge To Another Facility,0,29003210001
19000649001,1124022,Discharge To Another Facility,0,19000649002
17000000054,3608622,Discharge To Another Facility,100,17000347001
45000219003,1157114,Discharge To Another Facility,34,45000607007
53000020001,1180742,Discharge To Another Facility,100,53000776001
08209000200,3500397,Discharge To Another Facility,100,08000192001
36000000423,3608961,Discharge To Another Facility,0,36009052001
36000000435,3609384,Discharge To Another Facility,100,36001021001
36000000438,3609405,Discharge To Another Facility,0,36001015014
36008041001,1221240,Discharge To Another Facility,100,36008024001
13000000493,3609369,Discharge To Another Facility,70,13000827002
13000000493,3609369,Discharge To Another Facility,30,13000827001
08000000086,3608502,Discharge To Another Facility,100,08000272001
51000242001,1192868,Discharge To Another Facility,0,51000308004
37005202001,1153476,Discharge To Another Facility,0,37000000097
49000170001,1170515,Discharge To Another Facility,100,49000135001
36009123001,1232193,Discharge To Another Facility,0,36009112001
12000025001,1078145,Discharge To Another Facility,18,12000037001
13000000587,3610613,Discharge To Another Facility,23,13000203002
37000000121,3611049,Discharge To Another Facility,100,37007901001
54000000088,3610812,Discharge To Another Facility,100,54003045001
29001131001,1133411,Discharge To Another Facility,100,29001026002
33000076003,3610805,Discharge To Another Facility,100,33000076001
55003002001,1206424,Discharge To Another Facility,50,55000000052
13000000600,3610654,Discharge To Another Facility,100,13000000668
27000000178,3611508,Discharge To Another Facility,100,27000036001
37003613001,3480095,Discharge To Another Facility,0,37003614001
55004150001,1206593,Discharge To Another Facility,50,55000000052
25000930003,3611983,Discharge To Another Facility,100,25000216002
25000067001,1092368,Discharge To Another Facility,1,25000059001
21000019000,3542737,Discharge To Another Facility,0,21000025011
30000000034,3611826,Discharge To Another Facility,100,30000080001
55002990001,1206406,Discharge To Another Facility,44,55000000052
13000000587,3610613,Discharge To Another Facility,77,13000000586
25001000002,3611925,Discharge To Another Facility,100,25000025001
13000000728,3612133,Discharge To Another Facility,10,13000000776
06000000306,3612787,Discharge To Another Facility,100,06005088002
23000001004,1142428,Discharge To Another Facility,0,23000000044
05000000053,3612930,Discharge To Another Facility,100,05000657001
28000250001,1160239,Discharge To Another Facility,0,28000250005
38000367001,1151603,Discharge To Another Facility,0,38000001001
24000000024,3612767,Discharge To Another Facility,0,24000004001
13000650001,1109468,Discharge To Another Facility,51,13000000823
13000000828,3613249,Discharge To Another Facility,50,13000717001
39006611003,1081463,Discharge To Another Facility,0,39006611005
38000008001,1151263,Discharge To Another Facility,0,38000000109
13000000861,3614274,Discharge To Another Facility,43,13000623002
24000000029,3613197,Discharge To Another Facility,100,24000004001
24000003001,1214132,Discharge To Another Facility,0,24000000022
24000003003,1214134,Discharge To Another Facility,0,24000000022
36009173001,1221488,Discharge To Another Facility,0,36009009002
17000000018,3607377,Discharge To Another Facility,100,17000347001
36000000292,3606889,Discharge To Another Facility,82,36009055001
37000000020,3608589,Discharge To Another Facility,100,37005601001
18000000007,3606601,Discharge To Another Facility,25,18000200001
01000000153,3610191,Discharge To Another Facility,100,01000347001
27000000136,3610338,Discharge To Another Facility,100,27000001001
27000001012,1147882,Discharge To Another Facility,0,27000000144
27009305001,1148475,Discharge To Another Facility,100,27009304001
36000000507,3610887,Discharge To Another Facility,0,36001004001
51000000139,3610903,Discharge To Another Facility,100,51000275001
55000000205,3611578,Discharge To Another Facility,20,55009511002
55004925001,1206693,Discharge To Another Facility,20,55009511002
37007611001,3154250,Discharge To Another Facility,0,37007601001
25000001003,3611963,Discharge To Another Facility,100,25000004001
27000000147,3610897,Discharge To Another Facility,100,27000035001
34008221001,1073914,Discharge To Another Facility,100,34008357001
18000000023,3606617,Discharge To Another Facility,0,18005353001
36000000279,3606870,Discharge To Another Facility,0,36005063001
36009149001,1221485,Discharge To Another Facility,0,36000000351
01000000121,3608024,Discharge To Another Facility,100,01000007001
29004064002,1134082,Discharge To Another Facility,0,29004064001
29001037001,1133318,Discharge To Another Facility,0,29000000149
18000000007,3606601,Discharge To Another Facility,75,18000201001
01000000140,3608649,Discharge To Another Facility,0,01000123001
37001404001,1153197,Discharge To Another Facility,100,37001206003
13000000491,3609361,Discharge To Another Facility,100,13000797001
13000000494,3609447,Discharge To Another Facility,100,13000199001
13000000536,3609729,Discharge To Another Facility,18,13000222001
04000000141,3609636,Discharge To Another Facility,15,04000000142
17000000092,3609662,Discharge To Another Facility,0,17009905001
13000000565,3610362,Discharge To Another Facility,8,13000047001
36000000485,3610441,Discharge To Another Facility,0,36008074001
36000000486,3610442,Discharge To Another Facility,0,36000000320
13000000572,3610455,Discharge To Another Facility,94,13000207001
27000000174,3611504,Discharge To Another Facility,0,27007615001
08000000206,3608840,Discharge To Another Facility,100,08000290001
54000000090,3611335,Discharge To Another Facility,100,54001601001
55000708002,1206103,Discharge To Another Facility,50,55000000052
39005670001,1081312,Discharge To Another Facility,0,39000000180
13000000577,3610523,Discharge To Another Facility,1,13000000711
55000365001,1206068,Discharge To Another Facility,50,55000000052
55002010001,1206273,Discharge To Another Facility,50,55000000052
06002001001,1175262,Discharge To Another Facility,100,06000000068
36007177001,2814323,Discharge To Another Facility,0,36007176001
04001904008,3219791,Discharge To Another Facility,1,04001903006
06000000133,3608440,Discharge To Another Facility,75,06005098001
17000000055,3608623,Discharge To Another Facility,100,17000347001
25000029001,1092332,Discharge To Another Facility,11,25000025001
04000000134,3609208,Discharge To Another Facility,66,04000501002
37000000107,3610398,Discharge To Another Facility,50,37001806001
39000000172,3610447,Discharge To Another Facility,0,39008330006
12000141003,1078299,Discharge To Another Facility,100,12000000004
36000000322,3606933,Discharge To Another Facility,100,36008024001
08000106101,3418568,Discharge To Another Facility,100,08105000000
05000098001,1104934,Discharge To Another Facility,33,05000093001
12000000142,3612744,Discharge To Another Facility,0,12000000055
51000000172,3612829,Discharge To Another Facility,0,51000266004
51000000179,3612836,Discharge To Another Facility,0,51001400027
55003480002,1206497,Discharge To Another Facility,100,55003480001
13000545001,1109344,Discharge To Another Facility,100,13000003002
39000000237,3613017,Discharge To Another Facility,0,39009086001
13000000670,3611497,Discharge To Another Facility,18,13000204001
13000000670,3611497,Discharge To Another Facility,30,13000204003
19000000140,3608556,Discharge To Another Facility,100,19000226001
39000000253,3613285,Discharge To Another Facility,0,39004475001
51000000152,3612782,Discharge To Another Facility,1,51000000142
13000000650,3611308,Discharge To Another Facility,1,13000185001
55000000188,3610562,Discharge To Another Facility,100,55004910001
39000000261,3613620,Discharge To Another Facility,100,39001792001
35000000058,3607361,Discharge To Another Facility,100,35000118001
15000009006,3613923,Discharge To Another Facility,0,15000009003
39000000239,3613039,Discharge To Another Facility,0,39000329001
08000050001,1066854,Discharge To Another Facility,100,08000046001
29002108001,1133687,Discharge To Another Facility,0,29002119001
27000223001,1148084,Discharge To Another Facility,100,27000028001
55002015001,1206274,Discharge To Another Facility,50,55000000052
55000000184,3610557,Discharge To Another Facility,100,55003150001
55001830001,1206257,Discharge To Another Facility,100,55001730001
51000232001,1192857,Discharge To Another Facility,0,51000228001
06000000075,3607083,Discharge To Another Facility,100,06009019001
31000000022,3607357,Discharge To Another Facility,100,31000950001
29000000220,3607596,Discharge To Another Facility,0,29000000266
13000000423,3607943,Discharge To Another Facility,100,13000012001
36000000357,3607997,Discharge To Another Facility,0,36008080001
22003347001,1168534,Discharge To Another Facility,0,22003354001
29000000120,3607565,Discharge To Another Facility,0,29000000279
45000000080,3608520,Discharge To Another Facility,4,45000614001
53000000038,3608527,Discharge To Another Facility,100,53001620001
06000000170,3609134,Discharge To Another Facility,100,06000000171
29000000332,3609474,Discharge To Another Facility,100,29002362003
13000636001,1109448,Discharge To Another Facility,31,13000000499
17002083001,3531916,Discharge To Another Facility,0,17000002001
13000521001,1109321,Discharge To Another Facility,78,13000594001
08000000165,3608741,Discharge To Another Facility,100,08000070001
37000704001,1153123,Discharge To Another Facility,0,37000702001
27044000666,3500964,Discharge To Another Facility,100,27000001001
36007203002,1221178,Discharge To Another Facility,100,36007182001
39000000168,3610361,Discharge To Another Facility,0,39000201006
08000000215,3608865,Discharge To Another Facility,100,08000070001
33000004001,1100900,Discharge To Another Facility,100,33000100003
36000000446,3609486,Discharge To Another Facility,100,36001010006
13000000615,3610937,Discharge To Another Facility,3,13000000618
13000000622,3611018,Discharge To Another Facility,100,13000000619
13000000623,3611052,Discharge To Another Facility,5,13000214001
27000000159,3611169,Discharge To Another Facility,100,27003412001
13000000629,3611217,Discharge To Another Facility,28,13000575007
05000092001,1104928,Discharge To Another Facility,0,05000045001
55003352001,1206477,Discharge To Another Facility,50,55000000052
13000000594,3610647,Discharge To Another Facility,4,13000000668
13000000594,3610647,Discharge To Another Facility,48,13000200001
36009132001,409151,Discharge To Another Facility,100,36009133001
12000044001,1078159,Discharge To Another Facility,79,12000037001
13000000577,3610523,Discharge To Another Facility,8,13000000712
13000000714,3612014,Discharge To Another Facility,5,13000999005
55001890001,1206262,Discharge To Another Facility,50,55000000052
55003465001,1206493,Discharge To Another Facility,100,55003500001
48003033009,2898762,Discharge To Another Facility,100,48003033016
39000000212,3612147,Discharge To Another Facility,0,39003369002
08000219001,1067011,Discharge To Another Facility,100,08000025001
35000000111,3611570,Discharge To Another Facility,100,35000118001
55000000247,3612725,Discharge To Another Facility,100,55000000052
51000000160,3612815,Discharge To Another Facility,0,51000002001
51000000161,3612817,Discharge To Another Facility,0,51000006001
51000000162,3612818,Discharge To Another Facility,0,51000005001
51000000170,3612827,Discharge To Another Facility,0,51000266004
51000000173,3612830,Discharge To Another Facility,0,51001400027
51000000186,3612850,Discharge To Another Facility,0,51000122001
51000000195,3612860,Discharge To Another Facility,0,51000207010
21000030001,1139497,Discharge To Another Facility,50,21000056004
26004061001,1089058,Discharge To Another Facility,90,26000596001
39000000252,3613283,Discharge To Another Facility,100,39007210001
35000026001,1145035,Discharge To Another Facility,0,35000000179
39000000272,3613779,Discharge To Another Facility,0,39000288009
20000000036,3614036,Discharge To Another Facility,100,20000744002
51000151002,1235972,Discharge To Another Facility,100,51000000218
13000000861,3614274,Discharge To Another Facility,57,13000623001
13000000863,3614285,Discharge To Another Facility,100,13000660001
13000000865,3614312,Discharge To Another Facility,5,13000000866
21000086002,1139552,Discharge To Another Facility,0,21000086001
17000000043,3608363,Discharge To Another Facility,30,17000133001
13000000604,3610676,Discharge To Another Facility,100,13000222001
55005530001,1206759,Discharge To Another Facility,100,55000006001
05000745001,1237668,Discharge To Another Facility,0,05000005001
51000320001,1192957,Discharge To Another Facility,13,51000334001
13000000674,3611518,Discharge To Another Facility,50,13000399001
01000000104,3607454,Discharge To Another Facility,50,01000088200
36000000369,3608082,Discharge To Another Facility,100,36000000368
36000000371,3608084,Discharge To Another Facility,0,36008080001
13000000564,3610298,Discharge To Another Facility,10,13000216007
39000000170,3610445,Discharge To Another Facility,0,39005999001
13000000544,3609749,Discharge To Another Facility,5,13000000541
45009106001,1157290,Discharge To Another Facility,100,45000104002
01000000096,3606866,Discharge To Another Facility,0,01000178007
17000000030,3607911,Discharge To Another Facility,100,17000484001
36000000359,3607999,Discharge To Another Facility,0,36009066001
06002036001,1175294,Discharge To Another Facility,0,06000000116
06004027001,1175513,Discharge To Another Facility,35,06000000117
29000000069,3607442,Discharge To Another Facility,0,29003210001
37000000008,3607910,Discharge To Another Facility,50,37004306001
06000000125,3608290,Discharge To Another Facility,100,06000000124
36008048001,1221246,Discharge To Another Facility,100,36008080001
36001008001,1220245,Discharge To Another Facility,100,36001010001
36008088001,1232172,Discharge To Another Facility,0,36000000407
22003346001,1168533,Discharge To Another Facility,0,22003354001
45000000080,3608520,Discharge To Another Facility,35,45000614007
45000000080,3608520,Discharge To Another Facility,1,45000000078
13000000549,3610164,Discharge To Another Facility,15,13000022003
29003781001,1134016,Discharge To Another Facility,0,29003781002
04000000137,3609314,Discharge To Another Facility,65,04002701004
04001302012,3501946,Discharge To Another Facility,69,04000000128
13000000508,3609576,Discharge To Another Facility,100,13000535001
06000000203,3609627,Discharge To Another Facility,79,06008033001
06000000203,3609627,Discharge To Another Facility,21,06009076001
13000000548,3610162,Discharge To Another Facility,100,13000022001
48003033002,1183197,Discharge To Another Facility,0,48003033004
27000136001,1148008,Discharge To Another Facility,100,27000001026
36000000484,3610440,Discharge To Another Facility,0,36000000320
06000000168,3609128,Discharge To Another Facility,100,06004009004
13000000555,3610194,Discharge To Another Facility,0,13000016004
39000000174,3610449,Discharge To Another Facility,0,42006125001
06005107001,1175639,Discharge To Another Facility,60,06005077001
12000516001,1078450,Discharge To Another Facility,70,12000056007
13000000675,3611519,Discharge To Another Facility,50,13000399002
55007522000,495189,Discharge To Another Facility,20,55009511002
36007006002,3491061,Discharge To Another Facility,0,36007006001
39006770016,3202310,Discharge To Another Facility,0,39006770011
53002012004,3526136,Discharge To Another Facility,100,53001160001
08000000181,3608765,Discharge To Another Facility,100,08000166001
55000760001,1229148,Discharge To Another Facility,50,55000000052
21000019003,3540436,Discharge To Another Facility,0,21000025011
08000000301,3609383,Discharge To Another Facility,100,08000125001
18000000121,3612227,Discharge To Another Facility,100,18004959001
08000323001,1067106,Discharge To Another Facility,100,08201200112
51000000151,3612781,Discharge To Another Facility,100,51000166001
51000163001,1235975,Discharge To Another Facility,36,51001400008
51000000163,3612819,Discharge To Another Facility,0,51000005001
51000000168,3612824,Discharge To Another Facility,0,51000006001
13000000784,3612928,Discharge To Another Facility,35,13000328002
05000247001,1105075,Discharge To Another Facility,0,05000014003
23000001011,1142431,Discharge To Another Facility,0,23000000044
38000000112,3613265,Discharge To Another Facility,0,38000008001
05000014002,1104880,Discharge To Another Facility,0,05000014003
38000000113,3613268,Discharge To Another Facility,100,38000061001
39000000262,3613621,Discharge To Another Facility,100,39001792001
13000000843,3613933,Discharge To Another Facility,40,13000000842
05000674001,1105471,Discharge To Another Facility,0,05000674002
20000755001,2919151,Discharge To Another Facility,0,20000744002
48000000291,3610993,Discharge To Another Facility,0,48008015003
13000000865,3614312,Discharge To Another Facility,95,13000618002
36007013001,1221059,Discharge To Another Facility,100,36007002001
34001187001,1073355,Discharge To Another Facility,0,34001005001
10000001004,1066390,Discharge To Another Facility,0,10000001002
01000000092,3606797,Discharge To Another Facility,0,01000338001
49000153001,1170499,Discharge To Another Facility,100,49000053001
36000000288,3606879,Discharge To Another Facility,100,36004064001
51000308005,1192947,Discharge To Another Facility,0,51000308012
55001330000,495203,Discharge To Another Facility,20,55009511002
25001010003,3611987,Discharge To Another Facility,100,25000045001
39000000229,3612902,Discharge To Another Facility,100,39001660001
13000715003,1109540,Discharge To Another Facility,20,13000000584
35000000126,3611840,Discharge To Another Facility,0,35200900004
35000000194,3614011,Discharge To Another Facility,0,35000021001
06005649001,1175839,Discharge To Another Facility,30,06005227002
29001174002,1133499,Discharge To Another Facility,100,29001174001
01200100024,3313255,Discharge To Another Facility,70,01000000106
06008022001,1175976,Discharge To Another Facility,91,06000000089
36004042002,3501095,Discharge To Another Facility,0,36000000387
13000800009,3522933,Discharge To Another Facility,80,13000016010
06009077001,1176096,Discharge To Another Facility,25,06009075001
13000000425,3607966,Discharge To Another Facility,24,13000000426
17000000047,3608417,Discharge To Another Facility,10,17000154003
04000000130,3608983,Discharge To Another Facility,90,04001506001
01000000133,3608468,Discharge To Another Facility,100,01000409001
06000000131,3608421,Discharge To Another Facility,57,06002043001
13000000658,3611324,Discharge To Another Facility,4,13000000657
53000127001,1180756,Discharge To Another Facility,75,53000776002
06000000149,3608850,Discharge To Another Facility,100,06004009005
04000000137,3609314,Discharge To Another Facility,35,04002701005
36008068001,1221265,Discharge To Another Facility,100,36000000295
19000734001,1124093,Discharge To Another Facility,100,19000208001
29004059101,1134077,Discharge To Another Facility,0,29004109001
04000505031,3160948,Discharge To Another Facility,27,04001505002
29000000334,3609606,Discharge To Another Facility,0,29001237044
13000622001,1109433,Discharge To Another Facility,100,13000000530
13000000535,3609728,Discharge To Another Facility,100,13000221001
12000153008,2976223,Discharge To Another Facility,95,12000000071
13000000615,3610937,Discharge To Another Facility,9,13000999029
13000000615,3610937,Discharge To Another Facility,21,13000000614
13000000615,3610937,Discharge To Another Facility,1,13000000613
33000076004,3611172,Discharge To Another Facility,100,33000076001
13000000658,3611324,Discharge To Another Facility,32,13000697002
36003141002,3604437,Discharge To Another Facility,100,36003141001
29002212002,1133739,Discharge To Another Facility,100,29001182001
06000000126,3608299,Discharge To Another Facility,100,06004009001
37006402001,1236383,Discharge To Another Facility,100,37009801002
04001904008,3219791,Discharge To Another Facility,1,04001903018
13000000555,3610194,Discharge To Another Facility,32,13000016010
13000000556,3610195,Discharge To Another Facility,100,13000022001
55003100110,441171,Discharge To Another Facility,50,55000000052
21000157001,1139600,Discharge To Another Facility,100,21000157002
13000000611,3610902,Discharge To Another Facility,44,13000667001
13000000688,3611557,Discharge To Another Facility,100,13000062001
37000000152,3611730,Discharge To Another Facility,100,37002902001
13000211001,1109244,Discharge To Another Facility,33,13000211002
13000000720,3612124,Discharge To Another Facility,1,13000000718
12000000019,3607522,Discharge To Another Facility,100,12000017004
36000000343,3607323,Discharge To Another Facility,100,36007056001
39004795001,1081225,Discharge To Another Facility,0,39004208002
12000000026,3607662,Discharge To Another Facility,0,12000017004
55009583001,1206882,Discharge To Another Facility,100,55002240001
21000601001,3518716,Discharge To Another Facility,50,21000080001
12000000014,3607309,Discharge To Another Facility,100,12000017004
13000000540,3609744,Discharge To Another Facility,49,13000694001
51000000152,3612782,Discharge To Another Facility,3,51000154002
51000320001,1192957,Discharge To Another Facility,1,51000199012
01000000104,3607454,Discharge To Another Facility,50,01000023390
01000014002,1101841,Discharge To Another Facility,100,01000014001
51000000169,3612825,Discharge To Another Facility,0,51000005001
51000000176,3612833,Discharge To Another Facility,0,51000020001
51000000190,3612854,Discharge To Another Facility,0,51000200001
51000000184,3612848,Discharge To Another Facility,0,37008603001
09001180002,1071916,Discharge To Another Facility,0,09001180001
13000000513,3609605,Discharge To Another Facility,0,13000000817
13000650001,1109468,Discharge To Another Facility,49,13000000824
05000000073,3613192,Discharge To Another Facility,0,05000077001
39009630008,386434,Discharge To Another Facility,0,39009600002
05000000085,3613311,Discharge To Another Facility,0,05000335001
23000000056,3613525,Discharge To Another Facility,100,23000014001
13000000850,3614179,Discharge To Another Facility,39,13000000849
13000000674,3611518,Discharge To Another Facility,50,13000399002
49000000163,3614257,Discharge To Another Facility,50,49000091002
13000000544,3609749,Discharge To Another Facility,83,13000671001
08000104201,3418598,Discharge To Another Facility,100,08000061001
36000000277,3606868,Discharge To Another Facility,0,36009055001
54005454001,1095324,Discharge To Another Facility,100,54005402001
06000000121,3608175,Discharge To Another Facility,12,06008034001
04002511004,3509177,Discharge To Another Facility,41,04002511003
04002511004,3509177,Discharge To Another Facility,54,04002511002
04002511004,3509177,Discharge To Another Facility,5,04000000121
12000149001,1078308,Discharge To Another Facility,52,12000000071
36003186001,1220669,Discharge To Another Facility,100,36003169012
13000000645,3611298,Discharge To Another Facility,75,13000563001
12000000021,3607524,Discharge To Another Facility,100,12000017004
13000000782,3612912,Discharge To Another Facility,0,13000999033
39000000265,3613632,Discharge To Another Facility,0,39000193001
01000401001,1102209,Discharge To Another Facility,0,01000046001
35000000041,3607314,Discharge To Another Facility,0,35200900303
17000387002,2923706,Discharge To Another Facility,20,17000402001
13000000846,3614156,Discharge To Another Facility,72,13000163001
18000000012,3606606,Discharge To Another Facility,100,18000453001
45000000074,3607518,Discharge To Another Facility,100,45000237002
06000000096,3607867,Discharge To Another Facility,100,06004009001
13000000429,3607970,Discharge To Another Facility,6,13000000427
16000000072,3608087,Discharge To Another Facility,50,16000005002
13000000442,3607988,Discharge To Another Facility,100,13000012004
41000011001,1164266,Discharge To Another Facility,0,41000000050
06000000131,3608421,Discharge To Another Facility,43,06002011001
13000000478,3608965,Discharge To Another Facility,100,13000573001
39007479003,385169,Discharge To Another Facility,0,39007479006
04000000127,3608976,Discharge To Another Facility,33,04001302012
08201200098,3531176,Discharge To Another Facility,100,08000180001
29001240000,3154048,Discharge To Another Facility,100,29001241001
36000000489,3610535,Discharge To Another Facility,0,36009046001
55007901002,1206810,Discharge To Another Facility,56,55002981001
04001320004,1069459,Discharge To Another Facility,50,04001318001
04001315009,3166608,Discharge To Another Facility,95,04000000150
12000000065,3610389,Discharge To Another Facility,95,12000000071
13000000625,3611081,Discharge To Another Facility,25,13000856001
33000082004,3611181,Discharge To Another Facility,100,33000082001
33000097005,3611191,Discharge To Another Facility,0,33000097001
13000208002,1109239,Discharge To Another Facility,22,13000208001
33000096004,3611195,Discharge To Another Facility,100,33000096001
12000000093,3611210,Discharge To Another Facility,20,12000000095
29002504000,1133879,Discharge To Another Facility,100,29000000082
36000000504,3610775,Discharge To Another Facility,100,36007182001
13000000645,3611298,Discharge To Another Facility,25,13000000644
13000000671,3611498,Discharge To Another Facility,100,13000842001
13000000675,3611519,Discharge To Another Facility,50,13000399001
39000000207,3612021,Discharge To Another Facility,100,39001666002
25000138001,3021971,Discharge To Another Facility,4,25000018001
25000007001,1092311,Discharge To Another Facility,1,25000205001
37003607002,1236371,Discharge To Another Facility,0,37000000138
13000000720,3612124,Discharge To Another Facility,1,13000000716
25001090004,3611970,Discharge To Another Facility,100,25000041001
36007152001,1221144,Discharge To Another Facility,100,36007136006
36000000323,3606934,Discharge To Another Facility,100,36006093001
13000000751,3612360,Discharge To Another Facility,100,13000728001
18120000064,3531596,Discharge To Another Facility,100,18004655001
55000962001,1206136,Discharge To Another Facility,100,55009511001
13000000780,3612910,Discharge To Another Facility,17,13000006011
13000000584,3610589,Discharge To Another Facility,47,13000003001
42000000067,3611345,Discharge To Another Facility,100,42003015001
13000000660,3611326,Discharge To Another Facility,5,13000000821
39000000247,3613218,Discharge To Another Facility,0,39008072011
48005009001,1183571,Discharge To Another Facility,0,48000000419
13000000832,3613288,Discharge To Another Facility,45,13000609001
13000000753,3612362,Discharge To Another Facility,100,13000198001
06000000176,3609213,Discharge To Another Facility,100,06004009002
13000023001,1108989,Discharge To Another Facility,72,13000022028
13000023001,1108989,Discharge To Another Facility,28,13000022003
36000000451,3609571,Discharge To Another Facility,0,36004052001
25000034001,1092336,Discharge To Another Facility,11,25000040001
35000000051,3607348,Discharge To Another Facility,100,35200900004
25000256002,3609756,Discharge To Another Facility,0,25000024001
13000000660,3611326,Discharge To Another Facility,17,13000000820
24000000025,3612768,Discharge To Another Facility,0,24000003003
54000605002,1094746,Discharge To Another Facility,0,54000605001
13000000843,3613933,Discharge To Another Facility,20,13000537001
53001265001,1180935,Discharge To Another Facility,100,53000000143
26000520000,3510356,Discharge To Another Facility,95,26000596001
29001204001,1133538,Discharge To Another Facility,100,29001127002
23000055001,1142490,Discharge To Another Facility,100,23000068001
27000069001,1147953,Discharge To Another Facility,100,27000001001
27000124001,1148000,Discharge To Another Facility,100,27000001026
27000160001,1148025,Discharge To Another Facility,100,27044000145
27000161001,1148026,Discharge To Another Facility,100,27044000145
37001011001,1153155,Discharge To Another Facility,100,37001021001
37004503001,1153438,Discharge To Another Facility,100,37004501001
37008607001,1153727,Discharge To Another Facility,100,37000101001
37009002006,1153749,Discharge To Another Facility,100,37009002002
37009702001,1153796,Discharge To Another Facility,100,37008612001
49000070001,1170424,Discharge To Another Facility,100,49000094001
49000325001,1170648,Discharge To Another Facility,100,49000130001
06002034001,1175291,Discharge To Another Facility,100,06002034002
06003026001,1175393,Discharge To Another Facility,100,06003044001
53000110001,1180753,Discharge To Another Facility,100,53000776007
48004016001,1183331,Discharge To Another Facility,100,48004354011
48004066001,1183381,Discharge To Another Facility,100,48004065001
48004265001,1183492,Discharge To Another Facility,100,48000004002
48007107001,1183928,Discharge To Another Facility,100,48007123001
48007152001,1183961,Discharge To Another Facility,100,48007153001
48007291001,1184046,Discharge To Another Facility,100,48007848001
48007502001,1184108,Discharge To Another Facility,100,48007046001
48007711001,1184230,Discharge To Another Facility,100,48007146001
48007759001,1184257,Discharge To Another Facility,100,48007173001
51000032001,1192623,Discharge To Another Facility,100,51001305001
51000179004,1192776,Discharge To Another Facility,0,51000266004
51000300009,1192932,Discharge To Another Facility,100,51000001000
51001303001,1193014,Discharge To Another Facility,100,51000069001
55002010001,1206273,Discharge To Another Facility,50,55003100001
55002515001,1206342,Discharge To Another Facility,100,55005391001
55004332001,1206618,Discharge To Another Facility,100,55004330001
55009815001,1206968,Discharge To Another Facility,100,55001310001
36004097001,1220785,Discharge To Another Facility,100,36004025001
36005067001,1220877,Discharge To Another Facility,100,36005043001
36006091001,1221002,Discharge To Another Facility,100,36006158001
36008037001,1221234,Discharge To Another Facility,100,36008024001
36009082012,1221416,Discharge To Another Facility,100,36009071001
36009214001,1221491,Discharge To Another Facility,100,36009043001
31000090001,1230168,Discharge To Another Facility,100,31000950001
39001650001,1237816,Discharge To Another Facility,100,39002093001
51001400063,3068769,Discharge To Another Facility,100,47000170002
48071230001,3149439,Discharge To Another Facility,100,48007184001
55000160000,3372305,Discharge To Another Facility,100,55009898001
36005024003,3485111,Discharge To Another Facility,100,36005024001
36005027002,3485138,Discharge To Another Facility,100,36005027001
36007229002,3490772,Discharge To Another Facility,100,36007219001
17002048001,3505680,Discharge To Another Facility,100,17000524001
26003147002,3514557,Discharge To Another Facility,100,26003147001
36008016101,3527256,Discharge To Another Facility,100,36008016001
39010331007,3529498,Discharge To Another Facility,100,39002919001
48004205002,421507,Discharge To Another Facility,100,48004205001
27044000131,425284,Discharge To Another Facility,100,27005603001
56000099026,479039,Discharge To Another Facility,100,56000002001
55007206003,486278,Discharge To Another Facility,100,55002781001
35000000013,493103,Discharge To Another Facility,100,35200900505
08000294001,1067081,Discharge To Another Facility,100,08000070001
04000701003,1069371,Discharge To Another Facility,100,04000701001
04001360001,1069490,Discharge To Another Facility,100,04001315009
34001158001,1073335,Discharge To Another Facility,100,34002065001
34001276001,1073397,Discharge To Another Facility,100,34001060001
34002240001,1073539,Discharge To Another Facility,100,34002065001
34003512001,1073676,Discharge To Another Facility,100,34003079002
34005372001,1073766,Discharge To Another Facility,100,34005395001
34006224001,1073823,Discharge To Another Facility,100,34006012001
22009019007,1168608,Discharge To Another Facility,0,22001310001
49000036001,1170392,Discharge To Another Facility,100,49000155001
39008694001,1081659,Discharge To Another Facility,100,39004650001
26002011004,1088713,Discharge To Another Facility,100,26002011001
26002093002,1088766,Discharge To Another Facility,100,26002093001
25000200001,1092485,Discharge To Another Facility,80,25000206001
05000630001,1105432,Discharge To Another Facility,100,05000017001
17000137001,1113411,Discharge To Another Facility,100,17000136001
17000576001,1113854,Discharge To Another Facility,100,17000587001
16000045001,1128591,Discharge To Another Facility,100,53000860001
29001019002,1133268,Discharge To Another Facility,100,29001011001
21000233001,1139662,Discharge To Another Facility,100,21000215001
23000002001,1142432,Discharge To Another Facility,96,23000001001
23000088002,1142527,Discharge To Another Facility,100,23000001003
36008052005,3491842,Discharge To Another Facility,100,36008046001
26000058003,3513518,Discharge To Another Facility,100,26000058001
30300301001,3539397,Discharge To Another Facility,100,30000063001
42006131002,390540,Discharge To Another Facility,100,42006131001
27044000661,481192,Discharge To Another Facility,100,27044000143
55003970100,483202,Discharge To Another Facility,100,55003970001
04001309002,1069441,Discharge To Another Facility,54,04001315009
09000730001,1071862,Discharge To Another Facility,100,09001040001
34001237001,1073377,Discharge To Another Facility,100,34001005001
34001242001,1073380,Discharge To Another Facility,100,34001005001
34001266001,1073392,Discharge To Another Facility,100,34001053001
34002010001,1073502,Discharge To Another Facility,100,34002097001
34002360001,1073558,Discharge To Another Facility,100,34002065001
34002532001,1073614,Discharge To Another Facility,100,34002492002
34002534001,1073616,Discharge To Another Facility,100,34002534002
34003048001,1073635,Discharge To Another Facility,100,34003079001
34006074001,1073799,Discharge To Another Facility,100,34006039001
34006467001,1073851,Discharge To Another Facility,100,34006012001
12000018001,1078139,Discharge To Another Facility,40,12000037001
39000019001,1080441,Discharge To Another Facility,100,39001106001
39002037001,1080978,Discharge To Another Facility,100,39000084001
39008072016,1081593,Discharge To Another Facility,100,39008358001
39008330001,1081618,Discharge To Another Facility,100,39008638001
26000108004,1088361,Discharge To Another Facility,100,26000108001
26000548001,1088587,Discharge To Another Facility,100,26000549001
26002085002,1088757,Discharge To Another Facility,100,26002085001
26003137002,1088925,Discharge To Another Facility,100,26003137001
25000051001,1092354,Discharge To Another Facility,100,25000025001
25000193001,1092477,Discharge To Another Facility,100,25000093001
50000081001,1094130,Discharge To Another Facility,100,33000034001
17000157001,1113435,Discharge To Another Facility,100,17000164001
16000178001,1128703,Discharge To Another Facility,100,16000016001
29001148005,1133430,Discharge To Another Facility,100,29001011001
21000098001,1139562,Discharge To Another Facility,100,21000099001
21000214001,1139645,Discharge To Another Facility,100,21000116001
44000001001,1144284,Discharge To Another Facility,100,44000009001
44000007001,1144289,Discharge To Another Facility,100,44000031001
37000706001,1153125,Discharge To Another Facility,100,37000702001
37004002001,1153395,Discharge To Another Facility,100,37004001001
47000030001,1165965,Discharge To Another Facility,100,47000295001
49000318001,1170641,Discharge To Another Facility,100,49000155001
06002049001,1175309,Discharge To Another Facility,100,06002058001
06004010005,1175495,Discharge To Another Facility,75,06004010001
06005100001,1175620,Discharge To Another Facility,100,06005121001
48001436001,1183085,Discharge To Another Facility,100,48001242001
48002024001,1183120,Discharge To Another Facility,100,48002031001
48004011001,1183328,Discharge To Another Facility,100,48004354012
48007086001,1183909,Discharge To Another Facility,100,48007039066
48007137001,1183951,Discharge To Another Facility,100,48007180001
48007437001,1184079,Discharge To Another Facility,100,48007015001
51000109005,1192694,Discharge To Another Facility,100,51000308007
56000072001,1194828,Discharge To Another Facility,100,56000001001
56000129001,1194887,Discharge To Another Facility,100,56000062001
55001265001,1206165,Discharge To Another Facility,100,55001310001
55009595001,1206885,Discharge To Another Facility,100,55009596001
36005090001,1220895,Discharge To Another Facility,100,36005040001
36005102001,1220907,Discharge To Another Facility,100,36005063001
36007008001,1221053,Discharge To Another Facility,100,36007002001
39004581001,2806482,Discharge To Another Facility,100,39001666002
17001100001,2808020,Discharge To Another Facility,100,17000128002
48003033008,2880944,Discharge To Another Facility,100,48003111003
05000043001,2905002,Discharge To Another Facility,100,05000110002
39006161002,3096468,Discharge To Another Facility,67,39006303001
39006161002,3096468,Discharge To Another Facility,33,39008260001
49000065001,3203868,Discharge To Another Facility,100,49000018001
54000504003,3231428,Discharge To Another Facility,100,54000513001
12000017022,3318454,Discharge To Another Facility,100,12000017028
39006575002,3342430,Discharge To Another Facility,22,39000574001
39006575002,3342430,Discharge To Another Facility,78,39000576001
39008072033,3357993,Discharge To Another Facility,100,39008072018
55000900000,3368510,Discharge To Another Facility,100,55003490001
36008178001,3492732,Discharge To Another Facility,100,36008063001
08209000108,3500260,Discharge To Another Facility,100,08209000053
06002125002,3509618,Discharge To Another Facility,100,06002125001
24000300024,3516176,Discharge To Another Facility,5,24000300025
47000235001,3521038,Discharge To Another Facility,100,47000255001
18120000066,3532136,Discharge To Another Facility,100,18000506001
44000026017,3537736,Discharge To Another Facility,100,44000027001
06003094001,406088,Discharge To Another Facility,100,06003081001
16000085201,440205,Discharge To Another Facility,100,16000085001
29001237052,464796,Discharge To Another Facility,0,29001237044
09000820002,1071873,Discharge To Another Facility,100,09000800001
34001177001,1073347,Discharge To Another Facility,100,34001005001
34001222001,1073371,Discharge To Another Facility,100,34001324003
34001406001,1073466,Discharge To Another Facility,100,34001082001
34001474001,1073497,Discharge To Another Facility,100,34001082001
34002188001,1073537,Discharge To Another Facility,100,34002065001
39000018001,1080440,Discharge To Another Facility,100,39001106001
39003907005,1081143,Discharge To Another Facility,100,39005355001
39007819001,1081563,Discharge To Another Facility,100,39009240001
39009156001,1081719,Discharge To Another Facility,100,39006104001
26000007002,1088319,Discharge To Another Facility,100,26000007001
26000224001,1088426,Discharge To Another Facility,100,26000214001
26000458010,1088517,Discharge To Another Facility,100,26000458001
26001002002,1088659,Discharge To Another Facility,100,26001002001
26002085005,1088760,Discharge To Another Facility,100,26002085001
26003103007,1088904,Discharge To Another Facility,100,26003103002
26004004008,1088995,Discharge To Another Facility,100,26004004001
25000083001,1092380,Discharge To Another Facility,100,25000024001
25000092001,1092389,Discharge To Another Facility,100,25000004001
25000123001,1092417,Discharge To Another Facility,100,25000025001
17000751001,1114025,Discharge To Another Facility,100,17000347001
17005505001,1114233,Discharge To Another Facility,100,17005508001
17007214001,1114319,Discharge To Another Facility,100,17007212001
18000108001,1120120,Discharge To Another Facility,100,18000105001
18000112001,1120123,Discharge To Another Facility,100,18000113001
18004863001,1120430,Discharge To Another Facility,100,18004862002
27000097001,1147976,Discharge To Another Facility,100,27000001002
06005774001,1175850,Discharge To Another Facility,100,06005025001
48004044001,1183363,Discharge To Another Facility,100,48004026001
48004073001,1183385,Discharge To Another Facility,100,48000004006
48007039089,1183854,Discharge To Another Facility,100,48007444001
48007469001,1184089,Discharge To Another Facility,100,48007725001
48007638001,1184187,Discharge To Another Facility,100,48007560001
51000033001,1192624,Discharge To Another Facility,100,51001305001
51000188004,1192791,Discharge To Another Facility,100,51000144001
51000215001,1192834,Discharge To Another Facility,100,51000213001
51000257010,1192880,Discharge To Another Facility,100,51000257001
51000269001,1192897,Discharge To Another Facility,100,51000266004
51001400033,1193051,Discharge To Another Facility,100,51000080004
56000121001,1194879,Discharge To Another Facility,100,56000054001
24000022100,1214235,Discharge To Another Facility,100,24000022001
36005010003,1220822,Discharge To Another Facility,100,36005009001
36005035001,1220849,Discharge To Another Facility,100,36005063001
36005062001,1220873,Discharge To Another Facility,100,36005031001
36008002005,1221201,Discharge To Another Facility,100,36008001001
36008116001,1221287,Discharge To Another Facility,100,36008004001
36009110001,1221459,Discharge To Another Facility,100,36009113001
55007206001,1229255,Discharge To Another Facility,100,55002781001
29004053001,1233295,Discharge To Another Facility,100,29004052001
26002003003,2833362,Discharge To Another Facility,100,26002003001
48007039079,2884962,Discharge To Another Facility,100,48007039061
26000313014,2933623,Discharge To Another Facility,100,26000313001
39004726001,2953902,Discharge To Another Facility,100,39004725001
29002145001,3072788,Discharge To Another Facility,100,29001009001
47000247001,3084089,Discharge To Another Facility,100,47000690001
51001400078,3113053,Discharge To Another Facility,100,51001400027
48007909001,3124148,Discharge To Another Facility,100,48009516001
41000216002,3139288,Discharge To Another Facility,100,41000215001
39002892003,3279751,Discharge To Another Facility,100,39008701001
39000578001,3356370,Discharge To Another Facility,100,39000078001
51070000002,3511396,Discharge To Another Facility,100,51000006001
51070000010,3514716,Discharge To Another Facility,0,51000266004
54003880202,3519296,Discharge To Another Facility,100,54003880200
17002016001,371058,Discharge To Another Facility,100,17000073001
34001472001,1073496,Discharge To Another Facility,100,34001005001
34002295001,1073546,Discharge To Another Facility,100,34002065001
34003486001,1073661,Discharge To Another Facility,100,34003079002
34003519001,1073683,Discharge To Another Facility,100,34003099001
34004001003,1073693,Discharge To Another Facility,100,34004001001
34006094001,1073802,Discharge To Another Facility,100,34006012001
34006261001,1073829,Discharge To Another Facility,100,34006012001
51000000194,3612858,Discharge To Another Facility,0,51000026001
12000128001,1078282,Discharge To Another Facility,67,12000156026
39000025001,1080447,Discharge To Another Facility,100,39005523001
39008729001,1081663,Discharge To Another Facility,100,39004809001
25000022001,1092325,Discharge To Another Facility,100,25000128001
54002620001,1095003,Discharge To Another Facility,100,54002608001
05000549001,1105350,Discharge To Another Facility,100,05000319001
17000454001,1113724,Discharge To Another Facility,100,17000587001
17003904001,1114179,Discharge To Another Facility,100,17000640001
18000118001,1120129,Discharge To Another Facility,100,18000106001
19000917001,1124254,Discharge To Another Facility,100,19001083001
20000509001,1130333,Discharge To Another Facility,100,20000193001
29001148043,1133467,Discharge To Another Facility,100,29001148006
29001151001,1133475,Discharge To Another Facility,100,29001011002
55009610001,1206892,Discharge To Another Facility,100,55001730001
24000003028,1214153,Discharge To Another Facility,100,24000003001
36004018002,1220711,Discharge To Another Facility,100,36004069001
36006080001,1220993,Discharge To Another Facility,100,36007131001
36007010001,1221055,Discharge To Another Facility,100,36007002001
36007091001,1221098,Discharge To Another Facility,100,36007090001
36007228002,1221192,Discharge To Another Facility,100,36007219001
36008033001,1221229,Discharge To Another Facility,100,36008267001
36009083001,1221417,Discharge To Another Facility,100,36009082003
47001550001,1235085,Discharge To Another Facility,100,47001091001
39000176204,3520999,Discharge To Another Facility,100,39004634001
47000748001,3522316,Discharge To Another Facility,100,47000905002
39000245002,3537136,Discharge To Another Facility,100,39000242001
39010030002,3538496,Discharge To Another Facility,100,39004480001
16000068201,458824,Discharge To Another Facility,100,16000068001
06001017002,480835,Discharge To Another Facility,100,06001017001
17002028003,504978,Discharge To Another Facility,100,17002028001
10000005001,1066431,Discharge To Another Facility,100,24000081001
08000500054,1067191,Discharge To Another Facility,100,08201200001
09000040001,1071772,Discharge To Another Facility,100,09000520001
34001306001,1073411,Discharge To Another Facility,100,34001305002
34001338001,1073429,Discharge To Another Facility,100,34001005001
34003516001,1073680,Discharge To Another Facility,100,34003079003
34003526001,1073690,Discharge To Another Facility,100,34003079003
34008251001,1073918,Discharge To Another Facility,100,34008041001
34008315001,1073923,Discharge To Another Facility,100,34008073001
12000001010,1078096,Discharge To Another Facility,100,12000001001
12000086001,1078218,Discharge To Another Facility,100,12000085001
39000002001,1080424,Discharge To Another Facility,100,39001666001
39002374001,1080998,Discharge To Another Facility,100,39001666001
39003493001,1081118,Discharge To Another Facility,100,39008743001
39004649001,1081206,Discharge To Another Facility,100,39007480001
39006224001,1081438,Discharge To Another Facility,56,39002093001
39006224001,1081438,Discharge To Another Facility,20,39005419007
39006224001,1081438,Discharge To Another Facility,24,39005419006
39006965001,1081499,Discharge To Another Facility,100,39008225001
26000055002,1088344,Discharge To Another Facility,100,26000055001
26000933001,1088653,Discharge To Another Facility,100,26000924001
26002099001,1088772,Discharge To Another Facility,100,26002111001
25000102001,1092397,Discharge To Another Facility,83,25000032001
25000198001,1092482,Discharge To Another Facility,100,44000030001
54001727001,1094866,Discharge To Another Facility,100,54001703001
17000159001,1113438,Discharge To Another Facility,100,17000158001
17000662001,1113931,Discharge To Another Facility,100,17000670001
17009110001,1114406,Discharge To Another Facility,100,17000278001
19000913001,1124250,Discharge To Another Facility,100,19000226001
29001008010,1133236,Discharge To Another Facility,100,29001127002
29001019001,1133267,Discharge To Another Facility,100,29001127002
29000000058,3607428,Discharge To Another Facility,100,29002153001
23000041001,1142475,Discharge To Another Facility,100,23000006001
23000142001,1142580,Discharge To Another Facility,100,23000120001
44000025001,1144307,Discharge To Another Facility,100,25000091001
27000052001,1147941,Discharge To Another Facility,100,27000001001
27000365001,1148182,Discharge To Another Facility,100,27000001001
37001806002,1153233,Discharge To Another Facility,50,37001805001
37003602001,1153362,Discharge To Another Facility,100,37003601003
37007404001,1153602,Discharge To Another Facility,100,37007405001
41000005001,1164260,Discharge To Another Facility,100,41000001001
22003330001,1168527,Discharge To Another Facility,100,22003331001
49000252001,1170587,Discharge To Another Facility,100,49000051001
06005030001,1175552,Discharge To Another Facility,100,06005197001
06009043001,1176082,Discharge To Another Facility,100,06009011001
53001710001,1180994,Discharge To Another Facility,100,53000510001
48001053001,1182903,Discharge To Another Facility,100,48001053002
48004030001,1183350,Discharge To Another Facility,100,48000004002
48004047001,1183366,Discharge To Another Facility,100,48001132001
48007858001,1184312,Discharge To Another Facility,100,48007848001
55000024001,1206019,Discharge To Another Facility,100,55003490001
55001330001,1206173,Discharge To Another Facility,80,55009511001
55005120001,1206714,Discharge To Another Facility,100,55000014001
55008180001,1206819,Discharge To Another Facility,100,55003490001
36001015016,1220273,Discharge To Another Facility,100,36001015021
29002106001,1133684,Discharge To Another Facility,100,29002119001
29002291001,1133765,Discharge To Another Facility,100,29002296001
21000337001,1139742,Discharge To Another Facility,100,21000024002
23000001010,1142430,Discharge To Another Facility,100,23000118001
23000087001,1142525,Discharge To Another Facility,100,23000126001
27000122001,1147998,Discharge To Another Facility,100,27000001001
27000361001,1148178,Discharge To Another Facility,100,27000028001
37001303001,1153188,Discharge To Another Facility,100,37001301002
37002608001,1153304,Discharge To Another Facility,100,37002601001
37004107001,1153407,Discharge To Another Facility,100,37004101002
37008105001,1153683,Discharge To Another Facility,100,37008106001
06002026001,1175284,Discharge To Another Facility,100,06002025001
06005044001,1175564,Discharge To Another Facility,100,06005077001
06005288001,1175751,Discharge To Another Facility,100,06005010001
53002670001,1181104,Discharge To Another Facility,100,53001270001
48001172001,1182962,Discharge To Another Facility,100,48001119002
48003286001,1183310,Discharge To Another Facility,100,48003111003
48004042001,1183361,Discharge To Another Facility,100,48004354004
48004080001,1183391,Discharge To Another Facility,100,48004083001
48007619001,1184178,Discharge To Another Facility,100,48007185001
48007812001,1184282,Discharge To Another Facility,100,48007848001
48007861001,1184313,Discharge To Another Facility,100,48007046001
51000004008,1192585,Discharge To Another Facility,0,51000005001
51000052001,1192639,Discharge To Another Facility,100,51000092001
51000069003,1192655,Discharge To Another Facility,100,51000069001
51000111001,1192699,Discharge To Another Facility,100,51000308012
51000181002,1192780,Discharge To Another Facility,100,51000184003
51000219008,1192842,Discharge To Another Facility,100,51000213001
51000330002,1192985,Discharge To Another Facility,100,51000334001
55000190001,1206052,Discharge To Another Facility,100,55003650003
55000910002,1206123,Discharge To Another Facility,100,55000910001
55003352001,1206477,Discharge To Another Facility,50,55003100001
55006622001,1206782,Discharge To Another Facility,100,55002490001
55007545001,1206799,Discharge To Another Facility,80,55009511001
55008940001,1206850,Discharge To Another Facility,80,55009511001
24000131001,1214432,Discharge To Another Facility,100,24000031001
36003089001,1220511,Discharge To Another Facility,100,36003095001
36003125001,1220568,Discharge To Another Facility,100,36003129001
36003153001,1220608,Discharge To Another Facility,100,36003169012
36003160001,1220617,Discharge To Another Facility,100,36003169012
36003167001,1220628,Discharge To Another Facility,100,36003169004
36005041001,1220856,Discharge To Another Facility,100,36005045001
36006020002,1220949,Discharge To Another Facility,0,36006020001
36007140003,1221130,Discharge To Another Facility,100,36007136008
36007140005,1221132,Discharge To Another Facility,100,36007136008
36007179001,1221163,Discharge To Another Facility,100,36007178001
39000262001,1237811,Discharge To Another Facility,100,39002702001
48001150002,2874500,Discharge To Another Facility,100,48001150001
17000402007,2923582,Discharge To Another Facility,100,17000402001
20000517001,3085130,Discharge To Another Facility,100,20000513001
39002969029,3092859,Discharge To Another Facility,100,39001190001
39008330020,3177568,Discharge To Another Facility,100,39003731001
49000052005,3233351,Discharge To Another Facility,100,49000155001
41000062003,3404210,Discharge To Another Facility,100,41000062001
36003052002,3479390,Discharge To Another Facility,100,36003059001
36005112001,3484172,Discharge To Another Facility,100,36005053001
37006304002,3486732,Discharge To Another Facility,100,37006313001
08209000072,3500224,Discharge To Another Facility,100,08000070001
48004023002,3507523,Discharge To Another Facility,100,48000004006
26000058005,3513520,Discharge To Another Facility,100,26000058001
18120000069,3536276,Discharge To Another Facility,100,18002040001
23000025002,3539956,Discharge To Another Facility,100,23000025001
48001122002,3542378,Discharge To Another Facility,50,48001122001
37001022005,401040,Discharge To Another Facility,10,37001022004
29001237051,460497,Discharge To Another Facility,100,29000000266
26003103008,466153,Discharge To Another Facility,100,26003103002
55007207002,486282,Discharge To Another Facility,100,55002781001
39001081002,1064217,Discharge To Another Facility,100,39001666002
04001312001,1069442,Discharge To Another Facility,55,04001318001
04001312001,1069442,Discharge To Another Facility,29,04001312002
04001312001,1069442,Discharge To Another Facility,16,04001312003
09000560001,1071830,Discharge To Another Facility,100,09001280001
09001070001,1071901,Discharge To Another Facility,100,09000840005
34001025001,1073298,Discharge To Another Facility,100,34001005001
34001145001,1073333,Discharge To Another Facility,100,34001093001
34001263001,1073390,Discharge To Another Facility,100,34001005001
34002402001,1073570,Discharge To Another Facility,100,34002097001
34004130001,1073711,Discharge To Another Facility,100,34004013006
34006001002,1073779,Discharge To Another Facility,100,34006039001
34006084001,1073800,Discharge To Another Facility,100,34006012001
34009501001,1073963,Discharge To Another Facility,100,34009496001
39000062001,1080487,Discharge To Another Facility,100,39000651001
39000128001,1080552,Discharge To Another Facility,100,39004977001
39000176001,1080601,Discharge To Another Facility,100,39009219001
39000226001,1080648,Discharge To Another Facility,100,39000112001
39008444001,1081639,Discharge To Another Facility,100,39001792001
39009600005,1081732,Discharge To Another Facility,100,39008848001
26000108003,1088360,Discharge To Another Facility,100,26000108001
26002011002,1088711,Discharge To Another Facility,100,26002011001
26002132002,1088792,Discharge To Another Facility,100,26002132001
26003198002,1088954,Discharge To Another Facility,100,26003198001
26004005005,1089003,Discharge To Another Facility,100,26004005011
25000085001,1092382,Discharge To Another Facility,100,25000128001
25000181001,1092465,Discharge To Another Facility,100,25000003001
25000263001,1092545,Discharge To Another Facility,100,25000128001
33000078001,1100967,Discharge To Another Facility,100,33000051001
17000692001,1113957,Discharge To Another Facility,100,17000691001
17000707001,1113973,Discharge To Another Facility,100,17000712001
29001148007,1133431,Discharge To Another Facility,100,29001148006
29001148038,1133462,Discharge To Another Facility,100,29001148006
29001200001,1133535,Discharge To Another Facility,100,29001198001
29001500001,1133617,Discharge To Another Facility,100,29001038001
29004127001,1134143,Discharge To Another Facility,100,29000000030
31000935001,1145884,Discharge To Another Facility,100,31000285001
38000368001,1151604,Discharge To Another Facility,100,38000008001
37001206002,1153180,Discharge To Another Facility,100,37001801004
37001901001,1153238,Discharge To Another Facility,100,37005301003
37003313001,1153344,Discharge To Another Facility,100,37003301001
37003615001,1153376,Discharge To Another Facility,100,37003601002
37006502001,1153559,Discharge To Another Facility,100,37006501002
37007905001,1153666,Discharge To Another Facility,100,37007904001
47000145001,1165981,Discharge To Another Facility,100,47000170002
47000165001,1165987,Discharge To Another Facility,100,47001005001
49000030001,1170387,Discharge To Another Facility,100,49000097001
06002009001,1175270,Discharge To Another Facility,100,06002063001
06005025003,1175547,Discharge To Another Facility,100,06005025001
06005155001,1175673,Discharge To Another Facility,100,06005010001
53001335001,1180948,Discharge To Another Facility,100,53001485001
48004045001,1183364,Discharge To Another Facility,100,48004048001
48004110001,1183417,Discharge To Another Facility,100,48000004001
48007515001,1184116,Discharge To Another Facility,100,48007064002
48007799001,1184275,Discharge To Another Facility,100,48007848001
51001400001,1193022,Discharge To Another Facility,100,51000308003
24000090100,1214420,Discharge To Another Facility,100,24000030003
36007201001,1221176,Discharge To Another Facility,100,36007189002
36008152001,1221302,Discharge To Another Facility,100,36008267001
21000198001,1235500,Discharge To Another Facility,100,21000739001
21000303001,1235516,Discharge To Another Facility,0,21000159001
36004198001,2837522,Discharge To Another Facility,100,36004048001
25000077001,2990922,Discharge To Another Facility,100,25000128001
34007056001,3105616,Discharge To Another Facility,100,34007071001
39005250002,3107912,Discharge To Another Facility,100,39001792002
48004296001,3131728,Discharge To Another Facility,100,48004082002
48071128001,3136408,Discharge To Another Facility,100,48007508001
39000133003,3193268,Discharge To Another Facility,100,39006209001
39004888004,3280888,Discharge To Another Facility,100,39004263001
23000190001,3284248,Discharge To Another Facility,100,23000155001
39000073002,3393796,Discharge To Another Facility,100,39008708001
36005109001,3484106,Discharge To Another Facility,100,36005063001
54002505011,3514017,Discharge To Another Facility,40,54002509001
41000022006,3521479,Discharge To Another Facility,100,41000022007
30300298001,3534296,Discharge To Another Facility,100,30000046001
37003314001,398908,Discharge To Another Facility,100,37003301001
37008908001,409470,Discharge To Another Facility,100,37009401001
08106000000,413171,Discharge To Another Facility,100,08105000000
09000480001,1071820,Discharge To Another Facility,100,09001460001
09000660002,1071850,Discharge To Another Facility,100,09001430001
34001423001,1073473,Discharge To Another Facility,100,34001082001
34003494001,1073662,Discharge To Another Facility,100,34003079003
34003522001,1073686,Discharge To Another Facility,100,34003099001
34004364001,1073723,Discharge To Another Facility,100,34004001001
34006052001,1073793,Discharge To Another Facility,100,34006012001
12000017004,1078137,Discharge To Another Facility,0,12000017026
39001199008,1080878,Discharge To Another Facility,100,39003367001
26000342002,1088481,Discharge To Another Facility,100,26000342001
26000504001,1088558,Discharge To Another Facility,100,26000596001
26003165001,1088939,Discharge To Another Facility,100,26003052001
26004018002,1089040,Discharge To Another Facility,100,26004018001
50000140002,1094160,Discharge To Another Facility,100,50000013001
54005505003,1095332,Discharge To Another Facility,100,54002302001
54005510006,1095347,Discharge To Another Facility,100,54005505000
13000195006,1109210,Discharge To Another Facility,20,13000195009
17000111001,1113393,Discharge To Another Facility,100,17000112001
17000521001,1113798,Discharge To Another Facility,100,17000136001
17000547002,1113824,Discharge To Another Facility,100,17000537009
17000549004,1113826,Discharge To Another Facility,100,17000537009
18000023001,1120076,Discharge To Another Facility,100,18002110001
23000013001,1142444,Discharge To Another Facility,100,23000014001
27000078001,1147961,Discharge To Another Facility,100,27000001001
27000080001,1147963,Discharge To Another Facility,100,27000001001
27000106001,1147986,Discharge To Another Facility,100,27000001002
27000118001,1147994,Discharge To Another Facility,100,27000001001
37001908001,1153245,Discharge To Another Facility,100,37007803002
37009803001,1153812,Discharge To Another Facility,100,37009801002
41000022001,1164278,Discharge To Another Facility,100,41000022007
06002037001,1175295,Discharge To Another Facility,100,06002040001
06002104001,1175345,Discharge To Another Facility,100,06002043001
06005669001,1175844,Discharge To Another Facility,100,06006008001
06008026001,1175981,Discharge To Another Facility,100,06008001001
06009018001,1176049,Discharge To Another Facility,100,06009028001
53000763001,1180843,Discharge To Another Facility,100,53000776001
48003287002,1183312,Discharge To Another Facility,100,48003111003
48004091001,1183400,Discharge To Another Facility,100,48004122001
48005007001,1183569,Discharge To Another Facility,100,48005006006
48007172001,1183980,Discharge To Another Facility,100,48007008001
48007512001,1184114,Discharge To Another Facility,100,48007064002
48008011001,1184352,Discharge To Another Facility,100,48008015003
51000262011,1192890,Discharge To Another Facility,0,51001400050
55003200001,1206455,Discharge To Another Facility,100,55009690002
55004334001,1206620,Discharge To Another Facility,100,55004330001
17000670002,425458,Discharge To Another Facility,78,17000670001
37009207001,1153769,Discharge To Another Facility,34,37009201001
29000000029,3607383,Discharge To Another Facility,0,29001221001
47000000014,3608389,Discharge To Another Facility,100,47001035001
06000000133,3608440,Discharge To Another Facility,25,06005098002
41000020001,1164275,Discharge To Another Facility,25,41000022007
13000000495,3609458,Discharge To Another Facility,100,13000126001
37000000142,3611412,Discharge To Another Facility,100,37003005001
55005130001,1206715,Discharge To Another Facility,50,55000000052
25001200002,3609767,Discharge To Another Facility,0,25000048001
49000000163,3614257,Discharge To Another Facility,50,49000091001
06004044001,1175519,Discharge To Another Facility,20,06000000311
37000000288,3614342,Discharge To Another Facility,40,37003607002
04002100009,3298353,Discharge To Another Facility,100,04002709001
37000000288,3614342,Discharge To Another Facility,60,37003608001
44000030001,1144311,Discharge To Another Facility,0,44000031002
35000130001,1145122,Discharge To Another Facility,100,35000129001
04000000169,3614351,Discharge To Another Facility,100,49000255001
06008010003,1175961,Discharge To Another Facility,16,06008010004
17000000078,3608969,Discharge To Another Facility,100,17000703001
13000000549,3610164,Discharge To Another Facility,5,13000022028
13000000549,3610164,Discharge To Another Facility,48,13000022002
08000000162,3608738,Discharge To Another Facility,100,08000075001
08000000171,3608750,Discharge To Another Facility,100,08000070001
13000000625,3611081,Discharge To Another Facility,75,13000999037
13000000549,3610164,Discharge To Another Facility,32,13000022001
22001425001,1168279,Discharge To Another Facility,100,22001310001
29003211001,3537656,Discharge To Another Facility,100,29003742002
29001237049,460916,Discharge To Another Facility,100,29001003023
34002330001,1073555,Discharge To Another Facility,100,34002065001
34003436001,1073658,Discharge To Another Facility,100,34003099001
34004115001,1073709,Discharge To Another Facility,100,34004001001
34006151001,1073808,Discharge To Another Facility,100,34006012001
39001030001,1080861,Discharge To Another Facility,100,39001792002
39001065001,1080863,Discharge To Another Facility,14,39005051002
39004753001,1081223,Discharge To Another Facility,100,39005999001
39004880001,1081245,Discharge To Another Facility,100,39001792001
39009143002,1081708,Discharge To Another Facility,100,39008260001
26000108015,1088371,Discharge To Another Facility,100,26000108001
26000206001,1088411,Discharge To Another Facility,100,26000214001
26000214010,1088424,Discharge To Another Facility,100,26000214001
26001002003,1088660,Discharge To Another Facility,100,26001002001
26002093004,1088768,Discharge To Another Facility,100,26002093001
26004005009,1089007,Discharge To Another Facility,100,26004005011
25000180001,1092464,Discharge To Another Facility,100,25000081001
25000196001,1092480,Discharge To Another Facility,100,25000066001
54002804001,1095035,Discharge To Another Facility,100,24000096001
33000063001,1100953,Discharge To Another Facility,100,33000100003
36000000339,3607316,Discharge To Another Facility,0,36007131001
06000000080,3607474,Discharge To Another Facility,100,06002041001
01000000114,3607698,Discharge To Another Facility,100,01000174001
06000000100,3607879,Discharge To Another Facility,50,06000000098
36004028001,1232121,Discharge To Another Facility,100,36004053001
36000000350,3607881,Discharge To Another Facility,0,36000000351
36000000414,3608475,Discharge To Another Facility,0,36000000385
36008086001,1221277,Discharge To Another Facility,0,36000000407
29000000138,3607587,Discharge To Another Facility,0,29001003023
16002001007,3398396,Discharge To Another Facility,100,16000005002
13000000476,3608963,Discharge To Another Facility,95,13000573001
13000000485,3609140,Discharge To Another Facility,0,13000000486
13000000489,3609303,Discharge To Another Facility,66,13000062001
36000000434,3609381,Discharge To Another Facility,0,36001015009
36000000390,3608358,Discharge To Another Facility,0,36001015014
36000000437,3609400,Discharge To Another Facility,0,36001015014
41000094001,1164351,Discharge To Another Facility,100,41000094002
51000308001,1192943,Discharge To Another Facility,0,51000308011
13000636001,1109448,Discharge To Another Facility,4,13000000498
29000000062,3607433,Discharge To Another Facility,0,29000893001
29001066002,1133348,Discharge To Another Facility,0,29001066001
13000578001,1109386,Discharge To Another Facility,12,13000594001
13000000507,3609570,Discharge To Another Facility,50,13000753003
13000000509,3609577,Discharge To Another Facility,100,13000210001
29001237034,1133600,Discharge To Another Facility,0,29001003023
18000000017,3606611,Discharge To Another Facility,0,18004372001
18000000013,3606607,Discharge To Another Facility,0,18004394001
27000109001,1231491,Discharge To Another Facility,0,27000000134
36000000361,3608026,Discharge To Another Facility,0,36009112001
33000089002,3610800,Discharge To Another Facility,100,33000089001
27000000150,3610936,Discharge To Another Facility,100,27001017001
33000008004,3611247,Discharge To Another Facility,100,33000100003
13000000612,3610933,Discharge To Another Facility,3,13000999029
27000000169,3611445,Discharge To Another Facility,0,27003305001
08000000289,3609290,Discharge To Another Facility,100,08000121001
08209000124,3500276,Discharge To Another Facility,100,08000070001
13000000595,3610648,Discharge To Another Facility,98,13000000596
55006102001,1206765,Discharge To Another Facility,20,55009511002
13000000611,3610902,Discharge To Another Facility,47,13000667002
55000000205,3611578,Discharge To Another Facility,80,55009511001
30000000021,3611559,Discharge To Another Facility,0,30000137001
18120000028,3525064,Discharge To Another Facility,100,18120000043
22000000202,3611847,Discharge To Another Facility,0,22000000082
36000000341,3607321,Discharge To Another Facility,100,36007090001
12000042002,1078157,Discharge To Another Facility,33,12000038002
22000000201,3611846,Discharge To Another Facility,0,22000000082
36000000347,3607750,Discharge To Another Facility,100,36000000345
29000000087,3607486,Discharge To Another Facility,0,29001026002
13000000601,3610656,Discharge To Another Facility,100,13000111001
55002740000,495195,Discharge To Another Facility,20,55009511002
55003960001,1206565,Discharge To Another Facility,20,55009511002
13000000690,3611579,Discharge To Another Facility,100,13000012003
22000000203,3611848,Discharge To Another Facility,0,22000000082
12000000114,3611857,Discharge To Another Facility,65,12000037002
12000383007,3507946,Discharge To Another Facility,0,12000212002
08000000104,3608582,Discharge To Another Facility,100,08000121001
12000000115,3612010,Discharge To Another Facility,0,12000017004
13000000714,3612014,Discharge To Another Facility,95,13000187001
25000261001,1092541,Discharge To Another Facility,5,25000066001
21000000014,3612951,Discharge To Another Facility,100,21009701001
25000264003,3611971,Discharge To Another Facility,100,25000097001
39000000210,3612061,Discharge To Another Facility,100,39007945001
55005160001,1206718,Discharge To Another Facility,50,55000000052
55000715001,1206107,Discharge To Another Facility,50,55000000052
36000000317,3606928,Discharge To Another Facility,100,36000000295
25000940003,3611996,Discharge To Another Facility,100,25000136001
25000147001,1092430,Discharge To Another Facility,8,25000072001
51000000144,3612265,Discharge To Another Facility,0,51000000142
55009897001,1206987,Discharge To Another Facility,100,55001600001
08200000000,424066,Discharge To Another Facility,100,08000192001
51000000175,3612832,Discharge To Another Facility,0,51000020001
51000000180,3612837,Discharge To Another Facility,0,51000020001
13000000780,3612910,Discharge To Another Facility,13,13000000782
13000000788,3612956,Discharge To Another Facility,100,13000003001
05000051003,3501300,Discharge To Another Facility,0,05000051004
13000000826,3613201,Discharge To Another Facility,100,13000000584
49000000014,3610482,Discharge To Another Facility,44,49000146002
13000000790,3612967,Discharge To Another Facility,91,13000825001
39009086001,1081701,Discharge To Another Facility,0,39000000236
13000000650,3611308,Discharge To Another Facility,99,13000000651
39000000254,3613304,Discharge To Another Facility,100,39008708001
53000000127,3613326,Discharge To Another Facility,100,53000000128
55000000190,3610564,Discharge To Another Facility,100,55008840001
39003367002,3328990,Discharge To Another Facility,0,39003367001
55002930001,1206398,Discharge To Another Facility,100,55003650003
13000000832,3613288,Discharge To Another Facility,55,13000609002
13000000694,3611644,Discharge To Another Facility,5,13000000841
05000000054,3612937,Discharge To Another Facility,100,05000311001
39000059013,3522098,Discharge To Another Facility,100,39002933001
13000000846,3614156,Discharge To Another Facility,28,13000163002
06004009002,1175478,Discharge To Another Facility,5,06004040001
13000000862,3614280,Discharge To Another Facility,100,13000862002
12000126011,1078275,Discharge To Another Facility,0,12000000151
22009087004,1168695,Discharge To Another Facility,0,22009087006
34001316001,1073415,Discharge To Another Facility,92,34001082001
01000000122,3608038,Discharge To Another Facility,100,01200100002
13000000448,3608448,Discharge To Another Facility,12,13000800003
50000000014,3608695,Discharge To Another Facility,100,50000088001
06000000161,3609019,Discharge To Another Facility,100,06004009001
13000000489,3609303,Discharge To Another Facility,7,13000062008
04000000127,3608976,Discharge To Another Facility,12,04001302014
41000000159,3609548,Discharge To Another Facility,0,41000206001
27044000124,425290,Discharge To Another Facility,0,27000002001
51000303001,1192937,Discharge To Another Facility,0,51000308003
08000211001,1067002,Discharge To Another Facility,100,08000070001
36000000491,3610543,Discharge To Another Facility,0,36001015014
48001046001,1182901,Discharge To Another Facility,0,48000000172
13000000615,3610937,Discharge To Another Facility,8,13000016001
13000000615,3610937,Discharge To Another Facility,4,13000000619
12000125003,3501761,Discharge To Another Facility,50,12000125002
27000000160,3611207,Discharge To Another Facility,100,27000028001
13000000629,3611217,Discharge To Another Facility,2,13000575009
12000018001,1078139,Discharge To Another Facility,60,12000045001
25000199003,3268431,Discharge To Another Facility,56,25000224001
37003608001,1153365,Discharge To Another Facility,0,37000000138
37000000005,3607648,Discharge To Another Facility,63,37000101001
17000000056,3608624,Discharge To Another Facility,100,17000347001
13000000579,3610525,Discharge To Another Facility,100,13000172001
06000000157,3608995,Discharge To Another Facility,100,06003060001
36009086005,1221434,Discharge To Another Facility,0,36000000433
55006061001,1206762,Discharge To Another Facility,20,55009511002
55001330001,1206173,Discharge To Another Facility,20,55009511002
08000128001,1066928,Discharge To Another Facility,100,08000121001
25000265002,3609758,Discharge To Another Facility,0,25000091001
51000320001,1192957,Discharge To Another Facility,11,51000318001
51000000181,3612838,Discharge To Another Facility,0,51001400027
51000000183,3612847,Discharge To Another Facility,0,51001400045
51000000197,3612862,Discharge To Another Facility,0,51000123001
13000000780,3612910,Discharge To Another Facility,70,13000999033
13000000790,3612967,Discharge To Another Facility,4,13000591001
34001324001,1073421,Discharge To Another Facility,0,34001082001
34008458002,3613156,Discharge To Another Facility,100,34008106001
24000000030,3613198,Discharge To Another Facility,100,24000034001
51000000216,3613565,Discharge To Another Facility,100,51000094001
24000000023,3612765,Discharge To Another Facility,0,24000004001
17000353001,1113621,Discharge To Another Facility,100,17000347001
06000000078,3607384,Discharge To Another Facility,100,06004009001
54004701001,1095257,Discharge To Another Facility,0,54000000021
01000000109,3607627,Discharge To Another Facility,95,01200100015
13000000557,3610197,Discharge To Another Facility,57,13000022002
36000000505,3610779,Discharge To Another Facility,0,36001006001
12000000126,3612255,Discharge To Another Facility,100,12000087001
51001400008,1193029,Discharge To Another Facility,0,51000155001
13000000784,3612928,Discharge To Another Facility,1,13000000785
39000000253,3613285,Discharge To Another Facility,0,39008197001
54000000280,3613999,Discharge To Another Facility,100,54002508001
36004062001,1220760,Discharge To Another Facility,100,36004064001
01000129001,1101962,Discharge To Another Facility,60,01000085007
39000000238,3613034,Discharge To Another Facility,0,39000329001
06000000145,3608834,Discharge To Another Facility,100,06004009003
04001318001,1069457,Discharge To Another Facility,55,04000000133
50000000073,3611799,Discharge To Another Facility,0,50000042001
36000000328,3606939,Discharge To Another Facility,100,36009018001
25000390001,3081331,Discharge To Another Facility,25,25000041001
55000000245,3612710,Discharge To Another Facility,100,55002070001
13000000790,3612967,Discharge To Another Facility,4,13000000789
34150102002,3611080,Discharge To Another Facility,100,34004001001
13000000830,3613256,Discharge To Another Facility,50,13000278002
36005084001,3485070,Discharge To Another Facility,0,36005011001
22000000059,3606650,Discharge To Another Facility,0,22000000081
29000000112,3607549,Discharge To Another Facility,0,29001237044
29004064003,1134083,Discharge To Another Facility,0,29004064001
33000037001,1100933,Discharge To Another Facility,25,33000033001
22003350001,1168537,Discharge To Another Facility,0,22003354001
06009011001,1176042,Discharge To Another Facility,10,06009014002
04001904003,3539165,Discharge To Another Facility,70,04002800003
13000000485,3609140,Discharge To Another Facility,59,13000999024
06000000183,3609283,Discharge To Another Facility,100,06004009005
06000000184,3609284,Discharge To Another Facility,100,06004009005
13000000491,3609361,Discharge To Another Facility,0,13000000492
08000000242,3608967,Discharge To Another Facility,0,08000198001
13000000520,3609687,Discharge To Another Facility,100,13000779001
13000000524,3609708,Discharge To Another Facility,100,13000047001
13000049001,1109038,Discharge To Another Facility,0,13000047001
08000291001,1067079,Discharge To Another Facility,0,08000000311
13000000564,3610298,Discharge To Another Facility,90,13000209001
55007025001,1206790,Discharge To Another Facility,100,55002781001
13000000572,3610455,Discharge To Another Facility,6,13000207002
49000338001,1170660,Discharge To Another Facility,100,49000130001
18000000062,3609537,Discharge To Another Facility,0,18000809001
12000056009,3508841,Discharge To Another Facility,24,12000056007
36000000494,3610695,Discharge To Another Facility,0,36008267001
33000058003,3611162,Discharge To Another Facility,100,33000058001
18000000036,3608509,Discharge To Another Facility,0,18003140001
12000125003,3501761,Discharge To Another Facility,50,12000125001
13000000658,3611324,Discharge To Another Facility,47,13000697001
27000000168,3611423,Discharge To Another Facility,0,27000001026
13000000594,3610647,Discharge To Another Facility,1,13000000667
13000531001,1109330,Discharge To Another Facility,100,13000999005
55004800001,1206662,Discharge To Another Facility,50,55000000052
04001315003,1069452,Discharge To Another Facility,95,04000000150
55001790001,1206254,Discharge To Another Facility,50,55000000052
36000000318,3606929,Discharge To Another Facility,100,36009036001
36003117001,1220557,Discharge To Another Facility,100,36003169012
36000000344,3607425,Discharge To Another Facility,100,36006110001
05000000020,3612663,Discharge To Another Facility,0,05000320001
55000000175,3610374,Discharge To Another Facility,100,55005080001
55004760002,1206658,Discharge To Another Facility,100,55004760001
55002990001,1206406,Discharge To Another Facility,7,55004760001
18000000039,3608512,Discharge To Another Facility,0,18001833001
18000000039,3608512,Discharge To Another Facility,0,18005831001
30000000055,3612602,Discharge To Another Facility,100,30000093001
30000000053,3612600,Discharge To Another Facility,100,30000080001
09001080001,1071902,Discharge To Another Facility,80,09000880001
25000095004,3612649,Discharge To Another Facility,0,25000035001
53000921001,1180864,Discharge To Another Facility,31,53000420001
51000000157,3612809,Discharge To Another Facility,100,51000199012
51000000166,3612822,Discharge To Another Facility,0,51000006001
42000000068,3611346,Discharge To Another Facility,100,42005016001
39000000243,3613136,Discharge To Another Facility,100,39000094001
37000000286,3613772,Discharge To Another Facility,100,37008612001
24000000060,3613886,Discharge To Another Facility,100,24000042001
39000000287,3613976,Discharge To Another Facility,100,39001792002
55000028001,1206023,Discharge To Another Facility,100,55004930001
37002806001,1153306,Discharge To Another Facility,100,37002806002
37003402001,1153347,Discharge To Another Facility,100,37003401002
37004103001,1153402,Discharge To Another Facility,100,37004101002
41000181001,1164415,Discharge To Another Facility,100,41000031001
22009073002,1168665,Discharge To Another Facility,100,22001430001
39004650011,3289728,Discharge To Another Facility,100,39006303001
16000250001,3390030,Discharge To Another Facility,100,16000152001
36008002007,3491084,Discharge To Another Facility,100,36008002009
39009019005,3512706,Discharge To Another Facility,100,39009009001
18120000065,3531896,Discharge To Another Facility,100,18000153001
24000030013,3534136,Discharge To Another Facility,100,24000031001
56000099022,479035,Discharge To Another Facility,100,56000093001
36009199001,504602,Discharge To Another Facility,100,36009027001
08000024001,1066829,Discharge To Another Facility,100,08000070001
08000147001,1066943,Discharge To Another Facility,100,08000070001
09001440001,1071949,Discharge To Another Facility,100,09000150001
09001610001,1071966,Discharge To Another Facility,100,09001030001
34001137001,1073327,Discharge To Another Facility,100,34001005001
34001175001,1073346,Discharge To Another Facility,100,34001005001
34001383001,1073450,Discharge To Another Facility,100,34001005001
34002045001,1073509,Discharge To Another Facility,100,34002097001
34002352001,1073556,Discharge To Another Facility,100,34002537001
34002520001,1073602,Discharge To Another Facility,100,34002065001
34003405002,1073656,Discharge To Another Facility,100,34003099001
34003500001,1073664,Discharge To Another Facility,100,34003079003
34003524001,1073688,Discharge To Another Facility,100,34003079002
34004189001,1073715,Discharge To Another Facility,100,34004001001
34004503001,1073737,Discharge To Another Facility,100,34004013006
34007329001,1073888,Discharge To Another Facility,100,34007119001
36006075001,1075812,Discharge To Another Facility,100,36006158001
09000641005,1071845,Discharge To Another Facility,100,09000641001
34002002001,1073499,Discharge To Another Facility,100,34002066001
34002369001,1073560,Discharge To Another Facility,100,34002100001
34003511001,1073675,Discharge To Another Facility,100,34003079002
34003513001,1073677,Discharge To Another Facility,100,34003079002
34004430001,1073727,Discharge To Another Facility,100,34004001001
34006311001,1073835,Discharge To Another Facility,100,34006012001
34008273001,1073921,Discharge To Another Facility,100,34008357001
39000230001,1080652,Discharge To Another Facility,100,39007343001
26000160001,1088397,Discharge To Another Facility,100,26003065001
25000046001,1092349,Discharge To Another Facility,100,25000128001
25000383001,1092564,Discharge To Another Facility,100,25000128001
54002034001,1094912,Discharge To Another Facility,100,54002011001
54003501001,1095128,Discharge To Another Facility,100,54003508001
05000229001,1105057,Discharge To Another Facility,100,05000232001
17000130001,1113404,Discharge To Another Facility,100,17000136001
17000388001,1113654,Discharge To Another Facility,100,17000402006
17000541001,1113818,Discharge To Another Facility,100,17000537001
17000577001,1113855,Discharge To Another Facility,100,17000587001
17000720001,1113994,Discharge To Another Facility,100,17000712001
18000101001,1120112,Discharge To Another Facility,100,18000110001
25000159001,1092440,Discharge To Another Facility,100,25000212001
25000178001,1092460,Discharge To Another Facility,100,25000008002
25000207001,1092492,Discharge To Another Facility,100,25000037001
20000514001,1130338,Discharge To Another Facility,100,20000513001
17000319001,1113584,Discharge To Another Facility,0,17000319002
18000029001,1120080,Discharge To Another Facility,100,18000030001
21000121002,1139589,Discharge To Another Facility,100,21000121001
21000299001,1139715,Discharge To Another Facility,100,21000603001
23000004001,1142434,Discharge To Another Facility,100,23000011001
27000002008,1147892,Discharge To Another Facility,100,27000002001
27000026001,1147919,Discharge To Another Facility,100,27000001001
27000037001,1147929,Discharge To Another Facility,100,27000001001
27000085001,1147968,Discharge To Another Facility,100,27000001001
27000087001,1147970,Discharge To Another Facility,100,27000001002
27000107001,1147987,Discharge To Another Facility,100,27000001001
27001608001,1148227,Discharge To Another Facility,100,27001609001
37000105001,1153093,Discharge To Another Facility,100,37000101002
37000404001,1153104,Discharge To Another Facility,100,37000409001
37001105001,1153168,Discharge To Another Facility,100,37001104001
37008208001,1153695,Discharge To Another Facility,100,37008201001
12000071001,1078195,Discharge To Another Facility,100,12000076001
39001660013,1080937,Discharge To Another Facility,0,39001660034
26000214004,1088418,Discharge To Another Facility,100,26000214001
26000512001,1088565,Discharge To Another Facility,100,26000596001
56000099023,479036,Discharge To Another Facility,100,56000010001
48001484001,1067927,Discharge To Another Facility,100,48001218002
34001174001,1073345,Discharge To Another Facility,100,34001090001
34001185001,1073352,Discharge To Another Facility,100,34001082001
34001217001,1073369,Discharge To Another Facility,100,34001082001
34001470001,1073495,Discharge To Another Facility,100,34001077001
34002044001,1073508,Discharge To Another Facility,100,34002003001
34004502001,1073736,Discharge To Another Facility,100,34004013006
34007404001,1073891,Discharge To Another Facility,100,34007083001
34008600001,1073951,Discharge To Another Facility,30,34009507001
39000039001,1080461,Discharge To Another Facility,100,39005670001
39000225001,1080647,Discharge To Another Facility,100,39007672001
39000238001,1080660,Discharge To Another Facility,100,39000237001
39002905001,1081049,Discharge To Another Facility,100,39001792002
39004859001,1081244,Discharge To Another Facility,100,39001666002
39007043001,1081503,Discharge To Another Facility,5,39001666001
39007043001,1081503,Discharge To Another Facility,95,39002591001
26002011006,1088715,Discharge To Another Facility,100,26002011001
25000053001,1092356,Discharge To Another Facility,100,25000035001
33000031001,1100928,Discharge To Another Facility,100,33000037001
33000109001,1100992,Discharge To Another Facility,100,33000096001
05000285001,1105113,Discharge To Another Facility,100,05000282003
39000138001,1080562,Discharge To Another Facility,0,39004888005
39000330001,1080741,Discharge To Another Facility,100,39002702001
39004221001,1081158,Discharge To Another Facility,100,39000084001
17007124001,1114301,Discharge To Another Facility,100,17007124002
18000402001,1120183,Discharge To Another Facility,100,18000405001
19000188001,1123611,Discharge To Another Facility,100,19000460001
29001189011,1133523,Discharge To Another Facility,100,29001189003
29001237013,1133581,Discharge To Another Facility,100,29001003023
21000220001,1139651,Discharge To Another Facility,100,21000220003
31001825004,1146001,Discharge To Another Facility,100,31001825002
27007607001,1148425,Discharge To Another Facility,100,27007608001
37001203001,1153177,Discharge To Another Facility,100,37001201001
37008411001,1153710,Discharge To Another Facility,100,37008401001
25000211001,1092496,Discharge To Another Facility,100,25000041001
25000220001,1092505,Discharge To Another Facility,100,25000224001
54002901001,1095041,Discharge To Another Facility,100,54002906001
54003009001,1095060,Discharge To Another Facility,100,54003011001
54005008001,1095280,Discharge To Another Facility,100,54000603001
33000009001,1100905,Discharge To Another Facility,100,33000100003
05000284001,1105112,Discharge To Another Facility,0,05000281001
13000051004,1109043,Discharge To Another Facility,100,13000051001
18000117001,1120128,Discharge To Another Facility,100,18000106001
19000691001,1124057,Discharge To Another Facility,100,19000226001
16000022001,1128569,Discharge To Another Facility,100,16000007001
29001237023,1133590,Discharge To Another Facility,100,29001237044
29001237041,1133607,Discharge To Another Facility,100,29001003023
51070000017,3515276,Discharge To Another Facility,0,51000026001
09001140002,1071910,Discharge To Another Facility,100,09000880001
34001112001,1073320,Discharge To Another Facility,100,34001112002
34001333001,1073427,Discharge To Another Facility,100,34001082001
34001390001,1073457,Discharge To Another Facility,100,34001053001
34002064001,1073513,Discharge To Another Facility,100,34002003001
34002354001,1073557,Discharge To Another Facility,100,34002100002
34002410001,1073573,Discharge To Another Facility,100,34002065001
34002517002,1073599,Discharge To Another Facility,100,34002076001
34003484001,1073660,Discharge To Another Facility,100,34003079002
34008215001,1073913,Discharge To Another Facility,100,34008073001
34009503001,1073965,Discharge To Another Facility,100,34009496001
39002965001,1081057,Discharge To Another Facility,100,39001666001
39002969014,1081071,Discharge To Another Facility,100,39004650001
39006428001,1081451,Discharge To Another Facility,100,39001666002
39008856001,1081676,Discharge To Another Facility,100,39004389001
26000007005,1088322,Discharge To Another Facility,100,26000007001
26000342003,1088482,Discharge To Another Facility,100,26000342001
26000634003,1088615,Discharge To Another Facility,100,26000596001
26002011003,1088712,Discharge To Another Facility,100,26002011001
26003059002,1088867,Discharge To Another Facility,100,26003059001
25000190001,1092474,Discharge To Another Facility,100,25000010001
33000078002,1100968,Discharge To Another Facility,100,33000074001
05000456001,1105245,Discharge To Another Facility,100,05000457001
17000515001,1113792,Discharge To Another Facility,75,17000512001
17000402002,1113669,Discharge To Another Facility,100,17000402001
17000522001,1113799,Discharge To Another Facility,100,17000136001
17000638001,1113909,Discharge To Another Facility,100,17000640001
23000067001,1142502,Discharge To Another Facility,100,23000113001
27000141001,1148011,Discharge To Another Facility,100,27000032001
27000350001,1148171,Discharge To Another Facility,100,27044000601
22009033215,1168628,Discharge To Another Facility,100,22009033002
49000316001,1170639,Discharge To Another Facility,100,49000085001
36003179001,1220664,Discharge To Another Facility,100,36003169012
36008025001,1221219,Discharge To Another Facility,100,36008267001
36009083003,1221419,Discharge To Another Facility,100,36009082002
21000247001,1235507,Discharge To Another Facility,100,21000602001
51000227001,1235984,Discharge To Another Facility,100,51000171004
12000326001,2802000,Discharge To Another Facility,100,12000510001
51001400064,3078733,Discharge To Another Facility,100,51000053001
48008035002,3303555,Discharge To Another Facility,100,48008035001
08201200010,3526676,Discharge To Another Facility,100,08000272001
47000265002,3542465,Discharge To Another Facility,100,47000265001
10000001044,3516196,Discharge To Another Facility,100,10000001008
06006012501,3533076,Discharge To Another Facility,100,06006009001
39009630007,3537016,Discharge To Another Facility,100,39000395001
37002906001,393659,Discharge To Another Facility,100,37006201001
36001034001,409050,Discharge To Another Facility,100,36001010001
48001107003,412991,Discharge To Another Facility,100,48001104003
51000425001,471295,Discharge To Another Facility,0,51001400027
04001320001,1069458,Discharge To Another Facility,48,04001320005
34001243001,1073381,Discharge To Another Facility,100,34001030001
34001323001,1073420,Discharge To Another Facility,100,34001082001
34001450001,1073486,Discharge To Another Facility,100,34001156001
34006163001,1073819,Discharge To Another Facility,100,34006012001
39000102001,1080524,Discharge To Another Facility,100,39001792002
39001749001,1080960,Discharge To Another Facility,100,18001611001
39002587005,1081014,Discharge To Another Facility,100,39009051001
39004321001,1081162,Discharge To Another Facility,100,39007784001
26000214009,1088423,Discharge To Another Facility,100,26000214001
26000935002,1088657,Discharge To Another Facility,100,26000935001
25000219001,1092504,Discharge To Another Facility,100,25000128001
54001038001,1094787,Discharge To Another Facility,100,54001033001
54002420001,1094977,Discharge To Another Facility,100,54002405001
37008403001,1153704,Discharge To Another Facility,100,37000000129
29001189001,1133513,Discharge To Another Facility,100,29002204001
21000315001,1139726,Discharge To Another Facility,100,21000093001
25000118001,1092412,Discharge To Another Facility,100,25000128001
25000121001,1092415,Discharge To Another Facility,100,25000128001
25000122001,1092416,Discharge To Another Facility,100,25000128001
25000225001,1092510,Discharge To Another Facility,100,25000004001
25000240001,1092525,Discharge To Another Facility,100,25000073001
54002012002,1094903,Discharge To Another Facility,100,54002012001
05000208001,1105036,Discharge To Another Facility,100,05000207001
05000660001,1105458,Discharge To Another Facility,100,05000801001
17000254001,1113531,Discharge To Another Facility,100,17000278001
17000387001,1113653,Discharge To Another Facility,100,17000402001
17005111001,1114205,Discharge To Another Facility,100,17000407001
18000009001,1120062,Discharge To Another Facility,100,18000003001
16000200001,1128723,Discharge To Another Facility,100,16000067001
20000499009,1130320,Discharge To Another Facility,100,20000470002
20000984001,1130470,Discharge To Another Facility,100,20000983001
29002367001,1133807,Discharge To Another Facility,100,29002363001
29003087002,1133917,Discharge To Another Facility,100,29003087001
37000707001,1153126,Discharge To Another Facility,100,37000702001
37001204001,1153178,Discharge To Another Facility,100,37001801001
37002904001,1153315,Discharge To Another Facility,100,37002901003
37004902001,1153449,Discharge To Another Facility,100,37004901002
20000498015,1130313,Discharge To Another Facility,100,20000498010
21000109001,1139571,Discharge To Another Facility,100,21000099001
27000014001,1147907,Discharge To Another Facility,100,27000001001
27000033001,1147926,Discharge To Another Facility,100,27000001001
27000082001,1147965,Discharge To Another Facility,100,27000001001
27000172001,1148037,Discharge To Another Facility,100,27044000145
27007609001,1148428,Discharge To Another Facility,100,27007608001
30000240001,1159267,Discharge To Another Facility,100,30000051001
30000241001,1159268,Discharge To Another Facility,100,30000047001
49000061001,1170416,Discharge To Another Facility,100,49000031001
17000672004,3521637,Discharge To Another Facility,50,17000672002
17000672004,3521637,Discharge To Another Facility,50,17000672003
51000180025,3522304,Discharge To Another Facility,100,51000184003
04000301002,3535936,Discharge To Another Facility,100,04000301001
37003315001,398923,Discharge To Another Facility,100,37003301001
55003100110,441171,Discharge To Another Facility,50,55003100001
08000209001,1067000,Discharge To Another Facility,100,08000070001
04001341001,1069469,Discharge To Another Facility,61,04002801027
09000260001,1071797,Discharge To Another Facility,100,09000360001
09000450001,1071817,Discharge To Another Facility,100,09000950001
09000990003,1071893,Discharge To Another Facility,100,09001010001
34001069001,1073309,Discharge To Another Facility,100,34001347001
34001331001,1073425,Discharge To Another Facility,100,34001005001
34002516001,1073597,Discharge To Another Facility,100,34002065001
34002525001,1073607,Discharge To Another Facility,100,34002065001
34002538001,1073621,Discharge To Another Facility,100,34002097001
34003063001,1073638,Discharge To Another Facility,100,34003079001
34005016001,1073739,Discharge To Another Facility,100,34006039001
34007028001,1073857,Discharge To Another Facility,100,34007117001
39000332001,1080743,Discharge To Another Facility,100,39002044001
39001660027,1080949,Discharge To Another Facility,100,39001660034
39007479004,1081528,Discharge To Another Facility,100,39006804001
26000214008,1088422,Discharge To Another Facility,100,26000214001
25000064001,1092365,Discharge To Another Facility,100,25000042001
25000088001,1092385,Discharge To Another Facility,100,25000128001
47000020001,1165964,Discharge To Another Facility,100,47000905002
47000595001,1166067,Discharge To Another Facility,100,47001035001
47002015001,1166237,Discharge To Another Facility,100,47000985001
49000026001,1170383,Discharge To Another Facility,100,49000307001
06002035001,1175293,Discharge To Another Facility,100,06002041001
06002067001,1175327,Discharge To Another Facility,100,06002023001
06005490001,1175810,Discharge To Another Facility,100,06005099001
06008038001,1175992,Discharge To Another Facility,100,06008022002
48001022001,1182890,Discharge To Another Facility,100,48001009008
48004277001,1183495,Discharge To Another Facility,100,48004111002
48006176001,1183760,Discharge To Another Facility,100,48001233001
48007207001,1184000,Discharge To Another Facility,100,48007615001
48007792001,1184273,Discharge To Another Facility,100,48007854001
23000106001,1142545,Discharge To Another Facility,100,23000018001
27000010001,1147903,Discharge To Another Facility,100,27000001001
27000110001,1147988,Discharge To Another Facility,100,27000001002
27000127001,1148002,Discharge To Another Facility,100,27000001026
27000245001,1148100,Discharge To Another Facility,100,27000338001
05000627001,1105428,Discharge To Another Facility,100,05000783001
05000652001,1105451,Discharge To Another Facility,100,05000003004
17000331001,1113600,Discharge To Another Facility,100,17000334001
17000599001,1113878,Discharge To Another Facility,100,17000002001
17000702001,1113963,Discharge To Another Facility,100,17000703001
19000897001,1124235,Discharge To Another Facility,100,19000226001
19001064001,1124338,Discharge To Another Facility,100,19001058001
20000498016,1130314,Discharge To Another Facility,100,20000498011
20000499011,1130322,Discharge To Another Facility,100,20000470002
29003709002,1133999,Discharge To Another Facility,100,29003709001
29003709003,1134000,Discharge To Another Facility,100,29003709001
21009702001,1139893,Discharge To Another Facility,100,21000125001
23000090002,1142530,Discharge To Another Facility,100,23000001004
27000022001,1147914,Discharge To Another Facility,100,27000001001
06002061001,1175320,Discharge To Another Facility,100,06002032003
06003075001,1175442,Discharge To Another Facility,100,06003012001
06004032001,1175516,Discharge To Another Facility,5,06004010003
53001320001,1180945,Discharge To Another Facility,100,53000776001
26001002004,1088661,Discharge To Another Facility,100,26001002001
26002007005,1088704,Discharge To Another Facility,100,26002007001
26003100002,1088898,Discharge To Another Facility,100,26003100001
25000054001,1092357,Discharge To Another Facility,100,25000035001
25000246001,1092530,Discharge To Another Facility,61,25000093001
17000719001,1113993,Discharge To Another Facility,100,17000490001
16000014001,1128561,Discharge To Another Facility,100,16000005002
20000719001,1130375,Discharge To Another Facility,100,20000412001
27000031001,1147924,Discharge To Another Facility,100,27000001001
27002601001,1148263,Discharge To Another Facility,0,27002602001
41000141001,1164385,Discharge To Another Facility,100,41000060001
49000084001,1170435,Discharge To Another Facility,29,49000081001
49000144001,1170489,Discharge To Another Facility,100,49000155001
06002016001,1175275,Discharge To Another Facility,100,06002125001
06004005003,1175460,Discharge To Another Facility,100,06004010003
53001715001,1180995,Discharge To Another Facility,100,53001660001
48003022001,1183185,Discharge To Another Facility,100,48000001003
48007113001,1183931,Discharge To Another Facility,100,48007822001
48007551001,1184138,Discharge To Another Facility,100,48007200001
48007884002,1184330,Discharge To Another Facility,100,48007505001
51000380001,1193011,Discharge To Another Facility,100,51000075001
26000313007,1088457,Discharge To Another Facility,100,26000313001
26003103001,1088899,Discharge To Another Facility,100,26003103002
50000092001,1094144,Discharge To Another Facility,100,50000083001
54000602001,1094743,Discharge To Another Facility,100,54000607001
29001109001,1133390,Discharge To Another Facility,100,29002056001
29001134010,1133415,Discharge To Another Facility,100,29001026001
29001189010,1133522,Discharge To Another Facility,100,29001189003
23000010001,1142441,Discharge To Another Facility,99,23000011001
27000009001,1147901,Discharge To Another Facility,100,27000009002
27000081001,1147964,Discharge To Another Facility,100,27000001001
27000277001,1148115,Discharge To Another Facility,100,27000001001
27009909001,1148586,Discharge To Another Facility,100,27000005001
37004204001,1153412,Discharge To Another Facility,100,37004207001
49000164001,1170509,Discharge To Another Facility,100,49000002001
48004120001,1183429,Discharge To Another Facility,100,48004122001
48007050001,1183871,Discharge To Another Facility,100,48007051001
27000004001,1147896,Discharge To Another Facility,100,27000001001
27009118001,1148455,Discharge To Another Facility,100,38000002001
37001202001,1153176,Discharge To Another Facility,100,37001206003
37005112001,1153471,Discharge To Another Facility,100,37005113001
37006313005,1153544,Discharge To Another Facility,100,37006313001
37008301001,1153697,Discharge To Another Facility,100,37008303001
37003803001,1153385,Discharge To Another Facility,100,37006001002
37004005001,1153397,Discharge To Another Facility,100,37007408003
28001935001,1160825,Discharge To Another Facility,100,28001578001
41000023001,1164289,Discharge To Another Facility,100,41000022005
49000474001,1170787,Discharge To Another Facility,100,49000085001
06001691001,1175260,Discharge To Another Facility,100,06001011001
48003008001,1183171,Discharge To Another Facility,100,48000001001
48007590001,1184162,Discharge To Another Facility,100,48007632001
48007611001,1184172,Discharge To Another Facility,100,48007632001
48008019001,1184364,Discharge To Another Facility,100,48008047002
23000052001,1142487,Discharge To Another Facility,100,23000005001
27000002009,1147893,Discharge To Another Facility,100,27000002001
18001692001,1120251,Discharge To Another Facility,100,18002210001
19000884001,1124223,Discharge To Another Facility,100,19000447001
16000056001,1128605,Discharge To Another Facility,100,16000117001
29002119005,1133696,Discharge To Another Facility,100,29002119001
29002423001,1133842,Discharge To Another Facility,100,29002422001
29005010001,1134180,Discharge To Another Facility,100,29001239002
23000035001,1142469,Discharge To Another Facility,100,23000038001
23000104001,1142543,Discharge To Another Facility,100,23000008001
27000002006,1147891,Discharge To Another Facility,100,27000002001
27000002010,1147894,Discharge To Another Facility,100,27000002001
37001409001,1153204,Discharge To Another Facility,100,37001401002
41000108001,1164362,Discharge To Another Facility,100,41000055002
54001039001,1094788,Discharge To Another Facility,100,54001033001
54005407001,1095319,Discharge To Another Facility,100,54005405001
33000085001,1100974,Discharge To Another Facility,100,33000077001
17000542001,1113819,Discharge To Another Facility,100,17000537001
17000628001,1113902,Discharge To Another Facility,100,17000629001
16000005003,1128552,Discharge To Another Facility,100,16000005002
20000425011,1130252,Discharge To Another Facility,100,20000425003
29002298001,1133772,Discharge To Another Facility,100,29001056001
29003709004,1134001,Discharge To Another Facility,100,29003709001
29003859001,1134019,Discharge To Another Facility,0,29003859003
29004031001,1134054,Discharge To Another Facility,100,29001020002
37001016001,1153159,Discharge To Another Facility,100,37001017001
25000106001,1092403,Discharge To Another Facility,100,25000128001
25000111001,1092408,Discharge To Another Facility,100,25000128001
25000209001,1092494,Discharge To Another Facility,100,25000040001
37001503001,1153209,Discharge To Another Facility,100,37001401001
37002307002,1153256,Discharge To Another Facility,100,37003621001
41000068001,1164330,Discharge To Another Facility,100,41000059001
49000151001,1170497,Discharge To Another Facility,100,49000054001
06008003001,1175947,Discharge To Another Facility,100,06008006001
53001565001,1180971,Discharge To Another Facility,100,53000695001
48000004503,1182792,Discharge To Another Facility,100,48000004001
48001587009,1183104,Discharge To Another Facility,100,48001119002
48003033001,1183196,Discharge To Another Facility,100,48003033005
51000216001,1192835,Discharge To Another Facility,100,51000001000
27000013001,1147906,Discharge To Another Facility,100,27000001001
27000121001,1147997,Discharge To Another Facility,100,27000001001
37001006001,1153151,Discharge To Another Facility,100,37001030003
37005106001,1153468,Discharge To Another Facility,100,37005105001
49000012001,1170369,Discharge To Another Facility,100,49000042001
49000133001,1170481,Discharge To Another Facility,100,49000132001
48004118001,1183427,Discharge To Another Facility,100,48004122001
48007526001,1184123,Discharge To Another Facility,100,48007650001
48007675001,1184206,Discharge To Another Facility,100,48007064002
49000336001,1170659,Discharge To Another Facility,100,49000094001
49000366001,1170686,Discharge To Another Facility,100,49000130001
41000022008,1164284,Discharge To Another Facility,100,41000022007
06005085001,1175606,Discharge To Another Facility,100,06005088002
06005358001,1175791,Discharge To Another Facility,100,06005098001
06009033001,1176072,Discharge To Another Facility,100,06009006001
06009047001,1176085,Discharge To Another Facility,50,06009011001
48003005001,1183169,Discharge To Another Facility,65,48003058001
48003005001,1183169,Discharge To Another Facility,35,48003058003
48003027001,1183189,Discharge To Another Facility,100,48000001003
48004034001,1183354,Discharge To Another Facility,100,48004026001
48004037001,1183356,Discharge To Another Facility,100,48000004002
48007020001,1183791,Discharge To Another Facility,100,48007020002
48007206001,1183999,Discharge To Another Facility,100,48007535002
17000156001,1113433,Discharge To Another Facility,15,17000160001
17000381001,1113647,Discharge To Another Facility,100,17000379001
17000402003,1113670,Discharge To Another Facility,100,17000402006
17000532001,1113809,Discharge To Another Facility,100,17000537001
18000232001,1120150,Discharge To Another Facility,100,18000225001
16000192001,1128716,Discharge To Another Facility,100,16000153001
20001135002,1130524,Discharge To Another Facility,100,20001135001
29001237007,1133575,Discharge To Another Facility,100,29001237044
29002028001,1133644,Discharge To Another Facility,100,29002028002
44000004001,1144286,Discharge To Another Facility,100,44000031001
27000011001,1147904,Discharge To Another Facility,100,27000001001
27000114001,1147992,Discharge To Another Facility,100,27000001002
05000533001,1105333,Discharge To Another Facility,100,05000326001
17000110001,1113391,Discharge To Another Facility,37,17000112002
17000110001,1113391,Discharge To Another Facility,63,17000112001
17000384001,1113650,Discharge To Another Facility,100,17000402001
18000079001,1120108,Discharge To Another Facility,100,18000073001
20000425002,1130247,Discharge To Another Facility,100,20000425001
29001237004,1133572,Discharge To Another Facility,100,29001237044
29002362002,1133803,Discharge To Another Facility,100,29001074001
21000244001,1139671,Discharge To Another Facility,100,21000000011
21000725001,1139880,Discharge To Another Facility,100,21000225001
23000034001,1142468,Discharge To Another Facility,100,23000034002
44000017001,1144299,Discharge To Another Facility,100,44000042001
37006007001,1153521,Discharge To Another Facility,100,37006001002
51000303001,1192937,Discharge To Another Facility,100,51000308001
51001400020,1193038,Discharge To Another Facility,100,51000240001
51000171010,1192753,Discharge To Another Facility,100,51000171004
41000012001,1164268,Discharge To Another Facility,100,41000001002
22003281002,1168486,Discharge To Another Facility,100,22003274001
49000060001,1170415,Discharge To Another Facility,100,49000051001
06003018001,1175385,Discharge To Another Facility,100,06003012001
06003039003,1175406,Discharge To Another Facility,100,06003010001
53000950001,1180872,Discharge To Another Facility,100,53000776001
53002400001,1181064,Discharge To Another Facility,100,53001485001
48007532001,1184127,Discharge To Another Facility,100,48007033006
48007872001,1184320,Discharge To Another Facility,100,48007200001
51001400009,1193030,Discharge To Another Facility,100,51000292003
48004123001,1183433,Discharge To Another Facility,100,48000004007
48007121001,1183937,Discharge To Another Facility,100,48007120001
48007659001,1184199,Discharge To Another Facility,100,48007878001
48007758001,1184256,Discharge To Another Facility,100,48007064041
48007885001,1184331,Discharge To Another Facility,100,48007719001
51000043001,1192633,Discharge To Another Facility,100,51000447001
51000259001,1192886,Discharge To Another Facility,100,51000257001
51000370001,1193002,Discharge To Another Facility,100,11000001001
56000025001,1194793,Discharge To Another Facility,100,56000065001
55001390001,1206179,Discharge To Another Facility,100,55001391001
24000017002,1214186,Discharge To Another Facility,100,24000001002
36008039001,1221237,Discharge To Another Facility,100,36008024001
55000023001,1206016,Discharge To Another Facility,100,55005170001
55002480001,1206336,Discharge To Another Facility,100,55003490001
55003560001,1206509,Discharge To Another Facility,100,55002490001
55009782001,1206952,Discharge To Another Facility,100,55009898001
24000057100,1214331,Discharge To Another Facility,100,24000060001
36003006003,1220327,Discharge To Another Facility,100,36003007001
36003204001,1220682,Discharge To Another Facility,100,36003059001
36004040002,1220742,Discharge To Another Facility,100,36004050001
55001170001,1229159,Discharge To Another Facility,100,55002781001
39000251002,2806116,Discharge To Another Facility,100,39000251001
39008920011,3123494,Discharge To Another Facility,100,39000126001
39008920012,3123495,Discharge To Another Facility,100,39001323001
48071216001,3149092,Discharge To Another Facility,100,48007614001
10000001043,3254068,Discharge To Another Facility,100,10000001002
36005107001,3484081,Discharge To Another Facility,100,36005063001
06002176001,412968,Discharge To Another Facility,100,06002036001
37005902001,1153498,Discharge To Another Facility,100,37005910001
55000019001,1206013,Discharge To Another Facility,100,55002781001
55003540001,1206507,Discharge To Another Facility,100,27000002001
55009922001,1207001,Discharge To Another Facility,100,55001310001
36003077001,1220493,Discharge To Another Facility,100,36003169001
36005085001,1220890,Discharge To Another Facility,100,36005014001
36007160001,1221151,Discharge To Another Facility,100,36007136001
36007170002,1221160,Discharge To Another Facility,100,36007136006
36008158001,1221305,Discharge To Another Facility,100,36008046001
36009080001,1221405,Discharge To Another Facility,100,36009082003
55000760001,1229148,Discharge To Another Facility,50,55003100001
39003738001,1237822,Discharge To Another Facility,100,39001666002
12000017018,3251877,Discharge To Another Facility,100,12000017004
48007682001,1184211,Discharge To Another Facility,100,48007200001
48007900001,1184333,Discharge To Another Facility,100,48001658001
48008015001,1184357,Discharge To Another Facility,100,48000000423
37009208001,1153771,Discharge To Another Facility,100,37009201001
41000022012,1164287,Discharge To Another Facility,100,41000022005
06005027001,1175549,Discharge To Another Facility,100,06005009001
06005076001,1175594,Discharge To Another Facility,100,06005178001
53000456001,1180800,Discharge To Another Facility,67,53000420001
48003111001,1183255,Discharge To Another Facility,100,48003111003
48004053001,1183371,Discharge To Another Facility,100,48004048001
48004140001,1183450,Discharge To Another Facility,100,48004122001
48007133001,1183947,Discharge To Another Facility,100,48007153001
48007513001,1184115,Discharge To Another Facility,100,48007200001
48008022001,1184367,Discharge To Another Facility,100,48008047002
51000037001,1192629,Discharge To Another Facility,100,51000158001
42000119001,1195453,Discharge To Another Facility,100,42000102001
48002127001,2819846,Discharge To Another Facility,100,48001104003
18006014001,2918202,Discharge To Another Facility,100,18004692001
17000387002,2923706,Discharge To Another Facility,80,17000402006
24000135001,3059408,Discharge To Another Facility,100,24000022001
42000006001,3068642,Discharge To Another Facility,100,42000094002
48003028003,1183191,Discharge To Another Facility,100,48000001003
27000042001,1147934,Discharge To Another Facility,100,27000001001
27000083001,1147966,Discharge To Another Facility,100,27000001001
27000113001,1147991,Discharge To Another Facility,100,27000001002
37002904002,1153316,Discharge To Another Facility,100,37002901003
37008405001,1153705,Discharge To Another Facility,100,37000000129
28000995001,1160416,Discharge To Another Facility,100,28000535001
47001126001,1166172,Discharge To Another Facility,100,47000845001
47002036001,1166254,Discharge To Another Facility,100,47002004001
47003014001,1166266,Discharge To Another Facility,100,47001475002
06001006001,1175172,Discharge To Another Facility,100,06001010005
53000450001,1180798,Discharge To Another Facility,100,53001280001
06008035001,1175990,Discharge To Another Facility,100,06008006001
48004038001,1183357,Discharge To Another Facility,100,48004354004
48007013001,1183784,Discharge To Another Facility,100,48007006001
48007672001,1184204,Discharge To Another Facility,100,48007039025
55001790001,1206254,Discharge To Another Facility,50,55003100001
55003140001,1206451,Discharge To Another Facility,100,55002781001
55007340001,1206794,Discharge To Another Facility,100,55007902001
48007716001,1184232,Discharge To Another Facility,100,48007530001
48007862001,1184314,Discharge To Another Facility,100,48007046001
55000715001,1206107,Discharge To Another Facility,50,55003100001
55006102001,1206765,Discharge To Another Facility,80,55009511001
55007023001,1206787,Discharge To Another Facility,100,55002781001
55009530001,1206871,Discharge To Another Facility,100,55009531001
24000054002,1214312,Discharge To Another Facility,100,24000054003
36003158001,1220615,Discharge To Another Facility,100,36003169012
36003180001,1220665,Discharge To Another Facility,100,36003169012
36004039001,1220740,Discharge To Another Facility,100,36004050001
36005056001,1220867,Discharge To Another Facility,100,36005053001
36005073001,1220883,Discharge To Another Facility,100,36005063001
36006088001,1221001,Discharge To Another Facility,100,36006158001
36007167002,1221157,Discharge To Another Facility,100,36007136001
36009054001,1221374,Discharge To Another Facility,100,36009043001
36009078002,1221404,Discharge To Another Facility,100,36009071001
48002023001,1227783,Discharge To Another Facility,100,48002031001
48001064001,2862689,Discharge To Another Facility,100,48001009008
48001064003,2862742,Discharge To Another Facility,100,48001009008
18002240001,2911963,Discharge To Another Facility,100,18002130001
20000411002,2918882,Discharge To Another Facility,100,20000411001
48004032001,1183353,Discharge To Another Facility,3,48000004008
55001130001,1206153,Discharge To Another Facility,100,55002135000
55002780001,1206381,Discharge To Another Facility,100,55002781001
55009647001,1206908,Discharge To Another Facility,100,55010457002
24000003016,1214141,Discharge To Another Facility,100,24000003003
24000097001,1214427,Discharge To Another Facility,99,24000096001
36003169003,1220632,Discharge To Another Facility,100,36003169012
36003177001,1220663,Discharge To Another Facility,100,36003169005
36006079001,1220992,Discharge To Another Facility,100,36006158001
36007036001,1221077,Discharge To Another Facility,100,36007027001
36007165001,1221156,Discharge To Another Facility,100,36007136001
24000030041,1238373,Discharge To Another Facility,100,24000030002
39004581201,2806484,Discharge To Another Facility,100,39001666002
12000375001,2857648,Discharge To Another Facility,100,12000506001
06008023002,2945322,Discharge To Another Facility,100,06008022001
34006130001,3106068,Discharge To Another Facility,100,34006012001
29001189015,3135448,Discharge To Another Facility,100,29001189003
48003017001,1183181,Discharge To Another Facility,100,48000001003
48003030001,1183193,Discharge To Another Facility,100,48000001003
48004043001,1183362,Discharge To Another Facility,100,48004026001
48004339001,1183516,Discharge To Another Facility,100,48004122001
48007568001,1184146,Discharge To Another Facility,100,48007650001
48007606001,1184170,Discharge To Another Facility,100,48007599001
51000282001,1192905,Discharge To Another Facility,0,51001400027
55001920001,1206265,Discharge To Another Facility,100,55013263001
55009615001,1206894,Discharge To Another Facility,100,55001730001
55009899001,1206989,Discharge To Another Facility,100,55009898001
24000063002,1214340,Discharge To Another Facility,100,24000063001
24000300065,1214452,Discharge To Another Facility,100,24000046001
36004004001,1220694,Discharge To Another Facility,100,36004064001
06002018001,1175277,Discharge To Another Facility,100,06002041001
53001625005,1180981,Discharge To Another Facility,100,53001620001
48007039098,1183857,Discharge To Another Facility,100,48007039108
48007557001,1184141,Discharge To Another Facility,100,48007064041
36004102004,1220791,Discharge To Another Facility,0,36004031001
36006077002,1220990,Discharge To Another Facility,100,36006158001
36007139001,1221127,Discharge To Another Facility,100,36007136001
27000305001,1148132,Discharge To Another Facility,100,27000045001
27000321001,1148144,Discharge To Another Facility,100,27000001002
48004113001,1183422,Discharge To Another Facility,100,48004122001
48007585002,1184161,Discharge To Another Facility,100,48007174001
48007617001,1184177,Discharge To Another Facility,100,48007599001
48007735001,1184245,Discharge To Another Facility,100,48007873001
51000137001,1192715,Discharge To Another Facility,100,51000999999
55002710001,1206375,Discharge To Another Facility,100,55002030001
36003040001,1220403,Discharge To Another Facility,100,36003041001
36003096001,1220524,Discharge To Another Facility,100,36003091001
36004019001,1220713,Discharge To Another Facility,100,36004059001
36008040001,1221239,Discharge To Another Facility,100,36008267001
36008056001,1221255,Discharge To Another Facility,100,36008060001
39000351006,3313495,Discharge To Another Facility,100,39002128001
39004855009,3356050,Discharge To Another Facility,100,39007504001
39008072029,3360050,Discharge To Another Facility,100,39000084001
36004102001,3483590,Discharge To Another Facility,100,36004031001
36008002006,3491079,Discharge To Another Facility,100,36008002009
55005165001,1206719,Discharge To Another Facility,100,55000310001
36007046001,1221079,Discharge To Another Facility,100,36007027001
36008239001,1221321,Discharge To Another Facility,100,36008081001
36009083002,1221418,Discharge To Another Facility,100,36009069001
48001132003,2809368,Discharge To Another Facility,100,48001132002
36008259002,2815681,Discharge To Another Facility,100,36008097001
48001560001,2885525,Discharge To Another Facility,100,48001146001
06008023001,2942642,Discharge To Another Facility,100,06008022001
37008010001,1236393,Discharge To Another Facility,100,37008001002
36009062002,2831620,Discharge To Another Facility,100,36009062001
34001095001,2856169,Discharge To Another Facility,100,34001005001
20000226001,2919157,Discharge To Another Facility,100,20000436001
54005003001,2985508,Discharge To Another Facility,100,54000603001
51001400059,3054588,Discharge To Another Facility,0,51000005001
42003194001,1196169,Discharge To Another Facility,100,42003110001
36006070001,1220984,Discharge To Another Facility,100,36006158001
36007035001,1221076,Discharge To Another Facility,100,36008276001
36008038001,1221236,Discharge To Another Facility,100,36008024001
36008198001,1221314,Discharge To Another Facility,100,36008287001
36009205001,1221490,Discharge To Another Facility,0,36009126001
17000717001,1232727,Discharge To Another Facility,100,17000718001
18000203001,1234174,Discharge To Another Facility,100,18000200001
20000719003,2918943,Discharge To Another Facility,100,20000412001
20001643001,2919194,Discharge To Another Facility,100,20001609001
27005309001,1148333,Discharge To Another Facility,100,27000009002
27007101001,1148392,Discharge To Another Facility,100,27000002001
37000807001,1153132,Discharge To Another Facility,100,37000812001
37001201002,1153175,Discharge To Another Facility,100,37001206003
37003501001,1153354,Discharge To Another Facility,100,37003507001
37004203001,1153411,Discharge To Another Facility,100,37004208001
47000930002,1166134,Discharge To Another Facility,100,47000930003
22003119001,1168376,Discharge To Another Facility,100,22001075001
06006007001,1175860,Discharge To Another Facility,100,06006008001
53001325001,1180946,Discharge To Another Facility,100,53000920001
48005004001,1183564,Discharge To Another Facility,100,48005006001
48007077001,1183902,Discharge To Another Facility,100,48007033006
48007561001,1184142,Discharge To Another Facility,100,48007536001
56000070001,1194826,Discharge To Another Facility,100,56000001001
10000002001,1066423,Discharge To Another Facility,0,10000020001
41000022011,1164286,Discharge To Another Facility,100,41000022005
47001400001,1166210,Discharge To Another Facility,100,47000246001
49000049001,1170404,Discharge To Another Facility,100,49000135001
49000137001,1170485,Discharge To Another Facility,100,49000018001
49000198001,1170540,Discharge To Another Facility,100,49000038001
40000180001,1172572,Discharge To Another Facility,100,40000180002
06002017001,1175276,Discharge To Another Facility,100,06002058001
06006018001,1175873,Discharge To Another Facility,100,06006008001
48004027001,1183346,Discharge To Another Facility,100,48000004002
48004117001,1183426,Discharge To Another Facility,100,48004122001
48007863001,1184315,Discharge To Another Facility,100,48007046001
48007886001,1184332,Discharge To Another Facility,100,48007596001
42000124003,1195460,Discharge To Another Facility,100,34008050001
42006146001,1197066,Discharge To Another Facility,100,42006014001
27002011092,3286898,Discharge To Another Facility,100,27000001001
29001027004,3503900,Discharge To Another Facility,100,29001027002
39000072008,3511256,Discharge To Another Facility,100,39000072002
26001112006,3513058,Discharge To Another Facility,100,26001112001
48004122007,3513977,Discharge To Another Facility,100,48000004001
51000003001,1192579,Discharge To Another Facility,100,51000005001
51000141002,1192718,Discharge To Another Facility,100,51000144001
51001400042,1193058,Discharge To Another Facility,100,51000124001
55002015001,1206274,Discharge To Another Facility,50,55003100001
55003620006,1206523,Discharge To Another Facility,100,55003620001
55009902001,1206991,Discharge To Another Facility,100,55003620001
36003136001,1220580,Discharge To Another Facility,100,36003169012
36004087001,1220779,Discharge To Another Facility,100,36004071001
36004103001,1220795,Discharge To Another Facility,100,36004066001
36007004001,1221050,Discharge To Another Facility,100,36007002001
36007077001,1221092,Discharge To Another Facility,100,36007075001
36008031001,1221227,Discharge To Another Facility,100,36008267001
36008206001,1221317,Discharge To Another Facility,100,36008077001
36009070001,1221385,Discharge To Another Facility,100,36009082003
36009105001,1221447,Discharge To Another Facility,100,36009113001
39001660029,3145294,Discharge To Another Facility,100,39005901001
21000600001,3321334,Discharge To Another Facility,100,21000319001
48007910001,3124073,Discharge To Another Facility,100,48009516001
08000117701,3418582,Discharge To Another Facility,100,08000148001
36009107010,3493072,Discharge To Another Facility,100,36009107001
39009019004,3512704,Discharge To Another Facility,100,39009009001
26000596100,3514499,Discharge To Another Facility,100,26000596001
48003035005,3536257,Discharge To Another Facility,0,48003035004
34001187002,3537416,Discharge To Another Facility,100,34001187001
37002608003,429825,Discharge To Another Facility,100,37002601001
34001289001,1073401,Discharge To Another Facility,100,34001005001
12000001012,1078098,Discharge To Another Facility,100,12000001001
39000028001,1080450,Discharge To Another Facility,100,39000326001
39000336001,1080747,Discharge To Another Facility,100,39005131001
39007420003,1081525,Discharge To Another Facility,58,39002863001
39007420003,1081525,Discharge To Another Facility,42,39000349001
26000007004,1088321,Discharge To Another Facility,100,26000007001
08000141001,1066940,Discharge To Another Facility,100,08000121001
34001316001,1073415,Discharge To Another Facility,8,34001030001
34001350001,1073438,Discharge To Another Facility,100,34001082001
34002148001,1073535,Discharge To Another Facility,100,34002065001
34002526001,1073608,Discharge To Another Facility,100,34002076001
34003517001,1073681,Discharge To Another Facility,100,34003079002
34004029001,1073704,Discharge To Another Facility,100,34004001001
34006110001,1073804,Discharge To Another Facility,100,34006039001
34006225001,1073825,Discharge To Another Facility,100,34006012001
34007059001,1073862,Discharge To Another Facility,100,34007071001
39000005001,1080427,Discharge To Another Facility,100,39001666001
39001360001,1080899,Discharge To Another Facility,100,39001370003
39004650003,1081209,Discharge To Another Facility,100,39008260001
39005335001,1081277,Discharge To Another Facility,100,39001792002
39007238001,1081514,Discharge To Another Facility,100,39008260001
26002175003,1088818,Discharge To Another Facility,100,26002175001
25000099001,1092394,Discharge To Another Facility,100,25000042001
25000124001,1092418,Discharge To Another Facility,100,25000128001
25000197001,1092481,Discharge To Another Facility,90,25000025001
25000377001,1092560,Discharge To Another Facility,100,25000128001
54003038001,1095074,Discharge To Another Facility,100,54003011001
05000105001,1104941,Discharge To Another Facility,100,05000109001
06006001003,3483576,Discharge To Another Facility,100,06006009001
08209000047,3500199,Discharge To Another Facility,100,08000084001
05000031001,3501220,Discharge To Another Facility,100,05000001008
56000008003,3509121,Discharge To Another Facility,100,56000008001
26002018003,3514277,Discharge To Another Facility,100,26002018001
26002018004,3514279,Discharge To Another Facility,100,26002018001
54003880203,3519336,Discharge To Another Facility,100,54003880200
39002813010,3529517,Discharge To Another Facility,100,39001792001
48003040004,405776,Discharge To Another Facility,0,48003040001
09000330001,1071804,Discharge To Another Facility,100,09000331001
09000780002,1071868,Discharge To Another Facility,100,09001630001
34001203001,1073363,Discharge To Another Facility,100,34001005001
34001298001,1073403,Discharge To Another Facility,100,34001030001
34001301001,1073405,Discharge To Another Facility,100,34001082001
34001397001,1073463,Discharge To Another Facility,100,34002065001
34006006001,1073781,Discharge To Another Facility,100,34006012001
34006054001,1073794,Discharge To Another Facility,100,34006012001
12000001032,1078107,Discharge To Another Facility,100,12000001001
12000159001,1078329,Discharge To Another Facility,100,12000154001
12000506005,1078441,Discharge To Another Facility,64,12000000101
39001002001,1080855,Discharge To Another Facility,100,39001666001
36009247003,1221498,Discharge To Another Facility,100,36009127001
48003081003,1227817,Discharge To Another Facility,100,48003081001
55003490002,1206502,Discharge To Another Facility,100,55003490001
24000002001,1214119,Discharge To Another Facility,100,24000001001
36001015034,1220287,Discharge To Another Facility,100,36001015035
36003143001,1220588,Discharge To Another Facility,100,36003144001
36003190001,1220673,Discharge To Another Facility,100,36003169001
36004033002,1220732,Discharge To Another Facility,100,36004071001
36007140001,1221128,Discharge To Another Facility,100,36007136005
36008059001,1221258,Discharge To Another Facility,100,36008024001
36008134001,1221295,Discharge To Another Facility,100,36008018001
51000271001,1235988,Discharge To Another Facility,100,51000158001
36005157001,2860920,Discharge To Another Facility,100,36005072001
48001683001,2865625,Discharge To Another Facility,100,48001151002
54001706002,2931588,Discharge To Another Facility,100,54001703001
39005601017,3028008,Discharge To Another Facility,100,39009240001
16000077001,3120232,Discharge To Another Facility,100,16000038001
48071226001,3149393,Discharge To Another Facility,100,48007039090
25000199003,3268431,Discharge To Another Facility,44,44000030001
39005353003,3279814,Discharge To Another Facility,100,39000616001
36003086002,3478957,Discharge To Another Facility,100,36003087001
27044000662,3500960,Discharge To Another Facility,100,27001606001
26000615001,1088612,Discharge To Another Facility,100,26000596001
26001018006,1088670,Discharge To Another Facility,100,26001018001
26003199001,1088956,Discharge To Another Facility,100,26003198001
26004002011,1088980,Discharge To Another Facility,100,26000569001
26004010002,1089032,Discharge To Another Facility,100,26004010001
25000179004,1092463,Discharge To Another Facility,100,25000179003
55001730004,1206247,Discharge To Another Facility,100,55001730001
55001921001,1206266,Discharge To Another Facility,50,55003100001
36003090001,1220512,Discharge To Another Facility,100,36003091001
36004105001,1220796,Discharge To Another Facility,100,36004071001
36006074001,1220987,Discharge To Another Facility,100,36006071001
36008117001,1221288,Discharge To Another Facility,100,36008012001
36009097001,1221441,Discharge To Another Facility,100,36009082002
36003094002,1220520,Discharge To Another Facility,100,36003095001
36004085001,1220778,Discharge To Another Facility,100,36004077001
36005099001,1220902,Discharge To Another Facility,100,36005053001
36007228001,1221191,Discharge To Another Facility,100,36007227001
36008032001,1221228,Discharge To Another Facility,100,36008024001
36009024001,1221350,Discharge To Another Facility,100,36009025001
37002313114,2932303,Discharge To Another Facility,100,37002301001
56000280001,3004423,Discharge To Another Facility,100,56000001001
53000128001,3022229,Discharge To Another Facility,100,53000776001
29001189014,3135388,Discharge To Another Facility,100,29001189003
48007039080,3149548,Discharge To Another Facility,100,48007039082
41000167002,3349554,Discharge To Another Facility,100,41000167001
39008072032,3357992,Discharge To Another Facility,100,39000084001
51999999999,3508518,Discharge To Another Facility,100,51000123001
06000203200,3509698,Discharge To Another Facility,100,06002032003
39000161018,3516443,Discharge To Another Facility,100,39007392001
39007420032,3520768,Discharge To Another Facility,100,39002863001
17002067001,3520921,Discharge To Another Facility,100,17000703001
48007917001,3147570,Discharge To Another Facility,100,48007581001
12000017021,3318211,Discharge To Another Facility,100,12000017027
36008002004,3491067,Discharge To Another Facility,100,36008002009
48002031003,3514156,Discharge To Another Facility,100,48001014001
34001245002,3536556,Discharge To Another Facility,100,34001245001
39000059005,3542037,Discharge To Another Facility,100,39002933001
09001660002,1071972,Discharge To Another Facility,100,09000170002
34001275001,1073396,Discharge To Another Facility,100,34001082001
34002283001,1073543,Discharge To Another Facility,100,34002097001
34002518001,1073600,Discharge To Another Facility,100,34002065001
34002527001,1073609,Discharge To Another Facility,100,34002076001
39000008001,1080430,Discharge To Another Facility,100,39001666001
39000010001,1080432,Discharge To Another Facility,100,39000011001
39009052001,1081697,Discharge To Another Facility,100,39002591001
26000370002,1088498,Discharge To Another Facility,100,26000468001
26001111002,1088679,Discharge To Another Facility,100,26001111001
25000039001,1092342,Discharge To Another Facility,100,25000035001
39000176206,3521001,Discharge To Another Facility,100,39007511001
08201200045,3529156,Discharge To Another Facility,100,08209000148
51070000018,3515278,Discharge To Another Facility,0,51000122001
08201200089,3530956,Discharge To Another Facility,100,08000121001
08197000000,462367,Discharge To Another Facility,100,08209000126
35000000017,493894,Discharge To Another Facility,100,35200900303
09000990001,1071891,Discharge To Another Facility,100,09000930003
34001181001,1073350,Discharge To Another Facility,100,34001005001
34001234001,1073375,Discharge To Another Facility,100,34001005001
34001238001,1073378,Discharge To Another Facility,100,34001005001
34001416001,1073469,Discharge To Another Facility,100,34001030001
34004001004,1073694,Discharge To Another Facility,100,34004001001
34006037001,1073786,Discharge To Another Facility,100,34006012001
12000077001,1078206,Discharge To Another Facility,100,12000087001
39000164001,1080589,Discharge To Another Facility,100,39000144001
39000348001,1080758,Discharge To Another Facility,100,39000682001
26003103005,1088903,Discharge To Another Facility,100,26003103002
26004003003,1088989,Discharge To Another Facility,100,26000596001
25000109001,1092406,Discharge To Another Facility,100,25000128001
50000005001,1094055,Discharge To Another Facility,100,50000004001
54001303001,1094807,Discharge To Another Facility,100,54001308001
54002099050,1094939,Discharge To Another Facility,100,54002007001
54003012001,1095062,Discharge To Another Facility,100,54003011001
39006561001,2806531,Discharge To Another Facility,100,39008360001
48001125006,2886402,Discharge To Another Facility,100,48001125002
37007709001,3112888,Discharge To Another Facility,100,37007701002
22009079034,3189368,Discharge To Another Facility,0,22000000064
41000015002,3191048,Discharge To Another Facility,100,41000015001
41000028004,3100569,Discharge To Another Facility,100,41000031001
39005325001,3280249,Discharge To Another Facility,100,39002702001
39008637010,3326315,Discharge To Another Facility,100,39008743001
36004041002,3482791,Discharge To Another Facility,0,36004041001
06006001002,3483573,Discharge To Another Facility,100,06006009001
29001186005,3488810,Discharge To Another Facility,100,29001186001
53200800002,3508337,Discharge To Another Facility,100,53000920001
49000075002,3518476,Discharge To Another Facility,100,49000075001
17002065001,3520336,Discharge To Another Facility,100,17000539001
08201200062,3529896,Discharge To Another Facility,0,08000003001
36009116002,423342,Discharge To Another Facility,100,36009116001
37008704001,432865,Discharge To Another Facility,100,37008701001
16000002101,461185,Discharge To Another Facility,100,16000002001
10000012001,1066454,Discharge To Another Facility,100,10000011001
34001246001,1073383,Discharge To Another Facility,100,34001005001
34001270001,1073395,Discharge To Another Facility,100,34001082001
34006361001,1073840,Discharge To Another Facility,100,34006039001
39001981001,1080974,Discharge To Another Facility,100,39007210001
39004502001,1081184,Discharge To Another Facility,100,39001666002
39008072014,1081591,Discharge To Another Facility,100,39001666002
26000637001,1088616,Discharge To Another Facility,100,26000596001
26002165002,1088811,Discharge To Another Facility,100,26002165001
26003184002,1088949,Discharge To Another Facility,100,26003184001
26004005006,1089004,Discharge To Another Facility,100,26004005011
25000155001,1092435,Discharge To Another Facility,100,25000025001
37001410001,2848251,Discharge To Another Facility,100,37001401002
48003309001,2881220,Discharge To Another Facility,100,48003111003
05000065001,3081372,Discharge To Another Facility,100,05000020001
48007916001,3149168,Discharge To Another Facility,100,48007719001
39004321014,3371358,Discharge To Another Facility,100,39008371001
16002001004,3371734,Discharge To Another Facility,100,16000185001
08201200025,3528316,Discharge To Another Facility,100,08105000000
08201200093,3531056,Discharge To Another Facility,100,08000121001
17002086001,3542309,Discharge To Another Facility,100,17000269001
48001250001,3542317,Discharge To Another Facility,100,48001252001
55001310020,435002,Discharge To Another Facility,100,55001310001
34001378001,1073446,Discharge To Another Facility,100,34001005001
34002098002,1073522,Discharge To Another Facility,58,34002065001
34002098002,1073522,Discharge To Another Facility,42,34002100001
34002287001,1073544,Discharge To Another Facility,100,34002003001
34002396001,1073567,Discharge To Another Facility,100,34002065001
34002506001,1073587,Discharge To Another Facility,100,34002534002
34002511001,1073592,Discharge To Another Facility,100,34002076001
34003521001,1073685,Discharge To Another Facility,100,34003079002
34004445001,1073729,Discharge To Another Facility,100,34006012001
12000148002,1078305,Discharge To Another Facility,95,12000000071
12000327001,1078420,Discharge To Another Facility,0,12000000152
39002813002,1081036,Discharge To Another Facility,100,39001792002
39005145003,1081264,Discharge To Another Facility,100,39008323003
39007681001,1081549,Discharge To Another Facility,100,39000084001
26002011005,1088714,Discharge To Another Facility,100,26002011001
26004004006,1088993,Discharge To Another Facility,100,26000727002
26004004009,1088996,Discharge To Another Facility,100,26004004001
25000116001,1092410,Discharge To Another Facility,100,25000128001
19000684001,1234675,Discharge To Another Facility,100,19000226001
37000905001,1236359,Discharge To Another Facility,100,37000907001
39006576001,2806695,Discharge To Another Facility,100,39001666001
39008148002,2806726,Discharge To Another Facility,100,39000084001
34005017001,2884742,Discharge To Another Facility,100,34005018001
37003909001,2936566,Discharge To Another Facility,100,37003905001
26004003004,2944392,Discharge To Another Facility,100,26000596001
39007420006,2982664,Discharge To Another Facility,100,39000342001
39001036001,3032048,Discharge To Another Facility,100,39000630001
05000057002,3059268,Discharge To Another Facility,100,05000003003
53000882000,3085890,Discharge To Another Facility,100,53000776007
48007922001,3137248,Discharge To Another Facility,100,48007769001
12000017020,3318535,Discharge To Another Facility,100,12000017027
39002868002,3325470,Discharge To Another Facility,100,39002868001
51070000012,3514801,Discharge To Another Facility,0,51000261001
08201200029,3528677,Discharge To Another Facility,100,08201200005
13000999015,3536576,Discharge To Another Facility,100,13000084001
39010030003,3538516,Discharge To Another Facility,100,39002506001
54002505013,3539976,Discharge To Another Facility,100,54003508001
25000169002,3540216,Discharge To Another Facility,100,25000184001
21000295002,3542636,Discharge To Another Facility,100,21000295001
37008011001,394294,Discharge To Another Facility,100,37008001002
34003314002,462014,Discharge To Another Facility,100,34003314001
01000207001,1102045,Discharge To Another Facility,100,01000207002
39008081001,3529437,Discharge To Another Facility,100,39000448001
39008072036,3540676,Discharge To Another Facility,100,39001302001
51000001103,3542467,Discharge To Another Facility,100,51000026001
21000018002,372420,Discharge To Another Facility,100,21000018001
40000124001,432270,Discharge To Another Facility,100,40000123010
55002780005,486295,Discharge To Another Facility,100,55002781001
08000243001,1067032,Discharge To Another Facility,0,08000160003
09001670001,1071973,Discharge To Another Facility,100,09000930003
34002254001,1073542,Discharge To Another Facility,100,34002003001
34002376001,1073563,Discharge To Another Facility,100,34002076001
34004500001,1073733,Discharge To Another Facility,100,34004013006
36008047001,1076338,Discharge To Another Facility,100,36008024001
39000067001,1080492,Discharge To Another Facility,100,39001666002
39000313001,1080725,Discharge To Another Facility,100,39002800001
39000595001,1080824,Discharge To Another Facility,100,39000253001
39000638001,1080835,Discharge To Another Facility,100,39000632005
39000771001,1080845,Discharge To Another Facility,100,39001792002
39002587007,1081016,Discharge To Another Facility,100,39007413001
39007028001,1081500,Discharge To Another Facility,100,39001792002
26000334004,1088475,Discharge To Another Facility,100,26000334001
26000817002,1088635,Discharge To Another Facility,100,26000817001
26002007006,1088705,Discharge To Another Facility,100,26002007001
26003169001,1088942,Discharge To Another Facility,100,26003060001
25000058001,1092361,Discharge To Another Facility,100,25000128001
54001716003,1094852,Discharge To Another Facility,100,54001703001
54002502001,1094987,Discharge To Another Facility,100,54002509001
33000024001,1100920,Discharge To Another Facility,100,50000106001
50000005002,1094056,Discharge To Another Facility,100,50000004001
54002805001,1095036,Discharge To Another Facility,100,24000031001
17000533002,1113810,Discharge To Another Facility,100,17000703001
08209000104,3500256,Discharge To Another Facility,100,08000121001
08209000113,3500265,Discharge To Another Facility,100,08000400001
51070000007,3513918,Discharge To Another Facility,0,51000020003
26000700003,3514738,Discharge To Another Facility,100,26000700001
26000933002,3515536,Discharge To Another Facility,100,26000924001
39000133005,3538839,Discharge To Another Facility,100,39000133021
39000632007,3539256,Discharge To Another Facility,100,39009212001
48001131004,3540036,Discharge To Another Facility,100,48001131003
04002801033,3541236,Discharge To Another Facility,100,04002710001
51000456000,427289,Discharge To Another Facility,100,51001400038
25001330001,495102,Discharge To Another Facility,100,25000025001
10000001009,1066394,Discharge To Another Facility,100,10000007001
09000070001,1071776,Discharge To Another Facility,100,09000331001
09001080001,1071902,Discharge To Another Facility,20,09001240001
34001135001,1073326,Discharge To Another Facility,100,34001082001
34001200001,1073361,Discharge To Another Facility,100,34001087001
34001385001,1073452,Discharge To Another Facility,100,34001093001
34004150001,1073713,Discharge To Another Facility,100,34004001001
34006282001,1073831,Discharge To Another Facility,100,34006039001
34006401001,1073841,Discharge To Another Facility,100,34006012001
34008107001,1073903,Discharge To Another Facility,100,34008106001
34008108001,1073906,Discharge To Another Facility,100,34008439001
39000228001,1080650,Discharge To Another Facility,100,39000237001
39000232001,1080654,Discharge To Another Facility,100,39000217001
39000581001,1080822,Discharge To Another Facility,100,39000630001
39007420001,1081524,Discharge To Another Facility,100,39002863001
39009143009,1081714,Discharge To Another Facility,100,39009966002
26000214007,1088421,Discharge To Another Facility,100,26000214001
26002117002,1088783,Discharge To Another Facility,100,26002117001
26003207001,1088962,Discharge To Another Facility,100,26003206001
25000026001,1092329,Discharge To Another Facility,100,25000025001
55002230001,1206300,Discharge To Another Facility,100,26003092001
55003050001,1206426,Discharge To Another Facility,100,55002781001
55003740001,1206538,Discharge To Another Facility,100,55000708001
55003960001,1206565,Discharge To Another Facility,80,55009511001
55006780001,1206783,Discharge To Another Facility,100,55008840001
55007024001,1206789,Discharge To Another Facility,100,55002781001
55009582001,1206881,Discharge To Another Facility,100,55002920001
36004169001,1220806,Discharge To Another Facility,100,36004024001
36008030001,1221226,Discharge To Another Facility,100,36008267001
55000810001,1229149,Discharge To Another Facility,100,55010457002
36003119005,2807780,Discharge To Another Facility,100,36003194001
34002491001,2884865,Discharge To Another Facility,100,34002065001
48001374001,2929602,Discharge To Another Facility,100,48004226001
05000063001,3078731,Discharge To Another Facility,100,05000357001
22009079032,3188930,Discharge To Another Facility,0,22000000064
51001400098,3216048,Discharge To Another Facility,0,51000128001
54003916003,3395730,Discharge To Another Facility,100,54003916001
37006907001,3486703,Discharge To Another Facility,100,37006903002
54004001001,3501970,Discharge To Another Facility,100,54004008001
48004354501,3507298,Discharge To Another Facility,100,48004354016
48008028005,3509619,Discharge To Another Facility,100,48008028004
13000518001,1109318,Discharge To Another Facility,100,13000856001
55002630001,1206366,Discharge To Another Facility,100,55002135000
55004700001,1206650,Discharge To Another Facility,100,55003970001
55006300001,1206767,Discharge To Another Facility,100,55003620001
36001015005,1220266,Discharge To Another Facility,100,36001015035
36003073001,1220486,Discharge To Another Facility,100,36003169012
36007003001,1221049,Discharge To Another Facility,100,36007002001
36008253001,1221330,Discharge To Another Facility,100,36008276001
36008202001,1232177,Discharge To Another Facility,100,36008287001
36008171001,2866369,Discharge To Another Facility,100,36008046001
48003311001,2882768,Discharge To Another Facility,100,48003111003
48007039014,2885574,Discharge To Another Facility,100,48007039025
48005184001,2888462,Discharge To Another Facility,100,48005083001
39004210001,2988322,Discharge To Another Facility,100,39001666002
29004035005,3148038,Discharge To Another Facility,100,29004030001
48001684002,3150509,Discharge To Another Facility,100,48001684001
51001400092,3177955,Discharge To Another Facility,100,51000213001
55009386002,3382398,Discharge To Another Facility,100,55002781001
08000105201,3418612,Discharge To Another Facility,100,08201200015
05000744001,1105534,Discharge To Another Facility,100,05000045001
17000425001,1113695,Discharge To Another Facility,100,17000430001
17005906001,1114270,Discharge To Another Facility,100,17000627001
17007901001,1114384,Discharge To Another Facility,100,17000537002
37009215001,1236399,Discharge To Another Facility,70,37009203002
37009215001,1236399,Discharge To Another Facility,30,37009203004
20000957001,2919248,Discharge To Another Facility,100,20000930001
18006017001,2920442,Discharge To Another Facility,100,18004153001
26000594001,2949122,Discharge To Another Facility,100,26000596001
26000412001,3079528,Discharge To Another Facility,100,26000458001
36005026001,3485132,Discharge To Another Facility,100,36005029001
36008072001,3491074,Discharge To Another Facility,100,36008002009
17001312003,3502363,Discharge To Another Facility,63,17001312002
17001312003,3502363,Discharge To Another Facility,37,17000690001
39009019001,3512701,Discharge To Another Facility,100,39009009001
51000300010,3532936,Discharge To Another Facility,100,51000217001
51001400040,3533056,Discharge To Another Facility,100,51000080004
51001400134,3533057,Discharge To Another Facility,100,51000174001
24000300029,3538698,Discharge To Another Facility,0,24000300024
39000351026,3539796,Discharge To Another Facility,100,39002128001
55009615010,448557,Discharge To Another Facility,100,55001730001
39001660036,450979,Discharge To Another Facility,100,39001660008
34001300001,1073404,Discharge To Another Facility,100,34001093001
34001393001,1073461,Discharge To Another Facility,100,34001082001
34001468001,1073494,Discharge To Another Facility,100,34001005001
34002363001,1073559,Discharge To Another Facility,100,34002065001
34002505001,1073586,Discharge To Another Facility,100,34002065001
34003518001,1073682,Discharge To Another Facility,100,34003314001
34004096001,1073708,Discharge To Another Facility,100,34004001001
34006351001,1073838,Discharge To Another Facility,100,34006039001
25000105001,1092402,Discharge To Another Facility,100,25000128001
33000057001,1100948,Discharge To Another Facility,100,33000053001
05000142001,1104974,Discharge To Another Facility,100,05000801001
18000162001,1120139,Discharge To Another Facility,100,18000153001
18002230001,1120279,Discharge To Another Facility,100,18002060001
18005231001,1120471,Discharge To Another Facility,100,18005232001
19000809001,1124155,Discharge To Another Facility,100,19001083001
20000499005,1130319,Discharge To Another Facility,100,20000470001
29003742100,1134008,Discharge To Another Facility,100,29003210001
21000018005,1139484,Discharge To Another Facility,100,21000225001
21000176001,1139616,Discharge To Another Facility,100,21000157002
23000098001,1142538,Discharge To Another Facility,100,23000014001
32000012002,1144649,Discharge To Another Facility,100,32000012001
27003407001,1148290,Discharge To Another Facility,100,27003409001
37001108001,1153172,Discharge To Another Facility,100,37001104001
13000792001,1109615,Discharge To Another Facility,100,13000694001
17000276001,1113550,Discharge To Another Facility,100,17000278001
17009963001,1114475,Discharge To Another Facility,100,17000149004
18004715001,1120405,Discharge To Another Facility,100,18002190001
18005271001,1120475,Discharge To Another Facility,100,18000160001
29001054001,1133334,Discharge To Another Facility,100,29004026001
29001132001,1133412,Discharge To Another Facility,100,29001026002
29001143001,1133425,Discharge To Another Facility,100,29001011003
29001167001,1133491,Discharge To Another Facility,100,29001011001
29001170001,1133493,Discharge To Another Facility,100,29001011003
29002443010,1133845,Discharge To Another Facility,100,29002443001
23000077001,1142515,Discharge To Another Facility,100,23000014001
44000012001,1144294,Discharge To Another Facility,100,44000031001
27000075001,1147957,Discharge To Another Facility,100,27000015001
37000408001,1153107,Discharge To Another Facility,100,37000409001
37003404001,1153351,Discharge To Another Facility,100,37000000018
18120000071,3541715,Discharge To Another Facility,100,18000157001
39005419004,1081284,Discharge To Another Facility,100,39003244003
39007540001,1081539,Discharge To Another Facility,100,39005853001
39008072023,1081597,Discharge To Another Facility,100,39000084001
39008639001,1081656,Discharge To Another Facility,88,39001666002
39008639001,1081656,Discharge To Another Facility,12,39000576001
26000712002,1088620,Discharge To Another Facility,100,26000712001
26000727001,1088627,Discharge To Another Facility,100,26000727002
26002003005,1088692,Discharge To Another Facility,100,26002003001
26002153002,1088806,Discharge To Another Facility,100,26002153001
26004005012,1089010,Discharge To Another Facility,100,26004005011
25000252001,1092536,Discharge To Another Facility,100,25000128001
25000258001,1092540,Discharge To Another Facility,100,25000025001
50000010001,1094060,Discharge To Another Facility,100,50000043001
54002703001,1095006,Discharge To Another Facility,100,51000002001
54004006001,1095169,Discharge To Another Facility,100,54004004001
05000273001,1105100,Discharge To Another Facility,100,05000801001
17000526001,1113803,Discharge To Another Facility,100,17000537002
17000695001,1113959,Discharge To Another Facility,100,17000703001
18004131001,1120328,Discharge To Another Facility,100,18003330001
45000000080,3608520,Discharge To Another Facility,3,45000614036
08000000243,3608984,Discharge To Another Facility,100,08000001001
27000000148,3610900,Discharge To Another Facility,0,27000001002
51000000182,3612839,Discharge To Another Facility,100,47000170002
06002036001,1175294,Discharge To Another Facility,0,06000000115
17000000047,3608417,Discharge To Another Facility,20,17000154002
29000000121,3607566,Discharge To Another Facility,0,29004035001
13000195006,1109210,Discharge To Another Facility,37,13000195007
05000000088,3613402,Discharge To Another Facility,0,05000014001
55000000191,3610565,Discharge To Another Facility,100,55001570001
04000000134,3609208,Discharge To Another Facility,34,04000501003
30000000018,3611220,Discharge To Another Facility,0,30000233001
08000000348,3611636,Discharge To Another Facility,0,08000037001
06008015001,1175965,Discharge To Another Facility,10,06008022001
34009505002,3611809,Discharge To Another Facility,100,34009496001
17000609001,1113885,Discharge To Another Facility,40,17000000058
12000000094,3611211,Discharge To Another Facility,26,12000000096
33000120001,1100996,Discharge To Another Facility,27,33000026001
51000110001,1192695,Discharge To Another Facility,0,51000308011
13000200001,1109221,Discharge To Another Facility,98,13000000596
51000320001,1192957,Discharge To Another Facility,1,51000319001
13000000670,3611497,Discharge To Another Facility,52,13000006016
18004794001,2912749,Discharge To Another Facility,100,18004791001
55009511000,495141,Discharge To Another Facility,20,55009511002
54000000067,3609414,Discharge To Another Facility,100,54001702001
50000000049,3609722,Discharge To Another Facility,0,50000075001
39000000269,3613762,Discharge To Another Facility,0,39000161003
36000000291,3606888,Discharge To Another Facility,0,36003169008
36000000294,3606891,Discharge To Another Facility,100,36000000295
36000000417,3608753,Discharge To Another Facility,0,36009036001
17000052001,1232695,Discharge To Another Facility,0,17000000061
18005475001,1234224,Discharge To Another Facility,0,18120000037
55000000207,3612005,Discharge To Another Facility,100,55003970001
37000000185,3612027,Discharge To Another Facility,100,37009601001
12000087001,1078219,Discharge To Another Facility,0,12000000151
54000000287,3614248,Discharge To Another Facility,0,54000000100
18000000011,3606605,Discharge To Another Facility,100,18000302001
12000214001,1078363,Discharge To Another Facility,50,12000102003
27044000159,423740,Discharge To Another Facility,100,27004401001
13000000828,3613249,Discharge To Another Facility,50,13000717002
13000000594,3610647,Discharge To Another Facility,47,13000000595
37000000183,3611832,Discharge To Another Facility,100,37005102001
25000246001,1092530,Discharge To Another Facility,39,25000245001
13000000720,3612124,Discharge To Another Facility,89,13000605001
25000081001,1092378,Discharge To Another Facility,1,25000070001
05000000041,3612709,Discharge To Another Facility,100,05000201001
29004010000,1134037,Discharge To Another Facility,100,29004026001
13000000552,3610183,Discharge To Another Facility,1,13000016001
36000000478,3610387,Discharge To Another Facility,100,36003059001
27000000141,3610689,Discharge To Another Facility,100,27000001001
40000013001,1172431,Discharge To Another Facility,0,40000013004
04001904008,3219791,Discharge To Another Facility,3,04001903002
22000000076,3606758,Discharge To Another Facility,0,22000000075
16000002201,452997,Discharge To Another Facility,100,16000002001
13000000555,3610194,Discharge To Another Facility,38,13000016001
13000000555,3610194,Discharge To Another Facility,4,13000500001
51000000185,3612849,Discharge To Another Facility,0,51000122001
38000009001,1151264,Discharge To Another Facility,100,38000008001
06000000099,3607878,Discharge To Another Facility,100,06000000098
17000000052,3608597,Discharge To Another Facility,69,17000015001
04001904008,3219791,Discharge To Another Facility,2,04001903003
06004006001,1175461,Discharge To Another Facility,0,06000000195
13000531001,1109330,Discharge To Another Facility,0,13000187001
25000059001,1092362,Discharge To Another Facility,1,25000042001
25000186004,3611989,Discharge To Another Facility,100,25000072001
51000183002,1192785,Discharge To Another Facility,0,51000183001
13000000850,3614179,Discharge To Another Facility,12,13000697001
55009909001,1206997,Discharge To Another Facility,100,55009718001
32000000015,3606741,Discharge To Another Facility,100,32000033001
25000029001,1092332,Discharge To Another Facility,1,25000049001
55007710001,1206802,Discharge To Another Facility,0,55000380001
23000000050,3613098,Discharge To Another Facility,100,23000128001
45000000080,3608520,Discharge To Another Facility,18,45000614006
45000000080,3608520,Discharge To Another Facility,11,45000614050
39000000169,3610444,Discharge To Another Facility,0,39005999001
12000000052,3609286,Discharge To Another Facility,0,12000052002
36005032001,1220846,Discharge To Another Facility,0,36000000352
47000065002,3606487,Discharge To Another Facility,100,47001005001
39000214001,1080636,Discharge To Another Facility,0,39000448001
55008440010,1206831,Discharge To Another Facility,100,55000000152
17000000142,3614152,Discharge To Another Facility,0,17000000027
05000626001,1105427,Discharge To Another Facility,0,05000000057
18000000020,3606614,Discharge To Another Facility,100,18001691001
17000623002,3525636,Discharge To Another Facility,33,17000000029
29000000122,3607567,Discharge To Another Facility,0,29001191001
13000000489,3609303,Discharge To Another Facility,10,13000062005
13000000489,3609303,Discharge To Another Facility,6,13000000490
36008069001,1221266,Discharge To Another Facility,100,36000000295
13000000526,3609713,Discharge To Another Facility,100,13000999031
13000000544,3609749,Discharge To Another Facility,10,13000000542
36000000315,3606924,Discharge To Another Facility,100,36009063001
55002047001,1206276,Discharge To Another Facility,50,55000000052
37000000005,3607648,Discharge To Another Facility,37,37000101002
27044000025,3327030,Discharge To Another Facility,100,27000003001
04001505002,1069523,Discharge To Another Facility,68,04002801029
39002969021,1081075,Discharge To Another Facility,0,39002912001
13000000485,3609140,Discharge To Another Facility,5,13000600002
13000000485,3609140,Discharge To Another Facility,30,13000999025
13000000538,3609732,Discharge To Another Facility,66,13000840002
13000000784,3612928,Discharge To Another Facility,0,13000118001
35000125001,1145119,Discharge To Another Facility,0,35000000125
54004706001,2982042,Discharge To Another Facility,0,54000000021
37005004007,3607914,Discharge To Another Facility,25,37005004001
06000000173,3609157,Discharge To Another Facility,100,06004009004
36008120001,1221291,Discharge To Another Facility,0,36008013001
04000505031,3160948,Discharge To Another Facility,54,04001505030
13000000506,3609564,Discharge To Another Facility,100,13000521001
06000000197,3609544,Discharge To Another Facility,100,06002041001
13000000694,3611644,Discharge To Another Facility,30,13000000697
18000000122,3612250,Discharge To Another Facility,100,18000453001
31000000032,3612284,Discharge To Another Facility,100,31001825002
13000000553,3610184,Discharge To Another Facility,100,13000000551
36000000236,3606369,Discharge To Another Facility,100,36004050001
13000346001,1109287,Discharge To Another Facility,100,13000000513
01000000151,3609695,Discharge To Another Facility,0,01000065001
45000000080,3608520,Discharge To Another Facility,23,45000614021
51000301001,1192933,Discharge To Another Facility,100,51000308004
17000000095,3609690,Discharge To Another Facility,0,17009953001
13000000602,3610665,Discharge To Another Facility,100,13000999032
50000002008,3502100,Discharge To Another Facility,0,50000070001
51000000196,3612861,Discharge To Another Facility,0,51000207010
04001304003,1069438,Discharge To Another Facility,74,04000000124
48005025001,1183584,Discharge To Another Facility,0,48005025002
48008050001,1184396,Discharge To Another Facility,0,48000000106
04001316001,3210288,Discharge To Another Facility,15,04001318001
13000000485,3609140,Discharge To Another Facility,4,13000600001
08000000074,3608405,Discharge To Another Facility,100,08209000126
33000021003,3611168,Discharge To Another Facility,100,33000021001
13000000705,3611841,Discharge To Another Facility,69,13000031004
36000000602,3612098,Discharge To Another Facility,100,36005053001
25001220004,3611994,Discharge To Another Facility,100,25000205001
51000000158,3612810,Discharge To Another Facility,0,51000010001
53000000026,3608125,Discharge To Another Facility,100,53000140001
35000000066,3607369,Discharge To Another Facility,100,35000048007
51000320001,1192957,Discharge To Another Facility,36,11000001001
06000000121,3608175,Discharge To Another Facility,5,06000000122
36008131001,2850260,Discharge To Another Facility,100,36000000385
54003304001,1095100,Discharge To Another Facility,0,54003332001
06000000121,3608175,Discharge To Another Facility,9,06000000124
36000000508,3610888,Discharge To Another Facility,0,36001013001
36003028004,1220385,Discharge To Another Facility,0,36003020002
13000000480,3608982,Discharge To Another Facility,100,13000535001
37000000004,3607445,Discharge To Another Facility,75,37009203004
54000601001,1094742,Discharge To Another Facility,0,54000605001
01000000097,3606882,Discharge To Another Facility,100,01000017001
01000000134,3608469,Discharge To Another Facility,0,01000369001
36000000463,3609640,Discharge To Another Facility,0,36007182001
48003033005,1183199,Discharge To Another Facility,0,48003033004
13000000633,3611233,Discharge To Another Facility,56,13000638001
49000172001,1170517,Discharge To Another Facility,100,49000135001
05000098001,1104934,Discharge To Another Facility,0,05000045001
30000146001,1159194,Discharge To Another Facility,0,30000000063
24000000021,3612763,Discharge To Another Facility,0,24000000022
04000000123,3608694,Discharge To Another Facility,96,04002117001
18000000017,3606611,Discharge To Another Facility,0,18004373001
13000000523,3609706,Discharge To Another Facility,100,13000047001
37000000110,3610600,Discharge To Another Facility,100,37006313001
45000000072,3606639,Discharge To Another Facility,100,45000614030
51000000207,3613127,Discharge To Another Facility,0,51000020001
16000271001,459178,Discharge To Another Facility,0,16000152001
36000000251,3606750,Discharge To Another Facility,0,36007150001
13000049001,1109038,Discharge To Another Facility,100,47000245002
51000000188,3612852,Discharge To Another Facility,0,51000026001
51000000192,3612856,Discharge To Another Facility,0,51000207010
55003900002,3519616,Discharge To Another Facility,100,55003900001
49000000014,3610482,Discharge To Another Facility,56,49000146001
39000000246,3613217,Discharge To Another Facility,100,39000084001
50000068001,1094119,Discharge To Another Facility,0,50000067001
48001149001,1182952,Discharge To Another Facility,0,48000000133
12000148003,1078306,Discharge To Another Facility,95,12000000071
24000000061,3613889,Discharge To Another Facility,0,24000300290
13000000843,3613933,Discharge To Another Facility,40,13000537002
08000000161,3608733,Discharge To Another Facility,0,08000311001
13000000633,3611233,Discharge To Another Facility,15,13000638002
04001304002,3115969,Discharge To Another Facility,85,04000000124
45000000089,3608809,Discharge To Another Facility,100,45000614007
08202000000,424173,Discharge To Another Facility,100,08000000197
36000000506,3610886,Discharge To Another Facility,0,36001004001
36000000507,3610887,Discharge To Another Facility,0,36001010006
05000058002,3106484,Discharge To Another Facility,0,05000058001
04001312003,1069444,Discharge To Another Facility,77,04000000148
53000127001,1180756,Discharge To Another Facility,25,53000365001
55009609100,448730,Discharge To Another Facility,100,55001730001
09000000071,3612426,Discharge To Another Facility,0,09000340001
06000000092,3607832,Discharge To Another Facility,100,06004010001
13000590001,1109398,Discharge To Another Facility,0,13000000573
13000000653,3611313,Discharge To Another Facility,100,13000637001
13000000560,3610228,Discharge To Another Facility,100,13000022002
01200100024,3313255,Discharge To Another Facility,30,01000000105
17000000052,3608597,Discharge To Another Facility,31,17000015002
55003265001,1206467,Discharge To Another Facility,100,55000500000
34005201002,3611238,Discharge To Another Facility,100,34005018001
13000000611,3610902,Discharge To Another Facility,9,13000667003
37000000152,3611730,Discharge To Another Facility,0,37004101001
55000000214,3612389,Discharge To Another Facility,100,55005060001
13000000502,3609493,Discharge To Another Facility,100,13000154001
48005075001,1183624,Discharge To Another Facility,0,48005075002
06004013001,1175500,Discharge To Another Facility,30,06004010004
36004102004,1220791,Discharge To Another Facility,100,36004032001
13000000597,3610651,Discharge To Another Facility,100,13000000668
55000000204,3611502,Discharge To Another Facility,100,55000310001
55000000339,3614149,Discharge To Another Facility,100,55002400001
13000000575,3610521,Discharge To Another Facility,100,13000000574
29002498003,1133875,Discharge To Another Facility,0,29002497001
36008002009,1221202,Discharge To Another Facility,0,36008001001
36005148001,1220921,Discharge To Another Facility,0,36000000352
36008091001,1221279,Discharge To Another Facility,0,36000000407
13000000694,3611644,Discharge To Another Facility,10,13000000696
49000084001,1170435,Discharge To Another Facility,71,49000000142
13000000552,3610183,Discharge To Another Facility,10,13000022003
18000000130,3612420,Discharge To Another Facility,0,18000061001
13000000516,3609610,Discharge To Another Facility,100,13000000513
13000000655,3611319,Discharge To Another Facility,100,13000521001
13000575008,1109382,Discharge To Another Facility,0,13000575010
39007479009,1081533,Discharge To Another Facility,0,39000000163
51000110001,1192695,Discharge To Another Facility,0,51000308012
51000000152,3612782,Discharge To Another Facility,95,51000161001
51000000164,3612820,Discharge To Another Facility,0,51000005001
51000000202,3612876,Discharge To Another Facility,0,51000005001
39000000242,3613069,Discharge To Another Facility,100,39002128001
02000418001,1104845,Discharge To Another Facility,100,02000108100
13000800009,3522933,Discharge To Another Facility,20,13000022002
29000000317,3608171,Discharge To Another Facility,0,29003819001
34001392001,1073459,Discharge To Another Facility,54,34001082001
06000000121,3608175,Discharge To Another Facility,74,06008041002
04001505001,1069522,Discharge To Another Facility,9,04002801029
51000000171,3612828,Discharge To Another Facility,0,51000266004
51000000178,3612835,Discharge To Another Facility,0,51001400027
51000000191,3612855,Discharge To Another Facility,0,51000200001
13000000784,3612928,Discharge To Another Facility,11,13000000786
13000000431,3607972,Discharge To Another Facility,7,13000000427
13000000430,3607971,Discharge To Another Facility,2,13000000427
36003070002,1220476,Discharge To Another Facility,100,36003059001
37000000012,3608372,Discharge To Another Facility,100,37007301001
30000051001,1159118,Discharge To Another Facility,0,30000000016
13000000778,3612899,Discharge To Another Facility,1,13000690001
37000000008,3607910,Discharge To Another Facility,50,37009204001
37000000004,3607445,Discharge To Another Facility,25,37009202001
08000500019,1067164,Discharge To Another Facility,100,08000338001
08000500014,1067159,Discharge To Another Facility,100,08000274001
08000500039,1067177,Discharge To Another Facility,100,08194000000
37001903001,1153239,Discharge To Another Facility,0,37005301003
18000000017,3606611,Discharge To Another Facility,0,18004375001
55009900001,1206990,Discharge To Another Facility,100,55000500000
01000000132,3608457,Discharge To Another Facility,0,01000055004
13000000628,3611205,Discharge To Another Facility,87,13000036001
13000000628,3611205,Discharge To Another Facility,13,13000036002
18000000036,3608509,Discharge To Another Facility,0,18000275001
33000006001,1100902,Discharge To Another Facility,100,33000100003
13000000633,3611233,Discharge To Another Facility,10,13000638004
13000006016,1108936,Discharge To Another Facility,100,13000000818
13000000775,3612774,Discharge To Another Facility,25,13009990003
39000000263,3613622,Discharge To Another Facility,100,39001792001
51000004006,1192583,Discharge To Another Facility,100,51000424001
05000009001,1104868,Discharge To Another Facility,0,05000009003
39000000271,3613778,Discharge To Another Facility,100,39006566001
48003109001,1183254,Discharge To Another Facility,0,48000000165
13000000661,3611329,Discharge To Another Facility,100,13000202001
36006140001,2823600,Discharge To Another Facility,100,36006049001
36004091001,2871200,Discharge To Another Facility,100,36004070001
37003908001,2935843,Discharge To Another Facility,100,37003905001
48007048004,3150754,Discharge To Another Facility,100,48007049001
36008002002,3491030,Discharge To Another Facility,100,36008002009
36008131003,3491872,Discharge To Another Facility,100,36008018001
39000311007,3512761,Discharge To Another Facility,100,39000682001
26001112005,3513057,Discharge To Another Facility,100,26001112001
51070000004,3513237,Discharge To Another Facility,100,51000267001
41000064002,416896,Discharge To Another Facility,100,41000064001
08000120001,1066920,Discharge To Another Facility,100,08000121001
08000500058,1067195,Discharge To Another Facility,100,08000200001
34001168001,1073341,Discharge To Another Facility,100,34001005001
34001340001,1073431,Discharge To Another Facility,100,34001082001
34004459001,1073730,Discharge To Another Facility,100,34004013006
34007353001,1073889,Discharge To Another Facility,100,34007083001
12000203001,1078358,Discharge To Another Facility,100,12000088002
39001466001,1080910,Discharge To Another Facility,100,39005999001
39003017001,1081080,Discharge To Another Facility,100,39001370003
39008001001,1081573,Discharge To Another Facility,100,39001666002
39008463001,1081640,Discharge To Another Facility,100,39001370004
26000462002,1088522,Discharge To Another Facility,100,26000462001
26003028002,1088840,Discharge To Another Facility,100,26003028001
25000241001,1092526,Discharge To Another Facility,100,25000004001
54000615001,1094750,Discharge To Another Facility,100,54000607001
54001807001,1094875,Discharge To Another Facility,100,54001801001
54002024001,1094909,Discharge To Another Facility,100,54001013001
25000079001,1092376,Discharge To Another Facility,100,25000128001
25000126001,1092420,Discharge To Another Facility,100,25000128001
25000195001,1092479,Discharge To Another Facility,21,25000037001
21000162001,1139604,Discharge To Another Facility,100,21000602001
21000309001,1139722,Discharge To Another Facility,100,21000234001
31002500001,1146067,Discharge To Another Facility,100,31000950001
27000060001,1147948,Discharge To Another Facility,100,27000001001
27000066001,1147952,Discharge To Another Facility,100,27000001001
27000103001,1147983,Discharge To Another Facility,100,27000001002
27000178001,1148044,Discharge To Another Facility,100,27044000207
27002604001,1148266,Discharge To Another Facility,100,27001606001
37001005001,1153150,Discharge To Another Facility,100,37001021001
37002504001,1153290,Discharge To Another Facility,100,37005401002
37006401001,1153550,Discharge To Another Facility,100,37003301001
37007403001,1153601,Discharge To Another Facility,100,37007405001
37008111001,1153687,Discharge To Another Facility,100,37008107001
47000550001,1166058,Discharge To Another Facility,100,47000615001
54003505001,1095132,Discharge To Another Facility,100,54003508001
25000090001,1092387,Discharge To Another Facility,100,25000128001
25000104001,1092400,Discharge To Another Facility,100,25000128001
25000177001,1092459,Discharge To Another Facility,100,25000002001
05000558001,1105359,Discharge To Another Facility,100,05000557001
55007023002,1206788,Discharge To Another Facility,100,55002781001
17000329001,1113597,Discharge To Another Facility,100,17000689001
17000491001,1113768,Discharge To Another Facility,100,17000490001
18004663001,1120394,Discharge To Another Facility,100,18004664001
20000132003,1130142,Discharge To Another Facility,100,20000132001
20000719002,1130376,Discharge To Another Facility,100,20000412001
29001011012,1133252,Discharge To Another Facility,100,29001127002
29001208001,1133541,Discharge To Another Facility,100,29001008001
06004004001,1175459,Discharge To Another Facility,100,06004010001
06004013001,1175500,Discharge To Another Facility,70,06004026001
06005147001,1175667,Discharge To Another Facility,100,06000000073
06009014001,1176045,Discharge To Another Facility,100,06009011001
48006015002,1183687,Discharge To Another Facility,100,48006015001
48007005001,1183774,Discharge To Another Facility,100,48007493001
48007509001,1184113,Discharge To Another Facility,100,48007769001
48007679001,1184209,Discharge To Another Facility,100,48007493001
48007877001,1184325,Discharge To Another Facility,100,48007875001
51000172004,1192756,Discharge To Another Facility,100,51000308011
55000708002,1206103,Discharge To Another Facility,50,55003100001
55002440001,1206321,Discharge To Another Facility,100,55002135000
55005160001,1206718,Discharge To Another Facility,50,55003100001
55008043001,1206816,Discharge To Another Facility,100,55002981001
36006037001,1220961,Discharge To Another Facility,100,36006025001
36006126002,1221030,Discharge To Another Facility,0,36006124001
36008201002,1221316,Discharge To Another Facility,100,36008074001
05000517001,1105317,Discharge To Another Facility,100,05000782001
17000477001,1113749,Discharge To Another Facility,50,17000703001
17005706001,1114244,Discharge To Another Facility,100,17000073001
19000666001,1124038,Discharge To Another Facility,100,19000208001
16000194001,1128718,Discharge To Another Facility,100,16000176001
20000425008,1130249,Discharge To Another Facility,100,20000425003
20000449004,1130267,Discharge To Another Facility,100,20000449006
21000171001,1139612,Discharge To Another Facility,100,21000159001
27000027001,1147920,Discharge To Another Facility,100,27000001001
27007301001,1148408,Discharge To Another Facility,100,27000001003
37006003001,1153517,Discharge To Another Facility,100,37006001002
45000266002,1157161,Discharge To Another Facility,100,45000266001
41000021001,1164277,Discharge To Another Facility,100,41000020001
49000008001,1170365,Discharge To Another Facility,100,49000130001
49000095001,1170447,Discharge To Another Facility,100,49000081001
29002119003,3535376,Discharge To Another Facility,100,29002119001
21000329001,372676,Discharge To Another Facility,100,21000262002
06003038006,441073,Discharge To Another Facility,100,06003010001
08000324001,1067107,Discharge To Another Facility,100,08112000000
09000641007,1071847,Discharge To Another Facility,100,09000641001
09000890001,1071882,Discharge To Another Facility,100,09000331001
09001660001,1071971,Discharge To Another Facility,100,09001510001
34001235001,1073376,Discharge To Another Facility,100,34001082001
34001332001,1073426,Discharge To Another Facility,100,34001005001
34001452001,1073487,Discharge To Another Facility,100,34001090001
34002543001,1073627,Discharge To Another Facility,100,34002534002
34003515001,1073679,Discharge To Another Facility,100,34003079003
34006133001,1073807,Discharge To Another Facility,100,34006012001
39007758001,1081558,Discharge To Another Facility,100,39001666001
39008072007,1081584,Discharge To Another Facility,100,39000448001
26000108012,1088368,Discharge To Another Facility,100,26000108001
26000315002,1088465,Discharge To Another Facility,100,26000315001
26002004002,1088698,Discharge To Another Facility,100,26002004001
26002007008,1088707,Discharge To Another Facility,100,26002007001
26002147002,1088801,Discharge To Another Facility,100,26002147001
26004004007,1088994,Discharge To Another Facility,100,26004004001
54002409001,1094970,Discharge To Another Facility,100,54002422001
54002412001,1094972,Discharge To Another Facility,100,54002405001
33000061001,1100951,Discharge To Another Facility,100,33000062002
27000075002,1147958,Discharge To Another Facility,100,27000001001
27000163001,1148028,Discharge To Another Facility,100,27000166001
39006520001,1081457,Discharge To Another Facility,100,39001666002
39007619001,1081544,Discharge To Another Facility,100,39004592001
39009177001,1081721,Discharge To Another Facility,100,39001792001
26002007004,1088703,Discharge To Another Facility,100,26002007001
26002013002,1088719,Discharge To Another Facility,100,26002013001
26004003002,1088988,Discharge To Another Facility,100,26000596001
26004005002,1089000,Discharge To Another Facility,100,26004005011
54003506001,1095135,Discharge To Another Facility,100,54003508001
13000028001,1108997,Discharge To Another Facility,100,13000012004
18000062001,1120098,Discharge To Another Facility,100,18000061001
17001016001,2848562,Discharge To Another Facility,100,17000112002
48007927001,3057249,Discharge To Another Facility,100,48007242001
29003010002,3112429,Discharge To Another Facility,100,29003010001
29002051010,3152868,Discharge To Another Facility,100,29002051001
33000034002,3184770,Discharge To Another Facility,100,33000034001
12000077015,3509118,Discharge To Another Facility,100,12000087001
26002004004,3509857,Discharge To Another Facility,100,26002004001
26000058004,3513519,Discharge To Another Facility,100,26000058001
49677000033,3519618,Discharge To Another Facility,100,49000129001
20000436002,3521116,Discharge To Another Facility,100,20000436001
29003506001,3536636,Discharge To Another Facility,100,05000027001
55001310025,435005,Discharge To Another Facility,100,55001310001
29001237046,459663,Discharge To Another Facility,100,29001237044
34001388001,1073455,Discharge To Another Facility,100,34001156001
34001440001,1073482,Discharge To Another Facility,100,34001005001
34006448001,1073846,Discharge To Another Facility,100,34006039001
12000001028,1078104,Discharge To Another Facility,100,12000001011
39000631003,1080830,Discharge To Another Facility,100,39000632005
26000054002,1088342,Discharge To Another Facility,100,26000058001
26000475003,1088538,Discharge To Another Facility,100,26000475001
26002173001,1088814,Discharge To Another Facility,100,26003076001
25000098001,1092393,Discharge To Another Facility,100,25000025001
05000189001,1105020,Discharge To Another Facility,100,05000185001
41000034001,1164298,Discharge To Another Facility,100,41000033001
49000056001,1170411,Discharge To Another Facility,100,49000135001
06002019001,1175278,Discharge To Another Facility,100,06002041001
48005055001,1183608,Discharge To Another Facility,100,48005071001
48007037001,1183818,Discharge To Another Facility,100,48007008001
51000304001,1192938,Discharge To Another Facility,100,51000308004
51001400013,1193032,Discharge To Another Facility,100,51000292002
42001186001,1195662,Discharge To Another Facility,100,42001192001
55005070001,1206709,Discharge To Another Facility,100,55002781001
55005220001,1206722,Discharge To Another Facility,50,55003100001
55009529001,1206870,Discharge To Another Facility,100,55009531001
36005111001,1220911,Discharge To Another Facility,100,36005063001
18000905001,1120236,Discharge To Another Facility,100,18000903002
18003340001,1120310,Discharge To Another Facility,100,18004664001
19000092001,1123531,Discharge To Another Facility,100,19000226001
20000498008,1130306,Discharge To Another Facility,100,20000498010
20000499004,1130318,Discharge To Another Facility,100,20000470001
29001036002,1133316,Discharge To Another Facility,100,29001036003
29001145001,1133426,Discharge To Another Facility,100,29001011003
29002367002,1133808,Discharge To Another Facility,100,29001074001
29004036001,1134059,Discharge To Another Facility,100,29000000149
44000020001,1144302,Discharge To Another Facility,100,44000031001
27000074001,1147956,Discharge To Another Facility,100,27000001001
27000351001,1148172,Discharge To Another Facility,100,27044000601
37001305001,1153191,Discharge To Another Facility,100,37001301002
37007406001,1153604,Discharge To Another Facility,100,37007401001
39002765001,1081031,Discharge To Another Facility,100,39000112001
39002813001,1081035,Discharge To Another Facility,100,39001792001
39002955001,1081054,Discharge To Another Facility,100,39001666002
39006286001,1081442,Discharge To Another Facility,100,39004851001
18000064001,1120100,Discharge To Another Facility,100,18000061001
18000107001,1120119,Discharge To Another Facility,100,18000105001
19000646001,1124019,Discharge To Another Facility,100,19001083001
29001027003,1133302,Discharge To Another Facility,100,29001027001
21000351001,1139753,Discharge To Another Facility,100,21000739001
23000199001,1142622,Discharge To Another Facility,100,23000027001
44000018001,1144300,Discharge To Another Facility,100,44000022001
27000002004,1147889,Discharge To Another Facility,100,27000002001
27000007001,1147899,Discharge To Another Facility,100,27000001001
27000077001,1147960,Discharge To Another Facility,100,27000001001
05000735001,1105526,Discharge To Another Facility,100,05000005001
05000741001,1105532,Discharge To Another Facility,100,05000012001
53002263001,1181049,Discharge To Another Facility,100,53001280003
48004016002,1183332,Discharge To Another Facility,100,48004026001
48007682002,1184212,Discharge To Another Facility,100,48007525001
55002300001,1206304,Discharge To Another Facility,100,55003620001
55002610001,1206365,Discharge To Another Facility,100,55002860001
55005271001,1206728,Discharge To Another Facility,50,55003100001
55005410001,1206744,Discharge To Another Facility,100,55003640001
55008440002,1206824,Discharge To Another Facility,100,55002400001
55009588001,1206884,Discharge To Another Facility,100,55009905001
36004002001,1220690,Discharge To Another Facility,100,36004064001
36004054001,1220752,Discharge To Another Facility,100,36004064001
17000404001,1232717,Discharge To Another Facility,100,17000407001
40000104001,1236864,Discharge To Another Facility,30,40000123010
37007903001,1236389,Discharge To Another Facility,100,37007904001
39009143006,1081711,Discharge To Another Facility,100,39004650001
26000214006,1088420,Discharge To Another Facility,100,26000214001
26001111005,1088682,Discharge To Another Facility,100,26001111001
26002175002,1088817,Discharge To Another Facility,100,26002175001
26003137003,1088926,Discharge To Another Facility,100,26003137001
26003198003,1088955,Discharge To Another Facility,100,26003198001
26004003005,1088990,Discharge To Another Facility,100,26000596001
25000242001,1092527,Discharge To Another Facility,100,25000038001
33000068001,1100958,Discharge To Another Facility,100,33000098001
33000120001,1100996,Discharge To Another Facility,73,50000098001
05000332001,1105153,Discharge To Another Facility,100,05000012001
05000432001,1105221,Discharge To Another Facility,100,05000434002
17001222001,1114065,Discharge To Another Facility,100,17001213001
18005832001,1120517,Discharge To Another Facility,100,18003230001
19000038001,1123486,Discharge To Another Facility,100,19001083001
19000868002,1124211,Discharge To Another Facility,100,19000226001
20000611001,1130349,Discharge To Another Facility,100,20000609001
45000613001,1157236,Discharge To Another Facility,100,45000266001
05000414001,1105205,Discharge To Another Facility,100,05000030001
05000608001,1105408,Discharge To Another Facility,100,05000360001
13000032001,1109009,Discharge To Another Facility,100,13000012004
17000600001,1113879,Discharge To Another Facility,100,17000002001
17001106001,1114042,Discharge To Another Facility,100,17001107001
19000710001,1124075,Discharge To Another Facility,100,19000902001
29001237015,1133583,Discharge To Another Facility,100,29001003023
29003117001,1133919,Discharge To Another Facility,100,29000959001
23000192001,1142616,Discharge To Another Facility,100,23000006001
37003403001,1153348,Discharge To Another Facility,100,37000000018
31001812002,1145997,Discharge To Another Facility,100,31001825002
27000034001,1147927,Discharge To Another Facility,100,27000001001
27000073001,1147955,Discharge To Another Facility,100,27000001001
37005503001,1153487,Discharge To Another Facility,100,37005507001
37009804001,1153813,Discharge To Another Facility,100,37009801002
47000185001,1165993,Discharge To Another Facility,100,47002004001
47000400001,1166038,Discharge To Another Facility,100,47000300001
06005239001,1175726,Discharge To Another Facility,100,06002023001
48001013001,1182884,Discharge To Another Facility,100,48001009007
20000460001,2919155,Discharge To Another Facility,100,20000436001
04000400003,2930963,Discharge To Another Facility,100,04002103001
36005119001,3185811,Discharge To Another Facility,100,36005046001
48007215001,1184007,Discharge To Another Facility,100,48007848001
48008138001,1184445,Discharge To Another Facility,100,48008055001
51000194001,1192796,Discharge To Another Facility,100,51001400077
51000285001,1192908,Discharge To Another Facility,100,51000275001
42004059001,1196273,Discharge To Another Facility,100,42004060001
55002080002,1206281,Discharge To Another Facility,78,55000500000
55003280001,1206469,Discharge To Another Facility,100,55002981001
55005010001,1206699,Discharge To Another Facility,100,55005010002
24000018001,1214193,Discharge To Another Facility,100,11000001001
24000300161,1214477,Discharge To Another Facility,100,24000034001
36003020001,1220354,Discharge To Another Facility,100,36003019001
36004035001,1220735,Discharge To Another Facility,100,36004071001
36008029001,1221225,Discharge To Another Facility,100,36008024001
21000089001,1235487,Discharge To Another Facility,100,21000602001
29001237002,1133570,Discharge To Another Facility,100,29001003023
29003468001,1133964,Discharge To Another Facility,100,29003585001
06003062001,1175429,Discharge To Another Facility,100,06003021001
48001040001,1182899,Discharge To Another Facility,100,48001009008
48003274001,1183306,Discharge To Another Facility,100,48003111003
48004137001,1183448,Discharge To Another Facility,100,48004122001
48007129001,1183943,Discharge To Another Facility,100,48007153001
48007138001,1183952,Discharge To Another Facility,100,48007153001
48007674001,1184205,Discharge To Another Facility,100,48007719001
48007691001,1184217,Discharge To Another Facility,100,48007444001
55000530001,1206084,Discharge To Another Facility,100,55003650003
55000708040,1206106,Discharge To Another Facility,100,55004760001
24000015001,1214183,Discharge To Another Facility,100,24000013001
06002027001,1175285,Discharge To Another Facility,100,06002041001
06008029001,1175985,Discharge To Another Facility,100,06008004001
48001104004,1182909,Discharge To Another Facility,100,48001104003
48007074001,1183900,Discharge To Another Facility,100,48007174001
48007507001,1184111,Discharge To Another Facility,100,48007444001
48007585001,1184160,Discharge To Another Facility,100,48007769001
51000017002,1192600,Discharge To Another Facility,100,51000016001
51000069002,1192654,Discharge To Another Facility,100,51000069001
51000317001,1192954,Discharge To Another Facility,100,51000318001
48003028001,1183190,Discharge To Another Facility,100,48000001003
48004132001,1183442,Discharge To Another Facility,100,48004122001
48004133001,1183444,Discharge To Another Facility,100,48004122001
48007010001,1183779,Discharge To Another Facility,100,48007008001
48007132001,1183946,Discharge To Another Facility,100,48007620001
48007732001,1184242,Discharge To Another Facility,100,48007039024
48008071001,1184412,Discharge To Another Facility,100,48000005007
51000023001,1192616,Discharge To Another Facility,100,51000020003
55002513001,1206341,Discharge To Another Facility,100,55001310001
55006603001,1206780,Discharge To Another Facility,100,55003970001
55007901002,1206810,Discharge To Another Facility,44,55007902001
55009512001,1206865,Discharge To Another Facility,100,55003490001
24000057004,1214326,Discharge To Another Facility,100,24000057500
36003034002,1220393,Discharge To Another Facility,100,36003058001
36003152002,1220605,Discharge To Another Facility,100,36003169012
36003169002,1220631,Discharge To Another Facility,100,36003169012
36003174001,1220660,Discharge To Another Facility,100,36003169005
36004057001,1220755,Discharge To Another Facility,100,36004077001
36004094001,1220781,Discharge To Another Facility,100,36004071001
36007028001,1221071,Discharge To Another Facility,100,36007027001
36007245001,1221197,Discharge To Another Facility,100,36007136001
36008240001,1221322,Discharge To Another Facility,100,36008082001
36009088001,1221435,Discharge To Another Facility,100,36009082002
39000059003,2806104,Discharge To Another Facility,100,39002933001
12000001027,2922213,Discharge To Another Facility,100,12000001001
25000167001,3022668,Discharge To Another Facility,100,25000028001
39005601014,3027970,Discharge To Another Facility,100,39009240001
39008920019,3192893,Discharge To Another Facility,100,39005635001
49000174001,3212288,Discharge To Another Facility,100,49000135001
39008072034,3357994,Discharge To Another Facility,100,39000084001
39005855007,3367631,Discharge To Another Facility,100,39007371001
08000119701,3418739,Discharge To Another Facility,100,08000070001
39000311002,3512756,Discharge To Another Facility,100,39008218001
26001112004,3513056,Discharge To Another Facility,100,26001112001
21000601001,3518716,Discharge To Another Facility,50,21000246001
47001016003,3522336,Discharge To Another Facility,100,47001016001
53002012049,3528738,Discharge To Another Facility,100,53000776007
24000090035,3537576,Discharge To Another Facility,100,24000030002
39000194006,384763,Discharge To Another Facility,100,39009170001
10000016001,1066459,Discharge To Another Facility,100,10000011001
08000143001,1066942,Discharge To Another Facility,100,08000070001
04001315001,1069451,Discharge To Another Facility,46,04001318001
04001315001,1069451,Discharge To Another Facility,24,04001315005
04001315001,1069451,Discharge To Another Facility,13,04001315003
04001315001,1069451,Discharge To Another Facility,17,04001315009
34001113001,1073321,Discharge To Another Facility,100,34002100001
34001303001,1073407,Discharge To Another Facility,100,34001005001
34001386001,1073453,Discharge To Another Facility,100,34001093001
34002540001,1073625,Discharge To Another Facility,100,34002097001
34003260001,1073651,Discharge To Another Facility,100,34003079001
34008501001,1073933,Discharge To Another Facility,100,34009507001
36008023001,1221215,Discharge To Another Facility,100,36008024001
05000482001,1105265,Discharge To Another Facility,100,05000484002
17000135001,1113408,Discharge To Another Facility,100,17000136001
17005504001,1114232,Discharge To Another Facility,100,17005508001
18000053001,1120092,Discharge To Another Facility,100,18000061001
18000706001,1120209,Discharge To Another Facility,100,18004959001
20000491001,1130300,Discharge To Another Facility,100,20000406001
29004060001,1134078,Discharge To Another Facility,100,29001016001
35000047001,1145058,Discharge To Another Facility,100,35000028001
17000609001,1113885,Discharge To Another Facility,60,17000000059
17007507002,1114344,Discharge To Another Facility,100,17007507001
16000188001,1128712,Discharge To Another Facility,100,16000185001
16000260001,1128778,Discharge To Another Facility,100,16000152001
29000123020,1133218,Discharge To Another Facility,100,29001023005
29001198002,1133533,Discharge To Another Facility,100,29001127002
29001237030,1133596,Discharge To Another Facility,100,29001003023
29004010001,1134038,Discharge To Another Facility,100,29004026001
23000109001,1142548,Discharge To Another Facility,100,23000025001
27000058001,1147947,Discharge To Another Facility,100,27000001001
27000091001,1147972,Discharge To Another Facility,100,27000001002
27000327001,1148150,Discharge To Another Facility,100,27000001002
37004509001,1153440,Discharge To Another Facility,100,37001104001
30000151001,1238252,Discharge To Another Facility,100,30000049001
48007039067,2883822,Discharge To Another Facility,100,48007039018
18006015001,2919842,Discharge To Another Facility,100,18000851001
26000313016,2933645,Discharge To Another Facility,100,26000313001
29004035008,3147948,Discharge To Another Facility,100,29004035001
39009630001,3372790,Discharge To Another Facility,100,39000386001
55000250000,3382377,Discharge To Another Facility,100,55001730001
55000270000,3382405,Discharge To Another Facility,100,55000280000
08209000026,3500177,Discharge To Another Facility,100,08000034003
54002505012,3514038,Discharge To Another Facility,100,54002510001
18120000003,3524857,Discharge To Another Facility,53,18000015001
05000035001,386554,Discharge To Another Facility,100,05000689001
48002018002,411191,Discharge To Another Facility,100,48002018001
08000500049,1067186,Discharge To Another Facility,75,08105000000
09001690001,1071975,Discharge To Another Facility,100,09001160001
34001056001,1073307,Discharge To Another Facility,100,34001082001
34001141001,1073329,Discharge To Another Facility,100,34001082001
34001178001,1073348,Discharge To Another Facility,100,34001093001
34001413001,1073468,Discharge To Another Facility,100,34001090001
34002248001,1073541,Discharge To Another Facility,100,34002100003
34003514001,1073678,Discharge To Another Facility,100,34003079001
39000334001,1080745,Discharge To Another Facility,100,39000324001
39000363001,1080775,Discharge To Another Facility,100,39004480001
39005145006,1081267,Discharge To Another Facility,100,39006657001
39008072008,1081585,Discharge To Another Facility,100,39000084001
26000801002,1088630,Discharge To Another Facility,100,26000801001
26001111003,1088680,Discharge To Another Facility,100,26001111001
26004022002,1089045,Discharge To Another Facility,100,26004022001
25000233001,1092517,Discharge To Another Facility,100,25000128001
25000247001,1092531,Discharge To Another Facility,100,25000030001
05000702001,1105498,Discharge To Another Facility,100,05000783001
05000738001,1105529,Discharge To Another Facility,100,05000005002
17001906001,1114116,Discharge To Another Facility,100,17000073001
18000327001,1120165,Discharge To Another Facility,100,18000328001
16000075001,1128626,Discharge To Another Facility,100,16000073001
29001163001,1133487,Discharge To Another Facility,100,29001156001
29001237012,1133580,Discharge To Another Facility,100,29001003023
29004036002,1134060,Discharge To Another Facility,100,29000000149
27000084001,1147967,Discharge To Another Facility,100,27000001001
37001306001,1153192,Discharge To Another Facility,100,37001301002
37003504001,1153357,Discharge To Another Facility,100,37003507001
36008061101,2867620,Discharge To Another Facility,100,36008044001
37008407001,3487130,Discharge To Another Facility,100,37000000129
54000201001,3515676,Discharge To Another Facility,100,54000202001
29003211002,3537756,Discharge To Another Facility,100,29003742001
55001600002,401018,Discharge To Another Facility,100,55001600001
53001220000,408797,Discharge To Another Facility,5,53001220001
36009011002,504600,Discharge To Another Facility,100,36009011001
09000040002,1071773,Discharge To Another Facility,100,09001280001
09000641006,1071846,Discharge To Another Facility,100,09000641004
09001531001,1071959,Discharge To Another Facility,100,09001510001
41000022003,1164280,Discharge To Another Facility,100,41000022005
06001062001,1175222,Discharge To Another Facility,100,06001045001
06002110001,1175349,Discharge To Another Facility,100,06002012001
06002156001,1175366,Discharge To Another Facility,50,06002072001
06009026005,1176061,Discharge To Another Facility,100,06009041002
53002490001,1181074,Discharge To Another Facility,100,53001575001
48001203005,1182979,Discharge To Another Facility,100,48001203011
48007823001,1184288,Discharge To Another Facility,100,48007822001
48009056002,1184494,Discharge To Another Facility,100,48009056001
51000012001,1192593,Discharge To Another Facility,100,51000013013
39000201001,1080623,Discharge To Another Facility,100,39000201003
39004798001,1081226,Discharge To Another Facility,100,39004208002
26000108005,1088362,Discharge To Another Facility,100,26000108001
26000108006,1088363,Discharge To Another Facility,100,26000108001
26000108010,1088367,Discharge To Another Facility,100,26000108001
26000108014,1088370,Discharge To Another Facility,100,26000108001
26000313006,1088456,Discharge To Another Facility,100,26000313001
26000313008,1088458,Discharge To Another Facility,100,26000313001
26000458006,1088514,Discharge To Another Facility,100,26000458001
26000458007,1088515,Discharge To Another Facility,100,26000458001
26001018002,1088666,Discharge To Another Facility,100,26001018001
26002122002,1088787,Discharge To Another Facility,100,26002122001
26003092003,1088892,Discharge To Another Facility,100,26003092001
25000135001,1092423,Discharge To Another Facility,100,25000048001
05000093001,1104929,Discharge To Another Facility,100,05000094001
05000883001,1105584,Discharge To Another Facility,100,05000662001
17000204001,1113479,Discharge To Another Facility,100,17000587001
17000240001,1113517,Discharge To Another Facility,100,17000238001
18000229001,1120147,Discharge To Another Facility,100,18000225001
18000904001,1120235,Discharge To Another Facility,100,18000903002
18004474001,1120366,Discharge To Another Facility,36,18003120001
18004474001,1120366,Discharge To Another Facility,64,18003190001
21000225002,1139656,Discharge To Another Facility,100,21000225001
23000095001,1142534,Discharge To Another Facility,100,23000005001
27000076001,1147959,Discharge To Another Facility,100,27000001001
27000099001,1147978,Discharge To Another Facility,100,27000001001
27000333001,1148155,Discharge To Another Facility,100,27000001002
37003106001,1153324,Discharge To Another Facility,100,37003110001
37003113001,1153328,Discharge To Another Facility,100,37003110001
37008005001,1153677,Discharge To Another Facility,100,37008001002
41000259001,1164471,Discharge To Another Facility,100,41000248001
47000747001,1166100,Discharge To Another Facility,100,47001360001
49000104001,1170455,Discharge To Another Facility,100,49000094001
49000319001,1170642,Discharge To Another Facility,100,49000155001
06001021001,1175190,Discharge To Another Facility,100,06001045001
06002077001,1175338,Discharge To Another Facility,100,06002125001
06003002001,1175373,Discharge To Another Facility,100,06003041001
06005065001,1175586,Discharge To Another Facility,100,06000000065
06005185001,1175694,Discharge To Another Facility,100,06005146001
34001218001,1073370,Discharge To Another Facility,100,34001082001
34002522001,1073604,Discharge To Another Facility,100,34002003001
34003055001,1073636,Discharge To Another Facility,100,34003079003
34006062001,1073795,Discharge To Another Facility,100,34006012001
34008509001,1073940,Discharge To Another Facility,100,34008504001
27000012001,1147905,Discharge To Another Facility,100,27000001003
27000079001,1147962,Discharge To Another Facility,100,27000001001
37008410001,1153709,Discharge To Another Facility,100,37008401101
06005340001,1175776,Discharge To Another Facility,100,06005045001
06008047001,1176001,Discharge To Another Facility,100,06008027001
53000075001,1180748,Discharge To Another Facility,100,53000776001
37000802001,1153129,Discharge To Another Facility,100,37004603001
37001008001,1153153,Discharge To Another Facility,100,37001017001
37008304001,1153700,Discharge To Another Facility,100,37008313001
37009305001,1153780,Discharge To Another Facility,100,37009303001
41000019001,1164274,Discharge To Another Facility,100,41000015001
41000096001,1164353,Discharge To Another Facility,100,41000055001
22001345001,1168276,Discharge To Another Facility,100,22003432001
49000057001,1170412,Discharge To Another Facility,100,49000132001
49000134001,1170482,Discharge To Another Facility,100,49000130001
49000228001,1170567,Discharge To Another Facility,100,49000307001
49000256001,1170591,Discharge To Another Facility,100,49000097001
49000310001,1170634,Discharge To Another Facility,100,49000094001
06001078001,1175231,Discharge To Another Facility,100,06001079001
06002113001,1175351,Discharge To Another Facility,100,06002012001
06003043001,1175410,Discharge To Another Facility,100,06003027001
06005021001,1175542,Discharge To Another Facility,100,06005106001
06008015001,1175965,Discharge To Another Facility,35,06008001001
06009076001,1176095,Discharge To Another Facility,71,06000000072
53000695004,1180835,Discharge To Another Facility,55,53000695001
48004023001,1183340,Discharge To Another Facility,100,48000004002
48004108001,1183415,Discharge To Another Facility,50,48004354008
48004108001,1183415,Discharge To Another Facility,50,48004354010
20000430001,1130253,Discharge To Another Facility,100,29001011001
20000470003,1130286,Discharge To Another Facility,100,20000470002
21000380001,1139770,Discharge To Another Facility,100,21000000011
21000732001,1139888,Discharge To Another Facility,0,21000202001
21000732001,1139888,Discharge To Another Facility,0,21000314001
21000732001,1139888,Discharge To Another Facility,100,21000094001
23000221001,1142627,Discharge To Another Facility,100,23000066001
08000115001,1066916,Discharge To Another Facility,50,08000121001
49000292001,1170621,Discharge To Another Facility,100,49000073001
49000472001,1170785,Discharge To Another Facility,100,49000130001
40000172002,1172560,Discharge To Another Facility,0,40000172001
06003048001,1175416,Discharge To Another Facility,100,06003017001
53000018002,1180741,Discharge To Another Facility,100,53000776002
48001364003,1183065,Discharge To Another Facility,100,48001117001
48004131001,1183441,Discharge To Another Facility,100,48000004001
53000055001,1180746,Discharge To Another Facility,100,53000776001
48004138001,1183449,Discharge To Another Facility,100,48004122001
48007565001,1184144,Discharge To Another Facility,100,48007493001
51000068001,1192651,Discharge To Another Facility,100,51000069001
51000176002,1192773,Discharge To Another Facility,100,51001400027
51001400032,1193050,Discharge To Another Facility,100,51000158001
42005323001,1196829,Discharge To Another Facility,100,42005097001
55000750003,1206112,Discharge To Another Facility,100,55000750001
55001530001,1206224,Discharge To Another Facility,100,55006210002
55001582001,1206228,Discharge To Another Facility,100,55003970001
55005340001,1206736,Discharge To Another Facility,100,55001310001
55009790001,1206956,Discharge To Another Facility,100,55009790002
55009995001,1207018,Discharge To Another Facility,100,55001360001
24000300064,1214451,Discharge To Another Facility,100,24000046001
36004076001,1220774,Discharge To Another Facility,100,36004077001
36008058001,1221257,Discharge To Another Facility,100,36008050001
31000260001,1230176,Discharge To Another Facility,100,31001825002
48004021001,1183337,Discharge To Another Facility,100,48004026001
48007100001,1183922,Discharge To Another Facility,100,48007089001
37005113108,2928363,Discharge To Another Facility,100,37005113001
48007039115,3148168,Discharge To Another Facility,100,48007039065
05000805001,3502043,Discharge To Another Facility,100,05000110002
12000136020,3503241,Discharge To Another Facility,100,12000136013
26003147003,3514559,Discharge To Another Facility,100,26003147001
26000727004,3514679,Discharge To Another Facility,100,26000727002
17005414003,3539576,Discharge To Another Facility,53,17005414001
17005414003,3539576,Discharge To Another Facility,47,17005414002
29002367006,436315,Discharge To Another Facility,100,29002362001
55001330000,495203,Discharge To Another Facility,80,55009511001
08000062001,1066864,Discharge To Another Facility,100,08000121001
08000132002,1066933,Discharge To Another Facility,100,08000070001
09000400001,1071812,Discharge To Another Facility,100,09000641002
34002512002,1073593,Discharge To Another Facility,100,34002512001
34008365001,1073928,Discharge To Another Facility,100,34008357001
12000081001,1078212,Discharge To Another Facility,100,12000080001
48007534001,1184128,Discharge To Another Facility,100,48007033006
48007567001,1184145,Discharge To Another Facility,100,48007599001
48007836001,1184296,Discharge To Another Facility,100,48007848001
51000004007,1192584,Discharge To Another Facility,100,51000005001
51000300008,1192931,Discharge To Another Facility,100,51000001000
55005130001,1206715,Discharge To Another Facility,50,55003100001
55006200002,1206766,Discharge To Another Facility,80,55009511001
24000013003,1214178,Discharge To Another Facility,100,24000013001
36003061001,1220462,Discharge To Another Facility,100,36003062003
36004033003,1220733,Discharge To Another Facility,100,36004071001
36006015001,1220944,Discharge To Another Facility,100,36006158001
36007141002,1221134,Discharge To Another Facility,100,36007136005
48008079001,1227945,Discharge To Another Facility,100,48000017007
55001820001,1229175,Discharge To Another Facility,100,55010850003
51000001014,1235952,Discharge To Another Facility,0,51000267001
37004403001,1236373,Discharge To Another Facility,100,37004407001
39006564001,2806691,Discharge To Another Facility,100,39002261001
36003175001,2826620,Discharge To Another Facility,100,36003169012
26003228002,2848258,Discharge To Another Facility,100,26002013001
25000061001,2946772,Discharge To Another Facility,100,25000042001
39001660028,3145293,Discharge To Another Facility,100,39001660008
39004855008,3355997,Discharge To Another Facility,100,39008932001
39008637011,3362798,Discharge To Another Facility,100,39001370003
48008016001,1184361,Discharge To Another Facility,100,48008047002
51000146001,1192721,Discharge To Another Facility,100,51000238001
51000301002,1192934,Discharge To Another Facility,100,51000308004
51001307001,1193016,Discharge To Another Facility,100,51000044002
55003230010,1206460,Discharge To Another Facility,100,55000280000
55009609001,1206891,Discharge To Another Facility,100,55001730001
55009862001,1206981,Discharge To Another Facility,100,55008641001
36003046001,1220409,Discharge To Another Facility,100,36003046002
36003072004,1220481,Discharge To Another Facility,100,36003062008
36004063001,1220761,Discharge To Another Facility,100,36004064002
36008028001,1221224,Discharge To Another Facility,100,36008024001
48007612001,1227932,Discharge To Another Facility,100,48007444001
36009091001,1232190,Discharge To Another Facility,100,36009069001
47000960001,1235060,Discharge To Another Facility,100,47001145001
36006139001,2839720,Discharge To Another Facility,100,36006049001
37001808001,2863687,Discharge To Another Facility,100,37001805001
37003611004,2869469,Discharge To Another Facility,100,37003601002
42000323001,3059435,Discharge To Another Facility,100,42000082001
51001400079,3113552,Discharge To Another Facility,100,51000006001
48007914001,3139108,Discharge To Another Facility,100,48007848001
37008001001,1236390,Discharge To Another Facility,100,37008001002
54001020001,3032014,Discharge To Another Facility,100,54001033001
34001424001,3115611,Discharge To Another Facility,100,34001082001
29004035006,3148033,Discharge To Another Facility,100,29004035001
48007205001,3148230,Discharge To Another Facility,100,48007162001
04001904008,3219791,Discharge To Another Facility,51,04001903001
04001904008,3219791,Discharge To Another Facility,41,04001904003
12000017019,3251949,Discharge To Another Facility,100,12000017028
39009143015,3284948,Discharge To Another Facility,100,39003500001
27043000009,3405377,Discharge To Another Facility,100,27000001026
36004080001,3483236,Discharge To Another Facility,100,36004065001
48001102006,3507161,Discharge To Another Facility,100,48001102001
12000133007,3509119,Discharge To Another Facility,100,12000133020
54002904001,3513798,Discharge To Another Facility,100,54002906001
17002058001,3514838,Discharge To Another Facility,100,17001412001
48006099001,3532396,Discharge To Another Facility,100,48006001001
09001550001,1071961,Discharge To Another Facility,100,09000641001
34001190001,1073356,Discharge To Another Facility,100,34001030001
39000107001,1080529,Discharge To Another Facility,100,39001792002
39000229001,1080651,Discharge To Another Facility,100,39000973001
37009610001,1153792,Discharge To Another Facility,100,37009601001
53000060001,1180747,Discharge To Another Facility,100,53000213001
48001211001,1182991,Discharge To Another Facility,100,48001211003
48004322001,1183509,Discharge To Another Facility,100,48004083001
48007637001,1184186,Discharge To Another Facility,100,48007560001
48008152001,1184448,Discharge To Another Facility,100,48008070001
51000004001,1192580,Discharge To Another Facility,0,51000005001
51001400039,1193057,Discharge To Another Facility,100,51001305001
21000737001,3405570,Discharge To Another Facility,100,54002906001
29001183020,3500600,Discharge To Another Facility,100,29001183001
27044000663,3500961,Discharge To Another Facility,100,27001606001
26000462005,3502498,Discharge To Another Facility,100,26000462001
49000080001,1170431,Discharge To Another Facility,100,49000018001
06002152001,1175364,Discharge To Another Facility,100,06002015001
06005122002,1175653,Discharge To Another Facility,100,06005009001
48001103001,1182907,Discharge To Another Facility,100,48001104003
48002026001,1183122,Discharge To Another Facility,100,48002031001
48002118001,1183158,Discharge To Another Facility,100,48022012001
48007042001,1183862,Discharge To Another Facility,100,48007064041
48007601001,1184169,Discharge To Another Facility,100,48007039065
48007754001,1184255,Discharge To Another Facility,100,48007719001
55001740001,1206249,Discharge To Another Facility,100,55005010002
55006520001,1206774,Discharge To Another Facility,100,55002135000
24000003020,1214145,Discharge To Another Facility,100,24000003004
24000300016,1214439,Discharge To Another Facility,100,24000049001
39004563006,3370172,Discharge To Another Facility,100,39004564001
36007194002,3489153,Discharge To Another Facility,100,36007194001
36008129001,3491876,Discharge To Another Facility,100,36008018001
51070000008,3513919,Discharge To Another Facility,0,51000020003
06005000001,3514617,Discharge To Another Facility,100,06005009001
39003907010,3529436,Discharge To Another Facility,100,39007910001
06004012500,3531736,Discharge To Another Facility,50,06004009004
06004012500,3531736,Discharge To Another Facility,50,06004009003
53200400024,386396,Discharge To Another Facility,100,53000982007
29001181007,484066,Discharge To Another Facility,100,29001181003
08000175001,1066969,Discharge To Another Facility,100,08000121001
08000340001,1067127,Discharge To Another Facility,100,08000404001
34001198001,1073360,Discharge To Another Facility,100,34001156001
34001422001,1073472,Discharge To Another Facility,100,34001005001
34001457001,1073491,Discharge To Another Facility,100,34001005001
34002409001,1073572,Discharge To Another Facility,100,34002065001
34003502001,1073666,Discharge To Another Facility,100,34003079003
34005262001,1073757,Discharge To Another Facility,100,34007032001
34006129001,1073805,Discharge To Another Facility,100,34006012001
39000110001,1080532,Discharge To Another Facility,100,39001792002
39000146001,1080571,Discharge To Another Facility,100,39001666002
39000384001,1080797,Discharge To Another Facility,100,39000368001
39000537001,1080814,Discharge To Another Facility,100,39007169001
39006770007,1081481,Discharge To Another Facility,100,39006944001
39007479007,1081531,Discharge To Another Facility,100,39007480001
34002517001,1073598,Discharge To Another Facility,100,34002076001
34003495001,1073663,Discharge To Another Facility,100,34003079003
34004504001,1073738,Discharge To Another Facility,100,34004015001
39000105001,1080527,Discharge To Another Facility,100,39001792002
39000305001,1080717,Discharge To Another Facility,100,39000298001
39005419001,1081282,Discharge To Another Facility,100,39002093001
26000573001,1088602,Discharge To Another Facility,100,26000549001
26002093003,1088767,Discharge To Another Facility,100,26002093001
50000072002,1094124,Discharge To Another Facility,100,50000072001
33000046001,1100941,Discharge To Another Facility,100,33000044001
05009500001,1105590,Discharge To Another Facility,100,05000203001
17007305001,1114323,Discharge To Another Facility,100,17000000025
17007318001,1114331,Discharge To Another Facility,100,17000615001
29004122002,1134133,Discharge To Another Facility,100,29004122001
21000317001,1139728,Discharge To Another Facility,100,21000190001
23000085001,1142523,Discharge To Another Facility,100,23000014001
39001915001,1080969,Discharge To Another Facility,100,39008743001
39006233001,1081440,Discharge To Another Facility,100,39001792002
26000462004,1088524,Discharge To Another Facility,100,26000462001
26001018004,1088668,Discharge To Another Facility,100,26001018001
26004004003,1088992,Discharge To Another Facility,100,26004004001
25000017001,1092321,Discharge To Another Facility,100,25000128001
25000086001,1092383,Discharge To Another Facility,100,25000128001
25000156001,1092436,Discharge To Another Facility,100,25000128001
54003019001,1095064,Discharge To Another Facility,100,54003011001
13000109001,1109110,Discharge To Another Facility,100,13000109003
13000184004,1109194,Discharge To Another Facility,100,13000184001
17000369001,1113638,Discharge To Another Facility,100,17000366001
17000543001,1113820,Discharge To Another Facility,100,17000537002
17000714001,1113988,Discharge To Another Facility,100,17000715001
17000734001,1114016,Discharge To Another Facility,100,17000703001
19000832001,1124178,Discharge To Another Facility,100,19000280001
36003029001,1220388,Discharge To Another Facility,100,36003020002
36003159001,1220616,Discharge To Another Facility,100,36003169012
36005015001,1220829,Discharge To Another Facility,100,36005017001
36005108001,1220908,Discharge To Another Facility,100,36005063001
36007012001,1221058,Discharge To Another Facility,100,36007002001
36007023002,1221067,Discharge To Another Facility,100,36007002001
36008248002,1221325,Discharge To Another Facility,100,36008086001
36009074001,1221396,Discharge To Another Facility,100,36009071001
55000003001,1205997,Discharge To Another Facility,100,55005080001
55001780001,1206253,Discharge To Another Facility,100,55009905001
55004680001,1206647,Discharge To Another Facility,100,55006210002
55005030001,1206703,Discharge To Another Facility,100,55008641001
55009833001,1206972,Discharge To Another Facility,50,55003100001
36003034004,1220394,Discharge To Another Facility,100,36003034001
36004061001,1220759,Discharge To Another Facility,100,36004064001
36007051001,1221083,Discharge To Another Facility,100,36007027001
36008027001,1221221,Discharge To Another Facility,100,36008267001
36008261001,1221333,Discharge To Another Facility,100,36008097001
48007533001,1227927,Discharge To Another Facility,100,48007038001
36006125001,1232148,Discharge To Another Facility,100,36006124001
37008002001,1236391,Discharge To Another Facility,100,37008001002
37009605001,1236404,Discharge To Another Facility,100,37009601001
26000458011,1088518,Discharge To Another Facility,100,26000458001
26000503002,1088557,Discharge To Another Facility,100,26000503001
26001018007,1088671,Discharge To Another Facility,100,26001018001
26002089002,1088762,Discharge To Another Facility,100,26002089001
26003060002,1088869,Discharge To Another Facility,100,26003060001
50000115001,1094159,Discharge To Another Facility,100,50000025001
54001713001,1094850,Discharge To Another Facility,100,54001703001
54002715001,1095016,Discharge To Another Facility,100,54002716001
54005001001,1095277,Discharge To Another Facility,100,54000603001
33000003001,1100899,Discharge To Another Facility,100,33000100003
17000257001,1113534,Discharge To Another Facility,100,17000238001
18000119001,1120130,Discharge To Another Facility,100,18000106001
16000156001,1128684,Discharge To Another Facility,100,16000155001
29001237014,1133582,Discharge To Another Facility,100,29001003023
29003354001,1133950,Discharge To Another Facility,100,29003005001
21000388001,1139777,Discharge To Another Facility,0,21000179001
44000011001,1144293,Discharge To Another Facility,100,44000022001
27000329001,1148152,Discharge To Another Facility,100,27000001002
37004106001,1153405,Discharge To Another Facility,100,37000101002
41000022002,1164279,Discharge To Another Facility,100,41000020001
41000240001,1164454,Discharge To Another Facility,100,41000000033
49000108001,1170458,Discharge To Another Facility,100,49000107001
40000425001,1172677,Discharge To Another Facility,100,05009000002
16000245001,1128765,Discharge To Another Facility,100,16000004001
20001615001,1130669,Discharge To Another Facility,100,20001609001
29001091001,1133370,Discharge To Another Facility,100,29001091002
48007301001,1184056,Discharge To Another Facility,100,48005158001
48007850001,1184305,Discharge To Another Facility,100,48007064003
51000219002,1192836,Discharge To Another Facility,100,51000213001
55000510001,1206082,Discharge To Another Facility,100,55005400001
55000820001,1206118,Discharge To Another Facility,100,55000330001
55001305001,1206169,Discharge To Another Facility,100,55000500000
55006061001,1206762,Discharge To Another Facility,80,55009511001
24000013400,1214182,Discharge To Another Facility,100,42003126001
36004033001,1220731,Discharge To Another Facility,100,36004071001
36006003001,1220933,Discharge To Another Facility,100,36006005001
36009082001,1221408,Discharge To Another Facility,100,36009082002
27000068001,1231488,Discharge To Another Facility,100,27000001001
39002651001,2806280,Discharge To Another Facility,100,39001370004
36007076002,2827983,Discharge To Another Facility,100,36007075001
39005390001,1237825,Discharge To Another Facility,100,39001199003
48000004502,2847889,Discharge To Another Facility,100,48000004001
06002174001,3008943,Discharge To Another Facility,100,06002036001
36005004002,1220815,Discharge To Another Facility,100,36005005001
36006027001,1220957,Discharge To Another Facility,100,36006050001
36006187001,1221042,Discharge To Another Facility,100,36006158001
36007154001,1221146,Discharge To Another Facility,100,36007136009
36008181001,1221311,Discharge To Another Facility,100,36008066001
27000044001,1231486,Discharge To Another Facility,100,27000001001
17000635001,1232726,Discharge To Another Facility,100,17000640001
39007325001,2806703,Discharge To Another Facility,100,39007290001
34001255001,2856240,Discharge To Another Facility,100,34001082001
27000041001,1147933,Discharge To Another Facility,100,27000001001
41000028001,1164292,Discharge To Another Facility,100,41000031001
41000050001,1164310,Discharge To Another Facility,100,41000045001
41000257001,1164469,Discharge To Another Facility,0,41000286001
47000273001,1166014,Discharge To Another Facility,100,47000245002
47000440001,1166043,Discharge To Another Facility,100,47000245002
47000592001,1166066,Discharge To Another Facility,100,47001016002
06001037001,1175203,Discharge To Another Facility,100,06001045001
53000590001,1180809,Discharge To Another Facility,100,53000776007
48004062002,1183378,Discharge To Another Facility,100,48000004007
48007683002,1184214,Discharge To Another Facility,100,48007174001
48007600001,1184168,Discharge To Another Facility,100,48007039065
48007692001,1184218,Discharge To Another Facility,100,48007444001
51000273001,1192899,Discharge To Another Facility,100,51000291001
55000110001,1206040,Discharge To Another Facility,100,55001470001
55000705001,1206101,Discharge To Another Facility,100,55000708001
55004095001,1206586,Discharge To Another Facility,100,55009790002
55009523001,1206868,Discharge To Another Facility,100,55002981001
55009934001,1207002,Discharge To Another Facility,100,55004090001
24000079001,1214391,Discharge To Another Facility,100,24000075001
36004023001,1220719,Discharge To Another Facility,100,36004070001
36009124001,1221478,Discharge To Another Facility,100,36009107001
12000088001,2818983,Discharge To Another Facility,100,12000088002
17001102001,2848322,Discharge To Another Facility,100,17000524001
18000109001,2895626,Discharge To Another Facility,100,18000105001
44440009002,2920702,Discharge To Another Facility,100,44000031001
39005012001,2950402,Discharge To Another Facility,100,39004650001
48001587012,2835522,Discharge To Another Facility,100,48001111001
33000050001,2868642,Discharge To Another Facility,100,33000054001
39007420010,3279860,Discharge To Another Facility,100,39000347001
39000133004,3279908,Discharge To Another Facility,100,39006776001
39006765001,1081476,Discharge To Another Facility,100,39009966002
39007533001,1081537,Discharge To Another Facility,100,39001666002
26002018002,1088727,Discharge To Another Facility,100,26002018001
26004002005,1088975,Discharge To Another Facility,100,26000596001
25000082001,1092379,Discharge To Another Facility,100,25000073001
25000141001,1092427,Discharge To Another Facility,100,25000128001
54004902001,1095273,Discharge To Another Facility,100,54004901001
54005099001,1095288,Discharge To Another Facility,100,54000603001
33000086001,1100975,Discharge To Another Facility,100,25000035001
05000091001,1104927,Discharge To Another Facility,0,05000012001
05000515001,1105315,Discharge To Another Facility,100,05000782001
18004714001,1120404,Discharge To Another Facility,100,18002190001
18005233001,1120473,Discharge To Another Facility,100,18005232001
19000079001,1123519,Discharge To Another Facility,100,19000208001
37009216001,3005713,Discharge To Another Facility,100,37009201001
12000116006,3014062,Discharge To Another Facility,100,12000116005
39004855002,3216470,Discharge To Another Facility,0,39006496001
39009143014,3284928,Discharge To Another Facility,0,39009966002
04001316011,3507701,Discharge To Another Facility,80,04001318001
04001316011,3507701,Discharge To Another Facility,20,04001316001
39002813006,3529516,Discharge To Another Facility,100,39001792001
17002080001,3530397,Discharge To Another Facility,100,17000703002
48005005002,3533816,Discharge To Another Facility,100,48005005001
17002015001,371054,Discharge To Another Facility,100,17000073001
55008140002,414179,Discharge To Another Facility,100,55008140001
55007522000,495189,Discharge To Another Facility,80,55009511001
10000001037,1066422,Discharge To Another Facility,100,10000019001
10000016003,1066461,Discharge To Another Facility,100,10000011001
08000189001,1066982,Discharge To Another Facility,100,08000070001
09000810001,1071871,Discharge To Another Facility,100,09000880001
34001122001,1073323,Discharge To Another Facility,100,34001077001
34001223001,1073372,Discharge To Another Facility,100,34001005001
34001429001,1073477,Discharge To Another Facility,100,34001077001
34002024001,1073504,Discharge To Another Facility,100,34002065001
34002325001,1073553,Discharge To Another Facility,100,34002065001
34005124001,1073747,Discharge To Another Facility,100,34005395001
34006456001,1073848,Discharge To Another Facility,100,34006039001
12000204001,1078359,Discharge To Another Facility,100,12000088002
39000094002,1080519,Discharge To Another Facility,100,39000094001
39000133002,1080558,Discharge To Another Facility,100,39002996001
42001084001,1195583,Discharge To Another Facility,100,42001046001
55009042001,1206851,Discharge To Another Facility,100,55005170001
55009999001,1207020,Discharge To Another Facility,100,55001730001
36006077001,1220989,Discharge To Another Facility,100,36006158001
36007131002,1221114,Discharge To Another Facility,100,36006087001
36007162001,1221154,Discharge To Another Facility,100,36007136001
36009019001,1221347,Discharge To Another Facility,100,36009031001
48071187001,3124303,Discharge To Another Facility,100,48071103001
37002312001,3142048,Discharge To Another Facility,100,37002301001
29002517001,3500820,Discharge To Another Facility,100,29001074001
54002002001,2985142,Discharge To Another Facility,100,54002004001
53000776008,3015205,Discharge To Another Facility,100,53000776002
37003407001,3049628,Discharge To Another Facility,100,37003401002
51001400076,3108868,Discharge To Another Facility,100,51000130001
48007144002,3140948,Discharge To Another Facility,100,48007162001
22009079031,3188893,Discharge To Another Facility,0,22000000064
55000190000,3372330,Discharge To Another Facility,100,55001310001
12000001008,3507820,Discharge To Another Facility,100,12000001001
24000034002,3513176,Discharge To Another Facility,100,24000034001
55003890003,3521791,Discharge To Another Facility,100,55003890001
47000480002,402005,Discharge To Another Facility,100,47000480001
06004051001,427399,Discharge To Another Facility,100,06004009001
16000061201,441139,Discharge To Another Facility,100,16000061001
56000099019,479032,Discharge To Another Facility,100,56000007001
08000092001,1066894,Discharge To Another Facility,0,08201200084
34006017001,1073784,Discharge To Another Facility,100,34006012001
39002813007,1081041,Discharge To Another Facility,100,39001792002
39003326003,1081102,Discharge To Another Facility,100,39005768001
39004529001,1081185,Discharge To Another Facility,100,39001309001
26000108009,1088366,Discharge To Another Facility,100,26000108001
26000108013,1088369,Discharge To Another Facility,100,26000108001
25000234001,1092518,Discharge To Another Facility,100,25000128001
36008002003,3491056,Discharge To Another Facility,100,36008002009
55002980001,1206404,Discharge To Another Facility,100,55002981001
55009568001,1206879,Discharge To Another Facility,100,55002290001
36001029001,1220301,Discharge To Another Facility,100,36001013001
36003057001,1220420,Discharge To Another Facility,100,36003056001
36003171001,1220642,Discharge To Another Facility,100,36003169012
36004173001,1220808,Discharge To Another Facility,100,36004025001
36007229001,1221193,Discharge To Another Facility,100,36007219001
48004059001,1227839,Discharge To Another Facility,100,48000004007
36009079001,1232189,Discharge To Another Facility,100,36009071001
51000280001,1235991,Discharge To Another Facility,100,51000158001
48001857020,2835620,Discharge To Another Facility,100,48001114001
39000288006,3357351,Discharge To Another Facility,100,39000287001
51001400102,3358330,Discharge To Another Facility,100,51001400050
26000313004,1088454,Discharge To Another Facility,100,26000313001
27044000657,480030,Discharge To Another Facility,100,27003409001
10000001029,1066414,Discharge To Another Facility,100,10000001008
10000015001,1066458,Discharge To Another Facility,100,10000011001
08000007001,1066815,Discharge To Another Facility,100,08000500037
34001133001,1073325,Discharge To Another Facility,100,34001082001
34001170001,1073344,Discharge To Another Facility,100,34001005001
34001465001,1073493,Discharge To Another Facility,100,34001005001
34002310001,1073549,Discharge To Another Facility,100,34008073001
26000902002,1088639,Discharge To Another Facility,100,26000902001
26003092002,1088891,Discharge To Another Facility,100,26003092001
25000029001,1092332,Discharge To Another Facility,88,25000206001
25000047001,1092350,Discharge To Another Facility,100,25000073001
36009117001,1221469,Discharge To Another Facility,100,36009113001
27009613001,1231566,Discharge To Another Facility,100,27000152001
22003328002,1237435,Discharge To Another Facility,100,22003331001
39006574001,2806693,Discharge To Another Facility,100,39001666002
30300255001,2822627,Discharge To Another Facility,100,30000003001
29001239102,3080269,Discharge To Another Facility,100,29001239101
05000107001,3118168,Discharge To Another Facility,100,05000110002
39004855006,3355790,Discharge To Another Facility,0,39008932001
36003069002,3479210,Discharge To Another Facility,100,36003049001
39008920106,3521656,Discharge To Another Facility,100,39001022001
39006465001,3539997,Discharge To Another Facility,100,39000351003
39008374013,3521318,Discharge To Another Facility,100,39004977001
05000304002,395481,Discharge To Another Facility,100,05000045001
05000040001,403109,Discharge To Another Facility,0,05000519001
08000302001,1067088,Discharge To Another Facility,100,08000070001
34001277001,1073398,Discharge To Another Facility,100,34001077001
34001377001,1073445,Discharge To Another Facility,100,34001005001
34003134001,1073645,Discharge To Another Facility,100,34003079002
12000068001,1078192,Discharge To Another Facility,100,12000073003
39000149001,1080574,Discharge To Another Facility,100,39001666002
39000276001,1080691,Discharge To Another Facility,100,39004914001
39002813004,1081038,Discharge To Another Facility,100,39001792002
39002925001,1081052,Discharge To Another Facility,100,39002933001
39008431001,1081638,Discharge To Another Facility,100,39001792002
26000214003,1088417,Discharge To Another Facility,100,26000214001
26000313003,1088453,Discharge To Another Facility,100,26000313001
26000933004,1088655,Discharge To Another Facility,100,26000925001
26002007002,1088701,Discharge To Another Facility,100,26002007001
33000047001,1100942,Discharge To Another Facility,100,33000051001
05000520001,1105320,Discharge To Another Facility,100,05000782001
05000740001,1105531,Discharge To Another Facility,100,05000005001
13000012002,1108946,Discharge To Another Facility,100,13000012003
13000809001,1109631,Discharge To Another Facility,100,13009990003
17000255001,1113532,Discharge To Another Facility,100,17000238001
17000698001,1113961,Discharge To Another Facility,100,17000703001
18004657001,1120391,Discharge To Another Facility,100,18004655001
19000351001,1123751,Discharge To Another Facility,0,19000226001
19000932001,1124266,Discharge To Another Facility,100,19000226001
20000499010,1130321,Discharge To Another Facility,100,20000470002
27000326001,1148149,Discharge To Another Facility,100,27000001003
37002505001,1153291,Discharge To Another Facility,100,37005401002
37009004001,1153754,Discharge To Another Facility,100,37009002010
41000010001,1164265,Discharge To Another Facility,100,41000001002
49000083001,1170434,Discharge To Another Facility,100,49000132001
48001102007,3507162,Discharge To Another Facility,100,48001102002
48004122006,3513976,Discharge To Another Facility,100,48000004007
54001707004,3514840,Discharge To Another Facility,100,54002422001
39000161013,3516438,Discharge To Another Facility,100,39005334001
51000276002,426454,Discharge To Another Facility,100,51000276001
29001237048,460549,Discharge To Another Facility,0,29001003023
09000280001,1071800,Discharge To Another Facility,100,09000420001
09001520001,1071957,Discharge To Another Facility,100,09000950001
34001208001,1073365,Discharge To Another Facility,100,34001005001
34001302001,1073406,Discharge To Another Facility,100,34001005001
34001438001,1073480,Discharge To Another Facility,100,34001105001
34002109001,1073526,Discharge To Another Facility,100,34002097001
34002524001,1073606,Discharge To Another Facility,100,34002003001
34005501001,1073777,Discharge To Another Facility,100,34004014001
34006040001,1073789,Discharge To Another Facility,100,34006012001
34006244001,1073828,Discharge To Another Facility,100,34006012001
34007019001,1073855,Discharge To Another Facility,100,34007117001
12000084001,1078216,Discharge To Another Facility,100,12000087001
39000032001,1080454,Discharge To Another Facility,100,39000072022
26000465002,1088528,Discharge To Another Facility,100,26000465001
26004005004,1089002,Discharge To Another Facility,100,26004005011
25000237002,1092522,Discharge To Another Facility,100,25000093001
50000082001,1094131,Discharge To Another Facility,100,50000007001
54004219001,1095215,Discharge To Another Facility,100,54000102001
33000018001,1100912,Discharge To Another Facility,100,50000007001
33000070001,1100960,Discharge To Another Facility,100,33000058001
33000150002,1101001,Discharge To Another Facility,100,33000161001
34002317001,1073552,Discharge To Another Facility,100,34002065001
34003501001,1073665,Discharge To Another Facility,100,34003079002
34008125001,1073908,Discharge To Another Facility,100,34008357001
12000201001,1078356,Discharge To Another Facility,100,12000088002
39000335001,1080746,Discharge To Another Facility,100,39007090001
39001911001,1080968,Discharge To Another Facility,100,39008330003
36003094007,3107717,Discharge To Another Facility,100,36003100001
39001660031,3145299,Discharge To Another Facility,100,39001660001
36009127002,3147108,Discharge To Another Facility,100,36009127001
51001400100,3216752,Discharge To Another Facility,0,51000122001
36001960050,3480190,Discharge To Another Facility,100,36003058001
36008017002,3491881,Discharge To Another Facility,100,36008017001
05000059001,3501900,Discharge To Another Facility,100,05000003003
17002042001,3502486,Discharge To Another Facility,100,17000407001
26001112010,3513439,Discharge To Another Facility,100,26001112001
26000458012,3514316,Discharge To Another Facility,100,26000458001
53002012051,3528896,Discharge To Another Facility,100,53000776007
37005111001,432744,Discharge To Another Facility,100,37005113001
08000031001,1066834,Discharge To Another Facility,100,08000029001
08000074001,1066878,Discharge To Another Facility,0,08201200117
34001179001,1073349,Discharge To Another Facility,100,34001093001
34001202001,1073362,Discharge To Another Facility,100,34001082001
34003505001,1073669,Discharge To Another Facility,100,34003079001
34004272001,1073720,Discharge To Another Facility,100,34004001001
12000072001,1078196,Discharge To Another Facility,100,12000065004
39000145001,1080570,Discharge To Another Facility,100,39001666002
39000392002,1080806,Discharge To Another Facility,76,39002868001
39000392002,1080806,Discharge To Another Facility,24,39000399001
39000504001,1080813,Discharge To Another Facility,100,39001660001
39000632001,1080831,Discharge To Another Facility,100,39000630001
39002813005,1081039,Discharge To Another Facility,100,39001792001
20000498003,1130303,Discharge To Another Facility,100,20000498010
20000716002,1130373,Discharge To Another Facility,100,20000716001
29000959004,1133225,Discharge To Another Facility,100,29000959001
29001239008,1133613,Discharge To Another Facility,100,29001021001
23000250001,1142635,Discharge To Another Facility,100,23000027001
31008170001,1146166,Discharge To Another Facility,100,31000950001
27000090001,1147971,Discharge To Another Facility,100,27000001002
37009003001,1153753,Discharge To Another Facility,100,37009001001
40000218002,1172598,Discharge To Another Facility,100,40000211001
06002010001,1175271,Discharge To Another Facility,100,06002041001
06005139001,1175660,Discharge To Another Facility,100,06005227001
53000095001,1180750,Discharge To Another Facility,100,53000776001
48007181001,1183985,Discharge To Another Facility,100,48007719001
48007197001,1183992,Discharge To Another Facility,100,48007069001
48007542001,1184134,Discharge To Another Facility,100,48007120001
48008019002,1184365,Discharge To Another Facility,100,48008045001
51000086002,1192674,Discharge To Another Facility,100,51000056001
56000120001,1194878,Discharge To Another Facility,100,56000001001
55003745001,1206539,Discharge To Another Facility,100,55000708001
24000091001,1214422,Discharge To Another Facility,100,24000092001
36007149001,1221140,Discharge To Another Facility,100,36007136001
36009047001,1221366,Discharge To Another Facility,100,36009043001
55001796001,1229173,Discharge To Another Facility,50,55003100001
55000230000,3372355,Discharge To Another Facility,100,55001730001
36003169010,3478770,Discharge To Another Facility,100,36003169012
36006028001,3486848,Discharge To Another Facility,100,36006049001
26000458013,3514317,Discharge To Another Facility,100,26000458001
35200900501,3515056,Discharge To Another Facility,100,35000015001
12000088012,3536037,Discharge To Another Facility,100,12000088002
55000880002,404322,Discharge To Another Facility,100,55000880001
27044000296,432659,Discharge To Another Facility,100,27000349001
56000099025,479038,Discharge To Another Facility,100,56000007001
10000025001,1066486,Discharge To Another Facility,100,10000023004
48001483001,1067867,Discharge To Another Facility,100,48001218002
34003527001,1073691,Discharge To Another Facility,100,34003099001
34008506001,1073937,Discharge To Another Facility,100,34008073001
39000007001,1080429,Discharge To Another Facility,100,39002591001
39000147001,1080572,Discharge To Another Facility,100,39001666002
26000049001,1088339,Discharge To Another Facility,100,26000032001
26000108002,1088359,Discharge To Another Facility,100,26000108001
26000255001,1088442,Discharge To Another Facility,100,26000254001
26000334003,1088474,Discharge To Another Facility,100,26000334001
26002003008,1088695,Discharge To Another Facility,100,26002003001
26000458008,1088516,Discharge To Another Facility,100,26000458001
26001106001,1088676,Discharge To Another Facility,100,26001112001
25000050001,1092353,Discharge To Another Facility,100,25000128001
25000056001,1092359,Discharge To Another Facility,100,25000073001
06006001004,3483670,Discharge To Another Facility,100,06006009001
08209000130,3500282,Discharge To Another Facility,0,08201200117
08209000152,3501033,Discharge To Another Facility,100,08209000084
41000017004,3506540,Discharge To Another Facility,100,41000001001
06005000002,3514618,Discharge To Another Facility,100,06005009001
39000161021,3516446,Discharge To Another Facility,100,39000126001
47000655001,3521039,Discharge To Another Facility,100,47000985001
21000225003,372421,Discharge To Another Facility,100,21000225001
48004110002,421101,Discharge To Another Facility,100,48000004001
12000102008,472588,Discharge To Another Facility,100,12000102011
10000017001,1066463,Discharge To Another Facility,100,10000011001
08000150001,1066946,Discharge To Another Facility,100,08000070001
09000120001,1071780,Discharge To Another Facility,100,09000770001
36004100001,1072227,Discharge To Another Facility,100,36004070001
34002514001,1073595,Discharge To Another Facility,100,34002512001
34003405001,1073655,Discharge To Another Facility,100,34003099001
34006015001,1073783,Discharge To Another Facility,100,34006012001
39004534001,1081186,Discharge To Another Facility,100,39001792002
39005145004,1081265,Discharge To Another Facility,100,39001370004
39006062001,1081428,Discharge To Another Facility,100,39005754001
26000214002,1088416,Discharge To Another Facility,100,26000214001
26002013003,1088720,Discharge To Another Facility,100,26002013001
54001701001,1094841,Discharge To Another Facility,100,54001703001
04002715001,1069682,Discharge To Another Facility,100,04002701004
09000200001,1071791,Discharge To Another Facility,100,09000230001
09000440001,1071816,Discharge To Another Facility,100,09000930003
09000620001,1071839,Discharge To Another Facility,100,09000930003
09000670002,1071852,Discharge To Another Facility,100,09000420001
34001265001,1073391,Discharge To Another Facility,100,34001087001
34002509001,1073590,Discharge To Another Facility,100,34002076001
34002555001,1073630,Discharge To Another Facility,100,34002100001
34004286001,1073721,Discharge To Another Facility,100,34004001001
34006088001,1073801,Discharge To Another Facility,100,34006012001
34006463001,1073849,Discharge To Another Facility,100,34006039001
34008502001,1073934,Discharge To Another Facility,100,34008050001
39002969013,1081070,Discharge To Another Facility,100,39002969018
39003420001,1081114,Discharge To Another Facility,100,39002080001
39004815001,1081238,Discharge To Another Facility,100,39009170001
39008415001,1081634,Discharge To Another Facility,100,39001666001
25000065001,1092366,Discharge To Another Facility,100,25000042001
13000057001,1109050,Discharge To Another Facility,96,13000054001
17000280001,1113555,Discharge To Another Facility,100,17000238001
17000354001,1113622,Discharge To Another Facility,100,17000347001
19000021001,1123471,Discharge To Another Facility,100,19000226001
19000164001,1123587,Discharge To Another Facility,100,19000226001
16000047001,1128593,Discharge To Another Facility,100,16000061001
17000431001,1113701,Discharge To Another Facility,100,17000430001
17000654001,1113923,Discharge To Another Facility,100,17000640001
17000708001,1113974,Discharge To Another Facility,100,17000712001
20000132002,1130141,Discharge To Another Facility,100,20000132001
20000413001,1130235,Discharge To Another Facility,100,20000425003
29001237028,1133594,Discharge To Another Facility,100,29001003023
29001237035,1133601,Discharge To Another Facility,100,29001003023
27000131001,1148005,Discharge To Another Facility,100,27000001001
27000340001,1148161,Discharge To Another Facility,100,27000338001
37005107001,1153469,Discharge To Another Facility,100,37005113001
37009213001,1153777,Discharge To Another Facility,100,37009201001
06004011008,1175496,Discharge To Another Facility,100,06004027001
06005216001,1175710,Discharge To Another Facility,100,06005227001
48007920001,3146068,Discharge To Another Facility,100,48007599001
04001322002,3171328,Discharge To Another Facility,100,04001318001
27043000003,3335458,Discharge To Another Facility,100,27003712001
36006007002,3487931,Discharge To Another Facility,100,36006007001
08209000071,3500223,Discharge To Another Facility,100,08000246001
17002041001,3500360,Discharge To Another Facility,100,17003601001
48008045006,3505620,Discharge To Another Facility,100,48008045002
39005325004,3510176,Discharge To Another Facility,100,39000328001
54002007010,3517376,Discharge To Another Facility,100,54002007001
17002079001,3530316,Discharge To Another Facility,100,17000703002
48001221002,3536096,Discharge To Another Facility,100,48000005002
10000001003,1066389,Discharge To Another Facility,100,10000020001
10000014001,1066457,Discharge To Another Facility,100,10000011001
09000830002,1071874,Discharge To Another Facility,100,09000331001
34001160001,1073338,Discharge To Another Facility,100,34001060001
34001384001,1073451,Discharge To Another Facility,100,34001005001
34002297001,1073548,Discharge To Another Facility,100,34001077001
34002550001,1073629,Discharge To Another Facility,100,34002100001
34003009004,1073633,Discharge To Another Facility,100,34003079001
34004036001,1073705,Discharge To Another Facility,100,34004001001
34008281001,1073922,Discharge To Another Facility,100,34008041001
34008513001,1073945,Discharge To Another Facility,100,34002065001
39009143008,1081713,Discharge To Another Facility,100,39002800001
26000108007,1088364,Discharge To Another Facility,100,26000108001
26000342005,1088484,Discharge To Another Facility,100,26000342001
26000470002,1088532,Discharge To Another Facility,100,26000468001
55003870001,1206558,Discharge To Another Facility,100,55001090001
55009651001,1206910,Discharge To Another Facility,100,55003660001
24000030010,1214250,Discharge To Another Facility,100,24000031001
53001111001,3022589,Discharge To Another Facility,100,53000776007
39008920010,3123493,Discharge To Another Facility,100,39004991001
27043000004,3335510,Discharge To Another Facility,100,27003905001
48002031002,3513856,Discharge To Another Facility,100,48001001001
51070000009,3513920,Discharge To Another Facility,100,51000267001
26000700002,3514736,Discharge To Another Facility,100,26000700001
39005601020,3529416,Discharge To Another Facility,100,39009240001
22001450002,3533156,Discharge To Another Facility,0,22001450001
24000042026,3536456,Discharge To Another Facility,0,24000042001
39006553003,3543236,Discharge To Another Facility,100,39000085001
16000085401,458858,Discharge To Another Facility,100,16000085001
39002813009,504638,Discharge To Another Facility,100,39001792002
17002028002,504977,Discharge To Another Facility,100,17002028001
08000123001,1066923,Discharge To Another Facility,100,08000121001
34001356001,1073440,Discharge To Another Facility,100,34002065001
34001392001,1073459,Discharge To Another Facility,46,34001005001
34003479001,1073659,Discharge To Another Facility,100,34003079002
34006022001,1073785,Discharge To Another Facility,100,34006039001
34008140001,1073910,Discharge To Another Facility,100,34008121002
34009209001,1073959,Discharge To Another Facility,100,34009496001
12000500001,1078435,Discharge To Another Facility,100,12000087001
39001079001,1080864,Discharge To Another Facility,75,39001666002
39001079001,1080864,Discharge To Another Facility,25,39001666003
39003326001,1081100,Discharge To Another Facility,100,39001253001
20000498013,1130311,Discharge To Another Facility,100,20000498011
20000499002,1130317,Discharge To Another Facility,100,20000470002
20000499015,1130326,Discharge To Another Facility,100,20000470001
06009019002,1176051,Discharge To Another Facility,58,06009019001
06009035001,1176074,Discharge To Another Facility,100,06009011001
48003090001,1183239,Discharge To Another Facility,100,48000017008
48003275001,1183307,Discharge To Another Facility,0,48003111003
48005268001,1183670,Discharge To Another Facility,100,48005021001
48007297001,1184048,Discharge To Another Facility,100,48007842001
48008179001,1184455,Discharge To Another Facility,100,48008051001
51000323002,1192973,Discharge To Another Facility,100,51000319001
56000119001,1194877,Discharge To Another Facility,100,56000065001
55009686002,1206922,Discharge To Another Facility,100,55009690002
28000930001,1160403,Discharge To Another Facility,100,28001578001
37000104001,1153092,Discharge To Another Facility,100,37000101002
37003612001,1153374,Discharge To Another Facility,100,37000101002
37006004001,1153518,Discharge To Another Facility,100,37006001008
37006601001,1153562,Discharge To Another Facility,100,37004213001
37008503001,1153713,Discharge To Another Facility,100,37003401002
45000279001,1157190,Discharge To Another Facility,100,45000614007
41000285001,1164491,Discharge To Another Facility,100,41000179001
47001440001,1166217,Discharge To Another Facility,100,47000963002
22009033004,1168612,Discharge To Another Facility,100,22009033002
06002052001,1175310,Discharge To Another Facility,100,06000000068
06004001001,1175456,Discharge To Another Facility,100,06004010003
06006065001,1175901,Discharge To Another Facility,100,06004009002
26001018005,1088669,Discharge To Another Facility,100,26001018001
26002007003,1088702,Discharge To Another Facility,100,26002007001
26002093005,1088769,Discharge To Another Facility,100,26002093001
25000208001,1092493,Discharge To Another Facility,100,25000224001
39009051101,1081696,Discharge To Another Facility,100,39009051001
26000214005,1088419,Discharge To Another Facility,100,26000214001
26000608001,1088611,Discharge To Another Facility,100,26000596001
26002003004,1088691,Discharge To Another Facility,100,26002003001
26002085004,1088759,Discharge To Another Facility,100,26002085001
25000014001,1092318,Discharge To Another Facility,100,25000128001
25000021001,1092324,Discharge To Another Facility,100,25000128001
25000162001,1092444,Discharge To Another Facility,100,25000041001
54004230001,1095218,Discharge To Another Facility,100,54004202001
33000035001,1100931,Discharge To Another Facility,100,33000041001
17000704001,1113970,Discharge To Another Facility,100,17000712001
18000226001,1120144,Discharge To Another Facility,100,18000225001
19000198001,1123618,Discharge To Another Facility,100,19000226001
19000827002,1124173,Discharge To Another Facility,100,19000827001
29000893002,1133222,Discharge To Another Facility,0,29000893001
29001166001,1133490,Discharge To Another Facility,100,29001011003
29001189005,1133517,Discharge To Another Facility,100,29001189003
21000119003,1139587,Discharge To Another Facility,100,21000119001
21000180001,1139620,Discharge To Another Facility,100,21000120002
21000212001,1139643,Discharge To Another Facility,100,21000152001
27000050001,1147940,Discharge To Another Facility,100,27000001005
27000129001,1148003,Discharge To Another Facility,100,27000001003
39006140003,1081434,Discharge To Another Facility,100,39001666002
39008975001,1081690,Discharge To Another Facility,100,39001792002
49000335001,1170658,Discharge To Another Facility,100,49000094001
06005060004,1175582,Discharge To Another Facility,100,06005256001
06008010003,1175961,Discharge To Another Facility,52,06008010001
48004024001,1183341,Discharge To Another Facility,100,48004026001
48004046001,1183365,Discharge To Another Facility,100,48001132002
48004130001,1183440,Discharge To Another Facility,100,48004122001
48004135001,1183446,Discharge To Another Facility,100,48004122001
48007039011,1183826,Discharge To Another Facility,100,48007039001
48007112001,1183930,Discharge To Another Facility,100,48007039076
51001400023,1193041,Discharge To Another Facility,100,51000308007
42001051001,1195546,Discharge To Another Facility,100,42001006001
55000365001,1206068,Discharge To Another Facility,50,55003100001
55000910003,1206124,Discharge To Another Facility,100,55000910001
55001410001,1206182,Discharge To Another Facility,100,55003610001
55004150001,1206593,Discharge To Another Facility,50,55003100001
55004560080,1206639,Discharge To Another Facility,100,55004560001
36001003001,1220240,Discharge To Another Facility,100,36001010006
36005048001,1220862,Discharge To Another Facility,100,36005045001
36006018001,1220947,Discharge To Another Facility,100,36006019001
29001237005,1133573,Discharge To Another Facility,0,29001237044
29002418002,1133839,Discharge To Another Facility,100,29002418001
27000061001,1147949,Discharge To Another Facility,100,27000001001
37004407001,1153433,Discharge To Another Facility,100,37004405001
37006006001,1153520,Discharge To Another Facility,100,37006001008
41000020002,1164276,Discharge To Another Facility,100,41000022013
41000142001,1164386,Discharge To Another Facility,100,41000242001
06001024001,1175192,Discharge To Another Facility,100,06001041001
06002121001,1175355,Discharge To Another Facility,78,06002006001
06003090001,1175449,Discharge To Another Facility,100,06003060001
06005059001,1175578,Discharge To Another Facility,100,06005077001
48003021001,1183184,Discharge To Another Facility,100,48000001003
48003288001,1183313,Discharge To Another Facility,100,48003062001
48004050001,1183368,Discharge To Another Facility,100,48001132001
48004061001,1183377,Discharge To Another Facility,100,48001132001
27000016001,1147909,Discharge To Another Facility,100,27000001001
27000053001,1147942,Discharge To Another Facility,100,27000001001
27000200001,1148062,Discharge To Another Facility,100,27000055001
37000401001,1153101,Discharge To Another Facility,100,37000409001
41000004001,1164259,Discharge To Another Facility,100,41000001002
22003329002,1168526,Discharge To Another Facility,100,22003331001
49000032001,1170389,Discharge To Another Facility,100,49000135001
06005148001,1175668,Discharge To Another Facility,100,06005109001
27000269001,1148113,Discharge To Another Facility,100,27000001026
18000115001,1120126,Discharge To Another Facility,100,18000106001
16000012001,1128559,Discharge To Another Facility,100,16000005002
20000132004,1130143,Discharge To Another Facility,100,20000132001
29001005001,1133232,Discharge To Another Facility,100,29001011003
29001195001,1133530,Discharge To Another Facility,100,29001239103
29001237009,1133577,Discharge To Another Facility,100,29001237044
29003708001,1133997,Discharge To Another Facility,100,19000483001
21000016001,1139481,Discharge To Another Facility,100,21000225001
23000067002,1142503,Discharge To Another Facility,100,23000066001
44000019001,1144301,Discharge To Another Facility,100,44000030001
27000046001,1147937,Discharge To Another Facility,100,27000001001
27000101001,1147980,Discharge To Another Facility,100,27000001001
27000316001,1148139,Discharge To Another Facility,100,27000045001
27000345001,1148166,Discharge To Another Facility,100,27044000601
27006301002,1148375,Discharge To Another Facility,100,27006301004
37004106002,1153406,Discharge To Another Facility,100,37000101001
37006205001,1153531,Discharge To Another Facility,100,37006201001
36007097001,1221100,Discharge To Another Facility,100,36007090001
36009103001,1221446,Discharge To Another Facility,100,36009066001
18005332001,1120482,Discharge To Another Facility,100,18003040001
19000174001,1123597,Discharge To Another Facility,100,19000175001
19001001001,1124283,Discharge To Another Facility,100,19000226001
16000020001,1128567,Discharge To Another Facility,100,16000001001
29001157001,1133482,Discharge To Another Facility,100,29001011003
29002294001,1133768,Discharge To Another Facility,100,29001056001
27000049001,1147939,Discharge To Another Facility,100,27000001001
27000057001,1147946,Discharge To Another Facility,100,27000001005
27000070001,1147954,Discharge To Another Facility,100,27000001005
41000007001,1164262,Discharge To Another Facility,100,41000001001
41000006001,1164261,Discharge To Another Facility,100,41000017002
47000040001,1165967,Discharge To Another Facility,100,01000010001
47003002001,1166257,Discharge To Another Facility,100,47001016002
49000066001,1170420,Discharge To Another Facility,100,49000000019
49000106001,1170456,Discharge To Another Facility,100,49000081001
06003069001,1175437,Discharge To Another Facility,100,06003081001
48001181001,1182966,Discharge To Another Facility,100,48000000418
48001189001,1182971,Discharge To Another Facility,100,48001127002
48003033006,1183200,Discharge To Another Facility,100,48003033005
48004041001,1183360,Discharge To Another Facility,100,48004354004
48004069001,1183384,Discharge To Another Facility,100,48000004008
48004100001,1183407,Discharge To Another Facility,100,48004354004
48007031003,1183811,Discharge To Another Facility,100,48007064008
48007039023,1183832,Discharge To Another Facility,100,48007039102
48007791001,1184272,Discharge To Another Facility,100,48007145001
48008121001,1184437,Discharge To Another Facility,100,48008047002
48008121002,1184438,Discharge To Another Facility,100,48008045001
48009020001,1184481,Discharge To Another Facility,100,48009005001
51000081001,1192670,Discharge To Another Facility,99,51001305001
48004128001,1183439,Discharge To Another Facility,100,48004122001
20000432001,1130254,Discharge To Another Facility,100,20000498010
20000498005,1130304,Discharge To Another Facility,100,20000498010
29001116001,1133397,Discharge To Another Facility,100,29004052001
29001223001,1133555,Discharge To Another Facility,100,29001019009
29004008002,1134036,Discharge To Another Facility,100,29004008001
23000159001,1142592,Discharge To Another Facility,100,23000025001
31000230002,1145795,Discharge To Another Facility,100,31001825002
27000104001,1147984,Discharge To Another Facility,100,27000001002
27000337001,1148158,Discharge To Another Facility,100,27000338001
37000402001,1153102,Discharge To Another Facility,100,37000409001
37006306001,1153538,Discharge To Another Facility,100,37006313001
30000224001,1159253,Discharge To Another Facility,100,30000095001
06005649001,1175839,Discharge To Another Facility,70,06005227001
53000977001,1180877,Discharge To Another Facility,100,53000977004
53001347001,1180949,Discharge To Another Facility,100,53000776001
48003287001,1183311,Discharge To Another Facility,100,48003111003
48004040001,1183359,Discharge To Another Facility,100,48004031002
48007039036,1183837,Discharge To Another Facility,100,48007039003
48007592001,1184163,Discharge To Another Facility,100,48007444001
51000167005,1192742,Discharge To Another Facility,100,51000167001
55000750002,1206111,Discharge To Another Facility,100,55000750001
55001890001,1206262,Discharge To Another Facility,50,55003100001
55007902050,1206812,Discharge To Another Facility,100,55007902001
36004056001,1220754,Discharge To Another Facility,100,36004070001
36007143001,1221137,Discharge To Another Facility,100,36007136001
36008146001,1221300,Discharge To Another Facility,100,36008018001
36009108001,1221457,Discharge To Another Facility,100,36009107001
29001153001,1133478,Discharge To Another Facility,100,29001011001
29001164001,1133488,Discharge To Another Facility,100,29001011001
27000264001,1148112,Discharge To Another Facility,100,27000001001
38000412001,1151617,Discharge To Another Facility,100,38000152001
37001109001,1153173,Discharge To Another Facility,100,37001104001
37006913001,1153590,Discharge To Another Facility,100,37006903002
37009210001,1153773,Discharge To Another Facility,100,37009201001
47002037001,1166255,Discharge To Another Facility,100,47000955001
49000086001,1170437,Discharge To Another Facility,100,49000130001
06003066001,1175434,Discharge To Another Facility,100,06003012001
53000605001,1180810,Discharge To Another Facility,100,53000695001
48004028001,1183347,Discharge To Another Facility,100,48000004002
47000784001,1166110,Discharge To Another Facility,100,47001016001
48007678001,1184208,Discharge To Another Facility,100,48007064002
48007693001,1184219,Discharge To Another Facility,100,48007768001
51000179003,1192775,Discharge To Another Facility,0,51000266004
20002003001,1130690,Discharge To Another Facility,100,20000193001
29001013007,1133256,Discharge To Another Facility,90,29001127002
29001013007,1133256,Discharge To Another Facility,10,29001019009
29001150001,1133474,Discharge To Another Facility,100,29001147001
29001237022,1133589,Discharge To Another Facility,100,29001003023
29002367005,1133810,Discharge To Another Facility,100,29002365001
21000123001,1139591,Discharge To Another Facility,100,21000125001
23000045001,1142479,Discharge To Another Facility,100,23000050001
27000062001,1147950,Discharge To Another Facility,100,27000015001
37001104002,1153166,Discharge To Another Facility,100,37001104001
37007202001,1153596,Discharge To Another Facility,100,37007201001
37007409001,1153609,Discharge To Another Facility,100,37007408003
37009611001,1153793,Discharge To Another Facility,100,37009601001
47003003001,1166258,Discharge To Another Facility,100,47001016006
06002044001,1175302,Discharge To Another Facility,100,06002044004
06002091001,1175343,Discharge To Another Facility,100,06002125001
41000115001,1164367,Discharge To Another Facility,100,41000076001
41000158001,1164401,Discharge To Another Facility,100,41000286001
40000072001,1172489,Discharge To Another Facility,100,05000002001
06003076001,1175443,Discharge To Another Facility,100,06003060001
06005668001,1175843,Discharge To Another Facility,100,06005187001
06008016002,1175968,Discharge To Another Facility,100,06008016003
06009009001,1176040,Discharge To Another Facility,100,06009011001
06009077001,1176096,Discharge To Another Facility,75,06000000073
53002095001,1181032,Discharge To Another Facility,100,53001740001
48001241001,1183020,Discharge To Another Facility,100,48001241002
48004121001,1183430,Discharge To Another Facility,100,48004122001
48004125001,1183436,Discharge To Another Facility,100,48004122001
48006142001,1183754,Discharge To Another Facility,100,48000004003
48007300002,1184050,Discharge To Another Facility,100,48007438001
50000026001,1094076,Discharge To Another Facility,100,50000025001
54002006001,1094897,Discharge To Another Facility,100,54002010001
54002394001,1094965,Discharge To Another Facility,100,54002302001
18000152001,1120132,Discharge To Another Facility,100,18000157001
20000498017,1130315,Discharge To Another Facility,100,20000498010
31001708001,1145986,Discharge To Another Facility,100,31001708002
27000343001,1148164,Discharge To Another Facility,100,27000338001
37001103001,1153164,Discharge To Another Facility,100,37001104001
26002007007,1088706,Discharge To Another Facility,100,26002007001
26002147003,1088802,Discharge To Another Facility,100,26002147001
25000020001,1092323,Discharge To Another Facility,100,25000002001
25000112001,1092409,Discharge To Another Facility,100,25000128001
25000170001,1092451,Discharge To Another Facility,100,25000224001
25000203001,1092488,Discharge To Another Facility,100,25000048001
33000069001,1100959,Discharge To Another Facility,100,33000100003
01000280001,1102109,Discharge To Another Facility,100,01000372001
05000296001,1105123,Discharge To Another Facility,100,05000303001
05000621001,1105422,Discharge To Another Facility,100,05000622001
17000258001,1113535,Discharge To Another Facility,100,17000278001
17000655001,1113924,Discharge To Another Facility,100,17000640001
17000706001,1113972,Discharge To Another Facility,100,17003401001
18005780001,1120511,Discharge To Another Facility,100,18002180001
36006083001,1220996,Discharge To Another Facility,100,36006158001
36006092001,1221005,Discharge To Another Facility,100,36006158001
36008036001,1221232,Discharge To Another Facility,100,36008024001
36008197001,1221313,Discharge To Another Facility,100,36008287001
36009081001,1221407,Discharge To Another Facility,100,36009082003
36009121001,1221476,Discharge To Another Facility,100,36009113001
36009144001,1221484,Discharge To Another Facility,100,36009082002
47000035001,1235029,Discharge To Another Facility,100,47003025001
18005477001,2911915,Discharge To Another Facility,100,18005472001
20001906001,2919149,Discharge To Another Facility,100,20000404001
25000069001,2946522,Discharge To Another Facility,100,25000042001
39000679001,2988302,Discharge To Another Facility,100,39001666002
51001400096,3215590,Discharge To Another Facility,0,51000130001
29001010005,3476981,Discharge To Another Facility,100,29001010004
08209000096,3500248,Discharge To Another Facility,100,08000404001
55003475001,1206495,Discharge To Another Facility,50,55003100001
55003500003,1206505,Discharge To Another Facility,100,55003500001
55004230001,1206600,Discharge To Another Facility,100,55009690002
55009792001,1206958,Discharge To Another Facility,100,55000860001
55009806001,1206965,Discharge To Another Facility,100,55004330001
24000300115,1214466,Discharge To Another Facility,100,24000061001
36008043001,1221242,Discharge To Another Facility,100,36008044001
36009048001,1221370,Discharge To Another Facility,100,36009052001
36009082004,1221411,Discharge To Another Facility,100,36009071001
21000096001,1235488,Discharge To Another Facility,100,21000289001
39000059501,2806105,Discharge To Another Facility,100,39007077001
39005176001,2988342,Discharge To Another Facility,100,39001666002
34003315001,3043968,Discharge To Another Facility,100,34003314001
29001189016,3135453,Discharge To Another Facility,100,29001189003
29002204000,3153868,Discharge To Another Facility,100,29002204001
39004855007,3355930,Discharge To Another Facility,100,39008932001
08000122101,3419270,Discharge To Another Facility,100,08000070001
10000001046,3522858,Discharge To Another Facility,100,10000004001
53002012046,3528516,Discharge To Another Facility,100,53000776001
37005909001,1153504,Discharge To Another Facility,100,37005910001
37007102001,1153593,Discharge To Another Facility,100,37003110001
37001101001,1153163,Discharge To Another Facility,100,37001104001
37005109001,1153470,Discharge To Another Facility,100,37005113001
37006303001,1153536,Discharge To Another Facility,100,37006313001
37008601001,1153721,Discharge To Another Facility,100,37008612001
53000615001,1180812,Discharge To Another Facility,100,53000776001
53001010001,1180895,Discharge To Another Facility,100,53000627001
48000128001,1182815,Discharge To Another Facility,100,48000128002
48007144001,1183957,Discharge To Another Facility,100,48007650001
48008108001,1184430,Discharge To Another Facility,100,48008015003
56000015001,1194784,Discharge To Another Facility,100,56000005001
23000168001,1142599,Discharge To Another Facility,100,23000083001
06004037001,2833022,Discharge To Another Facility,100,06004027001
26004006004,2858440,Discharge To Another Facility,65,26000596001
26004006004,2858440,Discharge To Another Facility,35,26004005011
29004035004,3148077,Discharge To Another Facility,100,29004035001
08209000151,3501030,Discharge To Another Facility,100,08000160003
04001343004,3502147,Discharge To Another Facility,26,04001343003
04001343004,3502147,Discharge To Another Facility,9,04001343001
04001343004,3502147,Discharge To Another Facility,65,04001343002
08201200026,3528596,Discharge To Another Facility,100,08209000126
04001503001,3538076,Discharge To Another Facility,18,04001503005
04001503001,3538076,Discharge To Another Facility,82,04001503002
12000001034,3513460,Discharge To Another Facility,100,12000001035
16002001023,3517816,Discharge To Another Facility,100,16000185001
53002070001,1181028,Discharge To Another Facility,100,53000190001
48007155001,1183964,Discharge To Another Facility,100,48007156001
48007574001,1184151,Discharge To Another Facility,100,48007173001
51000278001,1192903,Discharge To Another Facility,100,51000158001
55000027001,1206022,Discharge To Another Facility,100,55002135000
55004232001,1206602,Discharge To Another Facility,100,55005400001
55004235001,1206605,Discharge To Another Facility,50,55003100001
55004333001,1206619,Discharge To Another Facility,100,55004330001
55005390001,1206740,Discharge To Another Facility,100,55005391001
36007111001,1221104,Discharge To Another Facility,100,36007125001
20000499012,1130323,Discharge To Another Facility,100,20000499014
05000451001,1105241,Discharge To Another Facility,100,05000004003
13000121002,1109124,Discharge To Another Facility,100,13000625001
17000732001,1114013,Discharge To Another Facility,100,17000712001
19000865001,1124210,Discharge To Another Facility,100,19000409003
29001006001,1133233,Discharge To Another Facility,100,29001127002
29003586003,1133983,Discharge To Another Facility,100,29003471001
27000002005,1147890,Discharge To Another Facility,100,27000002001
30000217001,1159249,Discharge To Another Facility,100,30000109001
30000226001,1159254,Discharge To Another Facility,100,30000202001
49000072001,1170426,Discharge To Another Facility,100,49000018001
49000287001,1170618,Discharge To Another Facility,100,49000129001
40000125001,1172545,Discharge To Another Facility,100,40000123010
06002028001,1175286,Discharge To Another Facility,100,06002041001
06002151001,1175363,Discharge To Another Facility,100,06002015001
53001850002,1181007,Discharge To Another Facility,100,53000213001
48004039001,1183358,Discharge To Another Facility,100,48004031002
48004078001,1183388,Discharge To Another Facility,100,48004078004
48004098001,1183405,Discharge To Another Facility,100,48000004008
48004253001,1183487,Discharge To Another Facility,100,48004354003
48006076001,1183730,Discharge To Another Facility,100,48006021001
48007067001,1183896,Discharge To Another Facility,100,48007848001
48007220001,1184011,Discharge To Another Facility,100,48007475001
48007645001,1184192,Discharge To Another Facility,100,48007719001
48007774001,1184265,Discharge To Another Facility,100,48007064041
51000194002,1192797,Discharge To Another Facility,100,51000130001
09000350001,1071807,Discharge To Another Facility,100,09001350001
09000480002,1071821,Discharge To Another Facility,100,09001340001
34001144001,1073332,Discharge To Another Facility,100,34001093001
34001328001,1073424,Discharge To Another Facility,100,34001082001
34001343001,1073432,Discharge To Another Facility,100,34001005001
49000087001,1170438,Discharge To Another Facility,100,49000018001
40000121001,1172533,Discharge To Another Facility,100,40000120001
40000314001,1172610,Discharge To Another Facility,100,40000311001
06005229001,1175718,Discharge To Another Facility,100,06005240001
48003002001,1183167,Discharge To Another Facility,100,48000001001
48004134001,1183445,Discharge To Another Facility,100,48004122001
48007057001,1183877,Discharge To Another Facility,100,48007057002
48007471001,1184090,Discharge To Another Facility,100,48007475001
51000077001,1192665,Discharge To Another Facility,100,51000308007
51000182001,1192783,Discharge To Another Facility,100,51000308011
51000302001,1192935,Discharge To Another Facility,100,51000308002
24000090019,1214413,Discharge To Another Facility,5,24000054001
55004620002,1229240,Discharge To Another Facility,100,55004620001
21000185001,1235495,Discharge To Another Facility,100,21000190001
37001403001,1236362,Discharge To Another Facility,100,37001401002
55000620001,1206093,Discharge To Another Facility,100,55009898001
55002305001,1206305,Discharge To Another Facility,100,55009754001
55004800001,1206662,Discharge To Another Facility,50,55003100001
24000063007,1214345,Discharge To Another Facility,100,24000063001
36003136002,1220581,Discharge To Another Facility,100,36003169004
36003172001,1220654,Discharge To Another Facility,100,36003169012
36005083001,1220889,Discharge To Another Facility,100,36005063001
36007123001,1221108,Discharge To Another Facility,100,36007110001
36007136012,1221124,Discharge To Another Facility,100,36007136001
36007153001,1221145,Discharge To Another Facility,100,36007136009
39006140004,3131349,Discharge To Another Facility,100,39005051002
49000092001,1170444,Discharge To Another Facility,100,49000081001
06002157001,1175367,Discharge To Another Facility,100,06002043001
53000455001,1180799,Discharge To Another Facility,100,53001280001
48002131001,1183159,Discharge To Another Facility,100,48002031001
48003018001,1183182,Discharge To Another Facility,100,48000001003
48004001001,1183319,Discharge To Another Facility,100,48004354001
48004136001,1183447,Discharge To Another Facility,100,48004122001
51000169001,1192744,Discharge To Another Facility,100,51000308011
51000243001,1192869,Discharge To Another Facility,100,51000308004
51001400031,1193049,Discharge To Another Facility,100,51000308011
48007033007,2881935,Discharge To Another Facility,100,48007033006
48001587020,2888622,Discharge To Another Facility,100,48001114001
26004002001,2938162,Discharge To Another Facility,100,26000596001
06008023006,2942689,Discharge To Another Facility,100,06008022002
06008023011,2944164,Discharge To Another Facility,100,06008022002
39002651002,3386520,Discharge To Another Facility,100,39001625005
37006914001,3487811,Discharge To Another Facility,100,37006903002
17002049001,3505720,Discharge To Another Facility,100,17000224003
24000054007,3508696,Discharge To Another Facility,100,24000054003
29002214010,3536984,Discharge To Another Facility,100,29002214004
48002109002,3539936,Discharge To Another Facility,100,48002025001
56000099030,479044,Discharge To Another Facility,100,56000093001
08000328001,1067111,Discharge To Another Facility,100,08000274001
34006226001,1073826,Discharge To Another Facility,100,34006012001
12000099009,1078239,Discharge To Another Facility,100,12000099010
39000001001,1080423,Discharge To Another Facility,100,39001666001
39001660025,1080947,Discharge To Another Facility,100,39001660034
39001666004,1080953,Discharge To Another Facility,25,39001666001
39001666004,1080953,Discharge To Another Facility,50,39001666002
39001666004,1080953,Discharge To Another Facility,25,39001666003
39003598001,1081123,Discharge To Another Facility,100,39001792002
39004963001,1081248,Discharge To Another Facility,100,39000630001
39005454001,1081293,Discharge To Another Facility,100,39000632005
26000344003,1088487,Discharge To Another Facility,100,26000344001
26000817003,1088636,Discharge To Another Facility,100,26000817001
26001018008,1088672,Discharge To Another Facility,100,26001018001
26002012002,1088717,Discharge To Another Facility,100,26002012001
36003169006,1220635,Discharge To Another Facility,100,36003169012
36004034001,1220734,Discharge To Another Facility,100,36004071001
36005077001,1220886,Discharge To Another Facility,100,36005063001
55009690001,1206925,Discharge To Another Facility,100,55009690002
36003196001,1220677,Discharge To Another Facility,100,36003059001
36005010001,1220821,Discharge To Another Facility,100,36005009001
36007134002,1221115,Discharge To Another Facility,100,36006124001
36007190001,1221171,Discharge To Another Facility,100,36007189001
48007602001,1227931,Discharge To Another Facility,100,48007444001
39004655001,2806500,Discharge To Another Facility,100,39006303001
12000198002,2819101,Discharge To Another Facility,100,12000088002
39000161001,3018226,Discharge To Another Facility,100,39000161002
39001082001,3032073,Discharge To Another Facility,100,39000630001
41000141002,3100108,Discharge To Another Facility,100,41000060001
39004595501,3324930,Discharge To Another Facility,100,39000399001
21000740001,3405930,Discharge To Another Facility,100,21000001002
36003051002,3481610,Discharge To Another Facility,100,36003059001
29002157001,3508537,Discharge To Another Facility,100,29000000056
48007217006,3515479,Discharge To Another Facility,100,48007039005
39009143010,3521177,Discharge To Another Facility,100,39008260001
06006009002,3522480,Discharge To Another Facility,100,06006009001
39000288005,2806120,Discharge To Another Facility,100,39000020001
17000261001,2810980,Discharge To Another Facility,88,17000238001
48004016004,2822900,Discharge To Another Facility,100,48004031001
34001075001,2856164,Discharge To Another Facility,100,34001082001
48007125001,1183940,Discharge To Another Facility,100,48007719001
48007224001,1184015,Discharge To Another Facility,100,48001151006
48007610001,1184171,Discharge To Another Facility,100,48007581001
48007718001,1184233,Discharge To Another Facility,100,48007039113
48007739001,1184247,Discharge To Another Facility,100,48007848001
55002490040,1206338,Discharge To Another Facility,100,55002490001
36003092001,1220517,Discharge To Another Facility,100,36003091001
36007136011,1221123,Discharge To Another Facility,100,36007163001
12000001056,457150,Discharge To Another Facility,100,12000001011
08000103001,1066904,Discharge To Another Facility,100,08000070001
55000038001,1206032,Discharge To Another Facility,100,55000280000
51000013003,1235953,Discharge To Another Facility,100,51000013013
05000695001,1237663,Discharge To Another Facility,100,05000331001
33000045001,2868491,Discharge To Another Facility,90,33000051001
25000068001,2946002,Discharge To Another Facility,100,25000042001
36003183001,2984042,Discharge To Another Facility,100,36003062005
36005004003,3120952,Discharge To Another Facility,100,36005005001
18006030001,3142908,Discharge To Another Facility,100,18120000037
49000051005,3158348,Discharge To Another Facility,100,49000051001
39006611006,3394278,Discharge To Another Facility,100,39006305501
17002005001,3485905,Discharge To Another Facility,100,17000128002
26000058002,3513516,Discharge To Another Facility,100,26000058001
48003033018,3514800,Discharge To Another Facility,100,48003033005
19000226002,3514810,Discharge To Another Facility,100,19000226001
39000161012,3516437,Discharge To Another Facility,100,39002394001
21000603002,3521976,Discharge To Another Facility,100,21000082001
17009301002,3530336,Discharge To Another Facility,100,17009301001
31001631003,3540076,Discharge To Another Facility,100,31001631001
21000611001,3542997,Discharge To Another Facility,100,21000080001
53200400006,378288,Discharge To Another Facility,100,53000575001
37008907001,409465,Discharge To Another Facility,100,37009401001
29001237045,459340,Discharge To Another Facility,100,29001003023
12000017023,473261,Discharge To Another Facility,100,12000017004
17002038001,505666,Discharge To Another Facility,100,17000379001
10000011007,1066445,Discharge To Another Facility,100,10000011001
08000045001,1066849,Discharge To Another Facility,100,08000117101
08000077001,1066881,Discharge To Another Facility,70,08000070001
09000180001,1071787,Discharge To Another Facility,100,09000340001
25000009001,1092314,Discharge To Another Facility,100,25000003001
25000094001,1092391,Discharge To Another Facility,100,25000128001
41000062002,1164324,Discharge To Another Facility,100,41000062001
49000034001,1170390,Discharge To Another Facility,100,49000130001
06002045001,1175305,Discharge To Another Facility,100,06002041001
06009040001,1176078,Discharge To Another Facility,70,06009011001
53001065001,1180901,Discharge To Another Facility,100,53000776007
48003032001,1183195,Discharge To Another Facility,100,48000001003
48004010001,1183326,Discharge To Another Facility,50,48004354001
48007131001,1183945,Discharge To Another Facility,100,48007153001
48007449001,1184082,Discharge To Another Facility,100,48007039061
48007653001,1184197,Discharge To Another Facility,100,48007064002
27000177001,1148043,Discharge To Another Facility,100,27000002001
27000328001,1148151,Discharge To Another Facility,100,27000001002
37002602001,1153298,Discharge To Another Facility,100,37002601002
37003310001,1153341,Discharge To Another Facility,100,37003312001
37004307001,1153429,Discharge To Another Facility,100,37004306001
37006805002,1153583,Discharge To Another Facility,100,37006805001
41000159001,1164402,Discharge To Another Facility,100,41000112001
06002022001,1175280,Discharge To Another Facility,100,06002023001
53000270001,1180776,Discharge To Another Facility,100,53000005001
48003012001,1183177,Discharge To Another Facility,100,48003013001
17001019001,2865000,Discharge To Another Facility,40,17001019002
34004013002,2886202,Discharge To Another Facility,100,34004013001
12000087003,3527496,Discharge To Another Facility,100,12000087001
08201200101,3531236,Discharge To Another Facility,100,08000191001
39000133006,3538916,Discharge To Another Facility,100,39006867001
39007030005,385396,Discharge To Another Facility,100,39004851001
39003907008,385463,Discharge To Another Facility,100,39003907001
17002018001,392081,Discharge To Another Facility,100,17005322001
55009610010,448590,Discharge To Another Facility,100,55001730001
27044000656,478806,Discharge To Another Facility,100,27000015001
09000190001,1071789,Discharge To Another Facility,100,09000690001
34001025002,1073299,Discharge To Another Facility,100,34001082001
34001268001,1073393,Discharge To Another Facility,100,34001005001
34001355001,1073439,Discharge To Another Facility,100,34001087001
34001374001,1073443,Discharge To Another Facility,100,34001077001
34001381001,1073449,Discharge To Another Facility,100,34001005001
34004267001,1073719,Discharge To Another Facility,100,34004001001
34006038001,1073787,Discharge To Another Facility,100,34006012001
34006162001,1073810,Discharge To Another Facility,100,34006012001
34006434001,1073844,Discharge To Another Facility,100,34006012001
39001362001,1080900,Discharge To Another Facility,100,39004888002
39003099001,1081084,Discharge To Another Facility,100,39000576001
39003269001,1081095,Discharge To Another Facility,100,39000349001
39003304001,1081097,Discharge To Another Facility,100,39001792002
39008416001,1081635,Discharge To Another Facility,100,39001792001
26000020002,1088325,Discharge To Another Facility,100,26000020001
26000313005,1088455,Discharge To Another Facility,100,26000313001
26000344002,1088486,Discharge To Another Facility,100,26000344001
26000458004,1088513,Discharge To Another Facility,100,26000458001
27001201001,1148197,Discharge To Another Facility,100,27000220001
04001341005,3507582,Discharge To Another Facility,79,04001341001
29002157002,3508536,Discharge To Another Facility,100,29000000056
39000351020,3509085,Discharge To Another Facility,100,39002128001
39000072004,3511016,Discharge To Another Facility,100,39000072002
08201200102,3531256,Discharge To Another Facility,100,08000311001
08201200104,3531316,Discharge To Another Facility,100,08000155001
17002082003,3532036,Discharge To Another Facility,28,17002082001
17002082003,3532036,Discharge To Another Facility,72,17002082002
29001237053,463962,Discharge To Another Facility,100,29001003023
29004059102,483834,Discharge To Another Facility,100,29002368001
55000708045,495018,Discharge To Another Facility,100,55004760001
55009511000,495141,Discharge To Another Facility,80,55009511001
10000230012,1066491,Discharge To Another Facility,100,10000027001
09001420002,1071947,Discharge To Another Facility,100,09001460001
34001216001,1073368,Discharge To Another Facility,100,34002065001
34001252001,1073384,Discharge To Another Facility,100,34001030001
34002528001,1073610,Discharge To Another Facility,100,34002076001
34002631001,1073631,Discharge To Another Facility,100,34002003001
34004501001,1073734,Discharge To Another Facility,100,34004014001
12000079001,1078210,Discharge To Another Facility,100,12000087001
55000018001,1206012,Discharge To Another Facility,100,55002781001
55003260001,1206466,Discharge To Another Facility,50,55003100001
55003450001,1206491,Discharge To Another Facility,100,55002220001
55009616001,1206895,Discharge To Another Facility,100,55001730001
55009818001,1206969,Discharge To Another Facility,100,55001460001
24000300073,1214454,Discharge To Another Facility,100,24000046001
48002005002,1227782,Discharge To Another Facility,100,48002005001
36004153001,1232127,Discharge To Another Facility,100,36004101001
21000021001,1235480,Discharge To Another Facility,100,21000024001
39000303001,1237814,Discharge To Another Facility,100,39000299001
37007420001,2884989,Discharge To Another Facility,100,37007401001
39002587010,2990523,Discharge To Another Facility,100,39007413001
37004607001,3113568,Discharge To Another Facility,100,37004606001
39002892002,3279748,Discharge To Another Facility,100,39002163001
08000108101,3418890,Discharge To Another Facility,100,08000070001
12000067001,3501480,Discharge To Another Facility,100,12000073003
29002087002,3507700,Discharge To Another Facility,90,29002087001
26003103010,3510276,Discharge To Another Facility,100,26003103002
48004028002,1183348,Discharge To Another Facility,100,48000004001
48004126001,1183437,Discharge To Another Facility,100,48004122001
34002027001,1073506,Discharge To Another Facility,100,34002076001
34002061001,1073511,Discharge To Another Facility,100,34002065001
34003367001,1073654,Discharge To Another Facility,100,34003079001
34004068001,1073707,Discharge To Another Facility,100,34006039001
34005500001,1073776,Discharge To Another Facility,100,34004013006
34006464001,1073850,Discharge To Another Facility,100,34006039001
12000001033,1078108,Discharge To Another Facility,100,12000001011
12000129001,1078283,Discharge To Another Facility,47,12000000101
39000003001,1080425,Discharge To Another Facility,100,39001666001
39002381001,1080999,Discharge To Another Facility,100,39009051001
39005450001,1081292,Discharge To Another Facility,100,39004347001
39008920001,1081680,Discharge To Another Facility,100,39001323001
26000313009,1088459,Discharge To Another Facility,100,26000313001
26002003002,1088690,Discharge To Another Facility,100,26002003001
26002014002,1088722,Discharge To Another Facility,100,26002014001
26002079001,1088754,Discharge To Another Facility,100,26003073001
26004019001,1089041,Discharge To Another Facility,100,39004650001
25000117001,1092411,Discharge To Another Facility,100,25000004001
25000173001,1092455,Discharge To Another Facility,100,25000041001
25000270001,1092551,Discharge To Another Facility,100,25000063001
50000032002,1094081,Discharge To Another Facility,100,50000032001
18000257001,1120155,Discharge To Another Facility,100,18000254001
18004534001,1120373,Discharge To Another Facility,100,18004533001
25000218001,1092503,Discharge To Another Facility,100,25000071001
39000181501,2806113,Discharge To Another Facility,100,39000118002
36004037004,2815003,Discharge To Another Facility,100,36004050001
12000180001,2847640,Discharge To Another Facility,100,12000178001
18008001001,2907262,Discharge To Another Facility,100,18000701001
26004006008,2959642,Discharge To Another Facility,100,26000596001
39000176003,3084908,Discharge To Another Facility,100,39008008001
41000187002,3106073,Discharge To Another Facility,100,41000187001
29004034004,3115231,Discharge To Another Facility,100,29004034003
29004035007,3148028,Discharge To Another Facility,100,29004035010
48007039070,3149568,Discharge To Another Facility,100,48007039082
39006611010,3510986,Discharge To Another Facility,100,39000011001
39000311004,3512758,Discharge To Another Facility,100,39008218001
26001112008,3513420,Discharge To Another Facility,100,26001112001
21000152012,3529856,Discharge To Another Facility,100,21000264001
48001017001,3537436,Discharge To Another Facility,100,48001009007
51000001102,3540376,Discharge To Another Facility,100,51001400027
08103000000,412880,Discharge To Another Facility,100,08105000000
08193000000,462189,Discharge To Another Facility,100,08209000085
10000026001,1066487,Discharge To Another Facility,100,10000027001
08000206001,1066997,Discharge To Another Facility,100,08000070001
34001186001,1073353,Discharge To Another Facility,100,34001082001
34001239001,1073379,Discharge To Another Facility,100,34001082001
34001285001,1073400,Discharge To Another Facility,100,34001030001
34003366001,1073653,Discharge To Another Facility,100,34003079001
09001360001,1071936,Discharge To Another Facility,100,09001090001
34002046001,1073510,Discharge To Another Facility,100,34007032001
34002114001,1073532,Discharge To Another Facility,100,34002114002
34002513001,1073594,Discharge To Another Facility,100,34002076001
34005433001,1073773,Discharge To Another Facility,100,34005051001
48000018001,3167888,Discharge To Another Facility,100,48006053001
41000377001,3410072,Discharge To Another Facility,100,41000054001
08209000101,3500253,Discharge To Another Facility,25,08201200112
08209000101,3500253,Discharge To Another Facility,75,08000001001
17002043001,3502544,Discharge To Another Facility,0,17000430002
17002045001,3504360,Discharge To Another Facility,100,17000407001
35201200004,3532516,Discharge To Another Facility,100,35200900303
29002120005,3536057,Discharge To Another Facility,100,29002120001
08201200117,3538858,Discharge To Another Facility,100,08000070001
39007420038,3539676,Discharge To Another Facility,100,39003045001
21002015001,372654,Discharge To Another Facility,100,21000294001
16000002301,478966,Discharge To Another Facility,100,16000002001
10000023006,1066477,Discharge To Another Facility,100,10000023004
08000100001,1066901,Discharge To Another Facility,100,08201200015
48001482001,1067974,Discharge To Another Facility,100,48001218002
34001320001,1073418,Discharge To Another Facility,100,34001005001
34001346001,1073434,Discharge To Another Facility,100,34001005001
39000200001,1080622,Discharge To Another Facility,100,39000212001
39002813008,1081042,Discharge To Another Facility,100,39002080001
39008127001,1081604,Discharge To Another Facility,100,39004650001
26000161001,1088398,Discharge To Another Facility,100,26003065001
17002081001,3531516,Discharge To Another Facility,100,17000402001
55001540001,1206225,Discharge To Another Facility,100,55013263001
55004390001,1206630,Discharge To Another Facility,100,55002781001
55009803001,1206964,Discharge To Another Facility,100,55013263001
55009941001,1207006,Discharge To Another Facility,100,55008840001
24000300129,1214469,Discharge To Another Facility,100,54002803001
36006008001,1220938,Discharge To Another Facility,100,36006005001
36006081001,1220994,Discharge To Another Facility,100,36006158001
36007142002,1221136,Discharge To Another Facility,100,36007136009
36003052001,1232109,Discharge To Another Facility,100,36003059001
48005122001,2885956,Discharge To Another Facility,100,48005020002
18006013001,2917543,Discharge To Another Facility,100,18006011001
06008023005,2942682,Discharge To Another Facility,100,06008022002
29002367004,2980222,Discharge To Another Facility,100,29002365001
54002416001,3007363,Discharge To Another Facility,90,54002405001
51001400056,3054508,Discharge To Another Facility,0,51000005001
51001400057,3054529,Discharge To Another Facility,100,51001400027
36008127001,1221294,Discharge To Another Facility,100,36008014001
36004107001,2858160,Discharge To Another Facility,100,36004055001
48091032001,2939682,Discharge To Another Facility,100,48009508001
37000813001,2940442,Discharge To Another Facility,100,37000808001
06008023014,2944225,Discharge To Another Facility,100,06008022002
06008023003,2945422,Discharge To Another Facility,100,06008022002
48003030005,2967744,Discharge To Another Facility,100,48000001003
39008330014,3009262,Discharge To Another Facility,100,39003059001
05000037001,3085471,Discharge To Another Facility,100,05000074001
51001400066,3095908,Discharge To Another Facility,0,51000424001
51001400105,3358950,Discharge To Another Facility,100,51000207010
36006031003,3487170,Discharge To Another Facility,0,36006049001
56000129002,3509236,Discharge To Another Facility,100,56000062001
26000058006,3513521,Discharge To Another Facility,100,26000058001
26000727003,3514677,Discharge To Another Facility,100,26000727002
51070000013,3514936,Discharge To Another Facility,0,51000013013
54005403002,3520837,Discharge To Another Facility,100,54005405001
08000076001,1066880,Discharge To Another Facility,100,08000121001
08000210001,1067001,Discharge To Another Facility,100,08000070001
34006451001,1073847,Discharge To Another Facility,100,34006039001
39000137001,1080561,Discharge To Another Facility,0,39004888005
39000306001,1080718,Discharge To Another Facility,100,39002996001
39002290001,1080995,Discharge To Another Facility,100,39001792001
34004013009,2889562,Discharge To Another Facility,100,34004013006
25000138001,3021971,Discharge To Another Facility,96,25000024001
04001304004,3114234,Discharge To Another Facility,37,04001304003
04001304004,3114234,Discharge To Another Facility,1,04001304001
04001304004,3114234,Discharge To Another Facility,62,04001304002
51001400097,3215908,Discharge To Another Facility,0,51000128001
39005285007,3272548,Discharge To Another Facility,100,39000279001
39000331002,3387257,Discharge To Another Facility,100,39000329001
34006131001,3493909,Discharge To Another Facility,100,34006012001
24000063020,3514176,Discharge To Another Facility,100,24000063001
39004326001,3514837,Discharge To Another Facility,100,39001625005
39002892006,3522068,Discharge To Another Facility,100,39002667001
47001087001,3522317,Discharge To Another Facility,100,47000255001
08201200056,3529596,Discharge To Another Facility,100,08201200009
04002709004,3530276,Discharge To Another Facility,18,04002709002
04002709004,3530276,Discharge To Another Facility,82,04002709001
37002608002,409441,Discharge To Another Facility,100,37002601001
48003116003,416210,Discharge To Another Facility,100,48003084001
09000090001,1071778,Discharge To Another Facility,100,09000340001
09001420001,1071946,Discharge To Another Facility,100,09001460001
34001143001,1073331,Discharge To Another Facility,100,34001005001
34001373001,1073442,Discharge To Another Facility,100,34001090001
34001435001,1073479,Discharge To Another Facility,100,34001077001
34001460001,1073492,Discharge To Another Facility,100,34001090001
34002489001,1073580,Discharge To Another Facility,100,34002065001
39000309003,3366325,Discharge To Another Facility,100,39002338001
34001420001,1073470,Discharge To Another Facility,100,34001005001
34001447001,1073485,Discharge To Another Facility,100,34001245001
12000515001,1078449,Discharge To Another Facility,100,12000520002
39002200001,1080989,Discharge To Another Facility,100,39004907001
39002813003,1081037,Discharge To Another Facility,100,39001792001
39002969026,1081076,Discharge To Another Facility,100,39001470001
39008072027,1081600,Discharge To Another Facility,0,39008072011
26000462003,1088523,Discharge To Another Facility,100,26000462001
26002091001,1088763,Discharge To Another Facility,100,26002089001
26004007002,1089027,Discharge To Another Facility,100,26004004001
54002008001,1094899,Discharge To Another Facility,100,54002004001
33000140001,1100999,Discharge To Another Facility,100,33000161001
13000137001,1109141,Discharge To Another Facility,100,47000300001
13000548001,1109347,Discharge To Another Facility,100,13000999032
17000244001,1113524,Discharge To Another Facility,100,17002077001
18005631001,1120506,Discharge To Another Facility,100,18000851001
19000876001,1124217,Discharge To Another Facility,100,19000158001
20001558001,3095909,Discharge To Another Facility,100,20001523001
34007057001,3105108,Discharge To Another Facility,100,34007071001
34005263001,3118669,Discharge To Another Facility,100,34007032001
39003244005,3134528,Discharge To Another Facility,100,39003892001
48001715001,3140835,Discharge To Another Facility,100,48007535002
54001706001,1094843,Discharge To Another Facility,100,54001703001
13000208002,1109239,Discharge To Another Facility,78,13000208007
17000049001,1113339,Discharge To Another Facility,100,17000073001
17000402004,1113671,Discharge To Another Facility,100,17000402006
17000545001,1113822,Discharge To Another Facility,100,17000537002
17000703008,1113966,Discharge To Another Facility,100,17000529001
16000213001,1128734,Discharge To Another Facility,100,16000082001
20000499013,1130324,Discharge To Another Facility,100,20000470002
29001106001,1133387,Discharge To Another Facility,100,29002282001
29001216001,1133547,Discharge To Another Facility,0,29001216002
27005507001,1148347,Discharge To Another Facility,100,55002490001
34001308001,1073413,Discharge To Another Facility,100,34001347001
27044000161,423742,Discharge To Another Facility,100,27000002001
39001660038,451028,Discharge To Another Facility,100,39001660001
09001530001,1071958,Discharge To Another Facility,100,09001510001
34001197001,1073359,Discharge To Another Facility,100,34001005001
34002296001,1073547,Discharge To Another Facility,100,34002065001
34002327001,1073554,Discharge To Another Facility,100,34004001001
34002462001,1073576,Discharge To Another Facility,60,34002065001
34002462001,1073576,Discharge To Another Facility,40,34001090001
34002523001,1073605,Discharge To Another Facility,100,34002076001
34002530001,1073612,Discharge To Another Facility,100,34002003001
34002542001,1073626,Discharge To Another Facility,100,34002065001
34003510001,1073674,Discharge To Another Facility,100,34003079002
12000069001,1078193,Discharge To Another Facility,100,12000073003
39000006001,1080428,Discharge To Another Facility,100,39001666001
39005376001,1081280,Discharge To Another Facility,100,39000084001
39007590001,1081542,Discharge To Another Facility,100,39002868001
39009143004,1081710,Discharge To Another Facility,100,39006559001
26000007003,1088320,Discharge To Another Facility,100,26000007001
26004006001,1089013,Discharge To Another Facility,100,26000596001
50000100001,1094150,Discharge To Another Facility,100,50000006001
33000079001,1100969,Discharge To Another Facility,100,33000083001
34002529001,1073611,Discharge To Another Facility,100,34002065001
34003023001,1073634,Discharge To Another Facility,100,34003079002
34003507001,1073671,Discharge To Another Facility,100,34003079001
34005035001,1073741,Discharge To Another Facility,100,34005051001
34009506001,1073968,Discharge To Another Facility,100,34009496001
06002175001,3224310,Discharge To Another Facility,100,06002036001
37007402001,3503620,Discharge To Another Facility,100,37007405001
39000072003,3510996,Discharge To Another Facility,100,39000072002
26001112007,3513417,Discharge To Another Facility,100,26001112001
39000161022,3516558,Discharge To Another Facility,100,39002394001
39009143007,3521196,Discharge To Another Facility,100,39002044001
08201200016,3527036,Discharge To Another Facility,100,08000070001
08201200086,3530896,Discharge To Another Facility,100,08000070001
29002204002,3531556,Discharge To Another Facility,100,29001186001
21000159003,419694,Discharge To Another Facility,0,21000159001
09000870002,1071880,Discharge To Another Facility,100,09000740001
34001169001,1073343,Discharge To Another Facility,100,34001082001
34001348001,1073436,Discharge To Another Facility,100,34001082001
34001425001,1073475,Discharge To Another Facility,100,34001245001
39001008001,1080856,Discharge To Another Facility,100,39001666002
39002247001,1080991,Discharge To Another Facility,100,39001625005
39009143003,1081709,Discharge To Another Facility,100,39006303001
26000162001,1088399,Discharge To Another Facility,100,26003062001
42005334001,1196840,Discharge To Another Facility,100,42005016001
42005384001,1196890,Discharge To Another Facility,100,42005016001
51000013001,1192594,Discharge To Another Facility,100,51000013013
51000020004,1192610,Discharge To Another Facility,0,51000020003
51000291002,1192914,Discharge To Another Facility,100,51000291001
51000320001,1192957,Discharge To Another Facility,38,51000322006
55008861001,1206847,Discharge To Another Facility,100,55002400001
55009586001,1206883,Discharge To Another Facility,100,55001120001
36003084001,1220506,Discharge To Another Facility,100,36003087001
36006072001,1220986,Discharge To Another Facility,100,36006158001
36007022001,1221063,Discharge To Another Facility,100,36007002001
36007023001,1221066,Discharge To Another Facility,100,36007011001
36007141001,1221133,Discharge To Another Facility,100,36007136007
36007158001,1221150,Discharge To Another Facility,100,36007136005
36009042001,1221361,Discharge To Another Facility,100,36009043001
36009045001,1221364,Discharge To Another Facility,100,36009046001
48004033001,1227836,Discharge To Another Facility,100,48004026001
42005452001,1196948,Discharge To Another Facility,100,42005016001
55000360001,1206066,Discharge To Another Facility,100,55000367002
55002250001,1206302,Discharge To Another Facility,100,55002240001
55004925001,1206693,Discharge To Another Facility,80,55009511001
36001014001,1220261,Discharge To Another Facility,100,36001010006
36005071001,1220881,Discharge To Another Facility,100,36005001001
36008035001,1221231,Discharge To Another Facility,100,36008024001
36008247001,1221324,Discharge To Another Facility,100,36000000334
36009078001,1221403,Discharge To Another Facility,100,36009071001
36009215001,1221492,Discharge To Another Facility,100,36009043001
55001690001,1229172,Discharge To Another Facility,100,55001120001
26000610001,1239215,Discharge To Another Facility,100,26000596001
36004050002,2806410,Discharge To Another Facility,100,36004050001
36008200001,2876784,Discharge To Another Facility,100,36008287001
48001125007,2886362,Discharge To Another Facility,100,48001125001
34007060001,2938708,Discharge To Another Facility,100,34007071001
39008330013,3017162,Discharge To Another Facility,100,39009219001
20000527001,3031390,Discharge To Another Facility,100,20000168001
51000004004,3068730,Discharge To Another Facility,0,51000002001
37009005001,3147737,Discharge To Another Facility,100,37009001001
41000284002,3207509,Discharge To Another Facility,100,41000284001
39008072030,3357990,Discharge To Another Facility,100,39000084001
36005066001,1220875,Discharge To Another Facility,100,36005042001
36007019001,1221061,Discharge To Another Facility,100,36007002001
36008052001,1221251,Discharge To Another Facility,100,36008060001
36009100001,1221444,Discharge To Another Facility,100,36009101001
27000355001,1231510,Discharge To Another Facility,100,27000353001
48001150003,2874588,Discharge To Another Facility,100,48001150001
44000040001,2929843,Discharge To Another Facility,100,44000022001
16002001001,3135144,Discharge To Another Facility,0,16000009001
51001400099,3216334,Discharge To Another Facility,100,51000126001
09000830001,3369459,Discharge To Another Facility,100,09000331001
39000351010,3509081,Discharge To Another Facility,100,39002128001
26003103009,3509976,Discharge To Another Facility,100,26003103002
39000161011,3516436,Discharge To Another Facility,100,39000166001
39001008102,3517556,Discharge To Another Facility,100,39006125001
39008374012,3521317,Discharge To Another Facility,100,39004977001
24000030012,3534116,Discharge To Another Facility,100,24000031001
54002101001,1094942,Discharge To Another Facility,100,54002102001
54003509001,1095137,Discharge To Another Facility,100,54003508001
54004015001,1095175,Discharge To Another Facility,100,54004005001
17000259001,1113536,Discharge To Another Facility,100,17000260001
20000810001,1130406,Discharge To Another Facility,100,20000810002
20000922001,1130434,Discharge To Another Facility,100,20000924001
29002212003,1133740,Discharge To Another Facility,100,29001183001
26002114001,1088780,Discharge To Another Facility,100,18002060001
25000023001,1092326,Discharge To Another Facility,100,25000002001
54002425001,1094980,Discharge To Another Facility,100,54002405001
33000108001,1100991,Discharge To Another Facility,100,33000088001
36003009001,1220332,Discharge To Another Facility,100,36003019001
36003033001,1220391,Discharge To Another Facility,100,36003059001
36003093001,1220518,Discharge To Another Facility,100,36003095001
36003161001,1220618,Discharge To Another Facility,100,36003169004
36003168001,1220629,Discharge To Another Facility,100,36003169004
36006003002,1220934,Discharge To Another Facility,100,36006005001
36007014001,1221060,Discharge To Another Facility,100,36007002001
36009093001,1221439,Discharge To Another Facility,100,36009101001
31001070001,1230209,Discharge To Another Facility,100,31001825002
37001313001,1236361,Discharge To Another Facility,100,37001301003
41000035001,1238045,Discharge To Another Facility,100,41000031001
48008015013,3047568,Discharge To Another Facility,100,48008015003
29000893010,3071911,Discharge To Another Facility,100,29001009001
20000719004,3075818,Discharge To Another Facility,100,20000412001
20000414001,3149348,Discharge To Another Facility,100,20000404001
21000579001,3403754,Discharge To Another Facility,100,21000280001
06002079001,3480210,Discharge To Another Facility,100,06002058001
36008052004,3491837,Discharge To Another Facility,100,36008046001
06003092001,397897,Discharge To Another Facility,100,06003050001
55009898002,434697,Discharge To Another Facility,100,55009898001
55001310015,434999,Discharge To Another Facility,100,55001310001
55002740000,495195,Discharge To Another Facility,80,55009511001
08000027001,1066831,Discharge To Another Facility,100,08000070001
34001193001,1073357,Discharge To Another Facility,100,34001082001
34003508001,1073672,Discharge To Another Facility,100,34003099001
39002969011,1081068,Discharge To Another Facility,100,39002969018
39005601005,1081300,Discharge To Another Facility,100,39009240001
39007099001,1081509,Discharge To Another Facility,100,39001792001
26004004010,1088997,Discharge To Another Facility,100,26004004001
54002806001,1095037,Discharge To Another Facility,100,54002803001
54004210001,1095212,Discharge To Another Facility,100,54004202001
54004703001,1095259,Discharge To Another Facility,100,54004705001
05000084001,1104921,Discharge To Another Facility,100,05000357001
17000548001,1113825,Discharge To Another Facility,100,17000537001
16000003001,1128548,Discharge To Another Facility,100,16000124001
10000001005,1066391,Discharge To Another Facility,100,10000002001
10000004001,1066429,Discharge To Another Facility,0,10000000002
04000501003,1069361,Discharge To Another Facility,47,04000000135
16000251001,1128769,Discharge To Another Facility,100,16000060001
29001110001,1133391,Discharge To Another Facility,100,29004069001
29001186010,1133510,Discharge To Another Facility,100,29001186001
29001237038,1133604,Discharge To Another Facility,100,29001237044
29001239007,1133612,Discharge To Another Facility,100,29001239003
23000088001,1142526,Discharge To Another Facility,100,23000003001
27000311001,1148135,Discharge To Another Facility,100,27000045001
37007606001,1153620,Discharge To Another Facility,100,37004101002
47000375001,1166033,Discharge To Another Facility,100,47000375002
47003005001,1166260,Discharge To Another Facility,100,47001016001
49000138001,1170486,Discharge To Another Facility,100,49000130001
49000293001,1170622,Discharge To Another Facility,100,49000130001
06002084001,1175341,Discharge To Another Facility,100,06002036001
27000276001,1148114,Discharge To Another Facility,100,27000001001
27003012001,1148269,Discharge To Another Facility,100,27000028001
27008601001,1148442,Discharge To Another Facility,100,27007608001
38000293001,1151533,Discharge To Another Facility,100,38000251001
39003065001,1081083,Discharge To Another Facility,100,39006349001
39006028001,1081427,Discharge To Another Facility,100,39001323001
39008072019,1081596,Discharge To Another Facility,100,39000084001
39008072025,1081599,Discharge To Another Facility,100,39000084001
39008300001,1081615,Discharge To Another Facility,100,39001199003
25000386001,1092567,Discharge To Another Facility,100,25000128001
54001592003,1094836,Discharge To Another Facility,100,54000509001
33000110001,1100993,Discharge To Another Facility,100,33000010001
13000213001,1109250,Discharge To Another Facility,100,13000206001
17000263003,1113539,Discharge To Another Facility,100,17000278001
18004652001,1120387,Discharge To Another Facility,100,18004664001
18004656001,1120390,Discharge To Another Facility,100,18004655001
19000635001,1124009,Discharge To Another Facility,100,19001083001
16000193001,1128717,Discharge To Another Facility,100,16000007001
29001126001,1133406,Discharge To Another Facility,100,29001023019
39000027001,1080449,Discharge To Another Facility,100,39000273001
39000140001,1080564,Discharge To Another Facility,100,39001666002
39006305001,1081444,Discharge To Another Facility,100,39006305501
26000313011,1088461,Discharge To Another Facility,100,26000313001
26000588001,1088608,Discharge To Another Facility,100,26000634001
26000933003,1088654,Discharge To Another Facility,100,26000924001
25000055001,1092358,Discharge To Another Facility,100,25000128001
25000108001,1092405,Discharge To Another Facility,100,25000128001
25000210001,1092495,Discharge To Another Facility,100,25000003001
25000221001,1092506,Discharge To Another Facility,100,25000245001
54000604001,1094744,Discharge To Another Facility,100,54000603001
54003044001,1095080,Discharge To Another Facility,100,54003011001
17000335001,1113603,Discharge To Another Facility,100,17000334001
17000401001,1113667,Discharge To Another Facility,100,17000402006
17000402005,1113672,Discharge To Another Facility,100,17000402001
17000546002,1113823,Discharge To Another Facility,100,17000537009
18000605001,1120203,Discharge To Another Facility,100,18000602001
29001237010,1133578,Discharge To Another Facility,100,29001003023
29003353001,1133948,Discharge To Another Facility,100,29003353002
39003326009,3263529,Discharge To Another Facility,100,39006699001
39005285003,3272431,Discharge To Another Facility,100,39000279001
39002628002,3328576,Discharge To Another Facility,100,39001199007
39008072035,3357996,Discharge To Another Facility,100,39000448001
08000103401,3418396,Discharge To Another Facility,100,08000070001
56000004010,3530156,Discharge To Another Facility,100,56000004001
21000009001,372716,Discharge To Another Facility,100,21000116001
36009084002,407925,Discharge To Another Facility,100,36009084001
36009142001,452483,Discharge To Another Facility,100,36009039001
55000020002,464325,Discharge To Another Facility,100,55000020001
36007249001,504580,Discharge To Another Facility,0,36007029001
34001184001,1073351,Discharge To Another Facility,100,34001347001
34001228001,1073373,Discharge To Another Facility,100,34001082001
34001309001,1073414,Discharge To Another Facility,100,34001090001
34001389001,1073456,Discharge To Another Facility,100,34001053001
34001421001,1073471,Discharge To Another Facility,100,34001005001
34001426001,1073476,Discharge To Another Facility,100,34001030001
34002515001,1073596,Discharge To Another Facility,100,34002066001
34003509001,1073673,Discharge To Another Facility,100,34003080001
34003523001,1073687,Discharge To Another Facility,100,34003079003
34005901001,1073778,Discharge To Another Facility,100,34004014001
34006004001,1073780,Discharge To Another Facility,100,34006012001
34006183001,1073821,Discharge To Another Facility,100,34006039001
34006335001,1073836,Discharge To Another Facility,100,34006012001
39002814001,1081043,Discharge To Another Facility,100,39001370003
06003020001,1175387,Discharge To Another Facility,100,06003044001
06003029002,1175397,Discharge To Another Facility,100,06003012001
34001375001,1073444,Discharge To Another Facility,100,34001093001
34002034001,1073507,Discharge To Another Facility,100,34002065001
34002403001,1073571,Discharge To Another Facility,100,34002065001
34003506001,1073670,Discharge To Another Facility,100,34003079003
34003520001,1073684,Discharge To Another Facility,100,34003314001
34006101001,1073803,Discharge To Another Facility,100,34006012001
34007442001,1073895,Discharge To Another Facility,100,34007229001
39000231001,1080653,Discharge To Another Facility,100,39007343001
39003781001,1081130,Discharge To Another Facility,100,39001666002
39008827001,1081670,Discharge To Another Facility,91,39001792002
39008827001,1081670,Discharge To Another Facility,9,39002142001
25000036001,1092338,Discharge To Another Facility,100,25000004001
54000504002,1094736,Discharge To Another Facility,100,54000509001
17000275001,1113549,Discharge To Another Facility,100,17000269001
18000507001,1120196,Discharge To Another Facility,100,18000506001
18004792001,1120414,Discharge To Another Facility,100,18004791001
18004973001,1120445,Discharge To Another Facility,100,18000061001
29002125001,1133702,Discharge To Another Facility,100,29002028002
29004121001,1134131,Discharge To Another Facility,100,29004120001
23000015001,1142446,Discharge To Another Facility,99,23000001004
39000143001,1080568,Discharge To Another Facility,100,39002591001
39000150001,1080575,Discharge To Another Facility,100,39001666002
39000201002,1080624,Discharge To Another Facility,100,39000308001
39000351002,1080762,Discharge To Another Facility,100,39002128001
26000207001,1088412,Discharge To Another Facility,100,26000214001
26000256001,1088443,Discharge To Another Facility,100,26000254001
26000825001,1088637,Discharge To Another Facility,100,26000727002
26001107001,1088677,Discharge To Another Facility,100,26001112001
25000185001,1092467,Discharge To Another Facility,100,25000033001
25000235001,1092519,Discharge To Another Facility,100,25000067001
25000384001,1092565,Discharge To Another Facility,50,25000073001
50000091001,1094143,Discharge To Another Facility,100,50000061001
54001592001,1094834,Discharge To Another Facility,100,54001501001
33000002001,1100898,Discharge To Another Facility,100,33000100003
01000327001,1102144,Discharge To Another Facility,100,01000256001
13000172003,1109180,Discharge To Another Facility,100,13000172001
48007721001,1184235,Discharge To Another Facility,100,48007064003
48007724001,1184238,Discharge To Another Facility,100,48007723001
48008005001,1184348,Discharge To Another Facility,100,48008045001
48008024001,1184368,Discharge To Another Facility,100,48008047002
51001400044,1193060,Discharge To Another Facility,100,51000261001
56000012001,1194781,Discharge To Another Facility,100,56000001001
42005361001,1196867,Discharge To Another Facility,100,42005016001
55000017001,1206011,Discharge To Another Facility,100,55003810002
55000180081,1206051,Discharge To Another Facility,100,55000180080
55002781010,1206383,Discharge To Another Facility,100,55002781001
55003432001,1206486,Discharge To Another Facility,100,55003970001
24000002002,1214120,Discharge To Another Facility,100,24000001002
24000030042,1214252,Discharge To Another Facility,100,24000030002
36003101001,1220528,Discharge To Another Facility,100,36003091001
36003155001,1220609,Discharge To Another Facility,100,36003169008
36007022002,1221064,Discharge To Another Facility,100,36007011001
36007202001,1221177,Discharge To Another Facility,100,36007189002
36009033001,1221356,Discharge To Another Facility,100,36009089001
39004618001,2806495,Discharge To Another Facility,100,39000546001
39005014001,1081253,Discharge To Another Facility,100,39001666001
39008637001,1081648,Discharge To Another Facility,100,39001370003
06002107001,1175346,Discharge To Another Facility,100,06002120001
53000625001,1180817,Discharge To Another Facility,100,53000776001
53000815001,1180853,Discharge To Another Facility,100,53000365001
53002250001,1181047,Discharge To Another Facility,100,53001620001
48000105006,1182801,Discharge To Another Facility,100,48000105001
48003037001,1183204,Discharge To Another Facility,100,48003033005
48007572001,1184149,Discharge To Another Facility,100,48007064008
48007746001,1184249,Discharge To Another Facility,100,48007064003
42006242001,1197129,Discharge To Another Facility,100,42006247001
55000963030,1206137,Discharge To Another Facility,100,55004420001
20000453001,1130273,Discharge To Another Facility,100,20000425003
17000366002,1113635,Discharge To Another Facility,100,17000366001
18000116001,1120127,Discharge To Another Facility,100,18000105001
19000310001,1123718,Discharge To Another Facility,100,19000175001
19000714001,1124078,Discharge To Another Facility,100,19000270001
16000215001,1128736,Discharge To Another Facility,100,16000006001
23000001005,1142429,Discharge To Another Facility,100,23000001004
27000092001,1147973,Discharge To Another Facility,100,27000001002
27000100001,1147979,Discharge To Another Facility,100,27000001002
27000295001,1148127,Discharge To Another Facility,100,27000045001
37004301001,1153421,Discharge To Another Facility,100,37004306001
37008606001,1153726,Discharge To Another Facility,100,37004501001
